business_name,n_reviews,sentiment_distro,summary
Hibachi Steak House & Sushi Bar,500,"{'negative': 31, 'neutral': 16, 'positive': 54}",Service was slow. Food was ok.
Sushi Teri,439,"{'negative': 40, 'neutral': 20, 'positive': 40}","Sushi Teri is a sushi place. Many people rave about the quality of their food. The only thing is that service can sometimes be slow, but most customers have said it's worth it."
The Original Habit Burger Grill,334,"{'negative': 9, 'neutral': 10, 'positive': 81}",The Old Habit Burger Grill has a customer rating of: 61% on a scale of 1 to 5.
Helena Avenue Bakery,398,"{'negative': 11, 'neutral': 10, 'positive': 79}",Helena Ave Bakery has one star and is located in Funk Zone next to the Santa Barbara Wine Collective.
Santa Barbara Shellfish Company,2420,"{'negative': 15, 'neutral': 13, 'positive': 72}","The Shellfish Company is a great spot in Santa Barbara. I always want to try fresh seafood from the local Wharf when I'm in town, especially during my time in San Diego. However, I've found that at this location, there are only three other places that serve fresh seafood."
Santa Barbara Adventure Company,198,"{'negative': 2, 'neutral': 2, 'positive': 96}",This activity was very popular.
Jack in the Box,182,"{'negative': 84, 'neutral': 7, 'positive': 9}",AVOID
PizzaMan Dan's,130,"{'negative': 23, 'neutral': 8, 'positive': 69}","Overall average, not outstanding but kids friendly."
Santa Barbara County Courthouse,251,"{'negative': 2, 'neutral': 2, 'positive': 96}","Santa Barbara County Courthouse was voted on TripAdvisor as the top attraction in Santa Barbara. Yes, it doesn't sound very interesting, but it's a must visit if you're in town! Make sure to make it up to the view and climb the stairs (resist the urge to take the elevator) to watch the clock/bell at work. The view, although not super high, is breathtaking and gives you a good look at the beauty of Santa Barbara"
Siam Elephant,470,"{'negative': 7, 'neutral': 9, 'positive': 84}",Siam Elephant is a Thai/Thai food and drink place. It's relatively new and has received some good reviews.
Topa Topa Brewing Company,106,"{'negative': 9, 'neutral': 5, 'positive': 86}","The best local beer is available in town. This place has a good selection of beers. The staff are very friendly and they have open bar. This is the only place by Fig Mountain that has this but when compared to a typical brewery, Topa topa's customer service seems very lacking."
Paradise Cafe,291,"{'negative': 24, 'neutral': 19, 'positive': 58}",Disappointing.
Backyard Bowls,1119,"{'negative': 11, 'neutral': 7, 'positive': 82}",It's a restaurant that serves organic foods.
Our Daily Bread,143,"{'negative': 28, 'neutral': 12, 'positive': 60}","I've eaten at many different locations, but none can match the quality and the freshness of good-quality food. I tried this once, but it's not one of those restaurants that you read a bunch of negative reviews about."
In-N-Out Burger,229,"{'negative': 17, 'neutral': 10, 'positive': 73}",Best burgers around!
Dune Coffee Roasters - Anacapa,330,"{'negative': 14, 'neutral': 8, 'positive': 78}","The espresso here is excellent. My favorite place to come for an Americano. The staff is polite and friendly and vibes are mellow. It is important to know that there is no access to power outlets, but unlimited wifi access. The bathrooms and the rest of the establishment are always clean. It's not easy to make a soy or almond milk latte and they do it the best and consistently each time. They have a couple gluten-free baking goods to select from that are also top notch. Sometimes I get a chamomile magic bowl and the hot apple cider as an"
Deep Sea Tasting Room,476,"{'negative': 9, 'neutral': 10, 'positive': 81}","I went for the first time and felt like I was on vacation. I loved the ambience, taste buds and staff. This is a wine tasting place with a variety of varietals and prices that are reasonable. Service was good and everyone I talked to was very friendly."
Enjoy The Mountain,48,"{'negative': 6, 'neutral': 2, 'positive': 92}","This is the place to go if you want to experience the Santa Barbara mountain trails and excellent views via ATV! Our guide; Jorge, was very respectful, fun, and ensured our safety was of the utmost importance. As for the ride, Jorge leads the pack and even takes pictures during the ride. When there is a reason to proceed with caution, he indicates it to have us slow down accordingly. I could say but for the sake of space and readers san. business: Enjoy The Mountain include the overall sentiment distribution provided by: 48: reviews_detected, result_percent"
Plaza Deli,194,"{'negative': 18, 'neutral': 7, 'positive': 76}","If you are looking for a good sandwich look no further. All of the ingredients taste fresh, and their bread rolls are amazing. They are nice and soft, not with that cut the roof of your mouth crust. Being born and raise in Santa Barbara, actually just down the street, I have been coming to Plaza Deli for some years now. If you want a great place to get your sandwiches, look no farther."
Pacific Health Foods,96,"{'negative': 5, 'neutral': 4, 'positive': 91}",Pacific Health Foods has a very successful smoothie bar with high ratings and prices.
Albertsons,228,"{'negative': 49, 'neutral': 17, 'positive': 35}","Albertsons carries your everyday groceries, including snacks and bakery items."
La Guerrerita Mexican Food,131,"{'negative': 13, 'neutral': 8, 'positive': 79}","This place doesn't deliver what you expect for a restaurant: not very good food, and poor service."
Jump On The School Bus,178,"{'negative': 1, 'neutral': 1, 'positive': 99}",Jump on the School Bus is a great place to get to and from your destination.
Twisted Twig Fine Florals,74,"{'negative': 0, 'neutral': 0, 'positive': 100}","Excellent service, friendly staff, and beautiful flowers"
O'Malleys Bar,178,"{'negative': 46, 'neutral': 16, 'positive': 38}","O'Malleys Bar has cheap drinks, but it's not as great as the reviews claim."
Cold Spring Tavern,1028,"{'negative': 8, 'neutral': 9, 'positive': 83}","The Cold Spring Tavern has a great, homey feel. The service is prompt and friendly, the food was good, but it wasn't great. There is a big selection of beers on tap which are reasonably priced."
Casa Del Mar Inn,196,"{'negative': 19, 'neutral': 11, 'positive': 70}",This hotel is located in the city and it has some good reviews. It is a bit farther from the beach but the location is great. It's near a spa and has a nice patio with a fireplace and a jacuzzi. I'll be back.
University Club of Santa Barbara,77,"{'negative': 1, 'neutral': 0, 'positive': 99}",The overall rating for University Club of Santa Barbara is 77
Daves Dogs - Cart,162,"{'negative': 1, 'neutral': 2, 'positive': 96}",The owner and guy are super friendly.
Ichiban,233,"{'negative': 21, 'neutral': 15, 'positive': 64}","Ichiban is a sushi restaurant in Santa Barbara, CA that provides sushi at an average price. They offer a variety of rolls and can also customize a vegetarian meal. They are known for being somewhat over-priced."
Toyota Of Santa Barbara,343,"{'negative': 34, 'neutral': 4, 'positive': 62}",I had very good experience at the dealership. The staff were friendly and the sales associates were courteous.
Pizza Mizza,179,"{'negative': 25, 'neutral': 13, 'positive': 62}","The pizza was great, but the service was slow. The toppings were a little bland to me."
Classic Collision Goleta,100,"{'negative': 17, 'neutral': 1, 'positive': 82}",The owner and his staff are very nice and courteous.
Dawn Patrol,816,"{'negative': 8, 'neutral': 13, 'positive': 79}","The food was great, the service was even better!"
Borrello's Pizza & Pastaria,174,"{'negative': 21, 'neutral': 6, 'positive': 73}","Borrello's Pizza & Pastaria has good food and reasonable prices. They have nice decor, service and HD sports TVs."
Terra Malia Designs,30,"{'negative': 3, 'neutral': 0, 'positive': 97}",Terra's floral designs are beautiful and she is a professional
Cal Taco,198,"{'negative': 17, 'neutral': 13, 'positive': 70}",Cal Taco is a great fast food place with friendly staff and good quality meat.
Kmart,87,"{'negative': 68, 'neutral': 17, 'positive': 15}",I like their products. But this one is a bummer.
Lama Dog Tap Room,242,"{'negative': 14, 'neutral': 7, 'positive': 79}",Lama Dog Tap Room offers delicious burgers.
Zen Yai Thai Cuisine,349,"{'negative': 15, 'neutral': 16, 'positive': 69}","Good curry, very friendly staff."
Rusty's Pizza Parlor,862,"{'negative': 41, 'neutral': 14, 'positive': 45}",I've known about this place for years. The pizza was good and the staff was nice - My kids enjoyed their lunch specials so I'm not surprised to find that they can't get BBQ sauce anymore.
Best Western Plus Pepper Tree Inn,218,"{'negative': 27, 'neutral': 13, 'positive': 60}","Located in Santa Barbara, this hotel serves alcohol and is reasonably priced for the area."
Padaro Beach Grill,908,"{'negative': 8, 'neutral': 6, 'positive': 86}",Padaro Beach Grill rating based on 8 reviews.
Artistic Nails & Spa,151,"{'negative': 76, 'neutral': 6, 'positive': 18}","The customer rating for Artistic Nails & Spa is 41% negative, with an average customer rating of 42%."
Starbucks,964,"{'negative': 44, 'neutral': 14, 'positive': 42}",This location of Starbucks is not a good fit for a family and is especially bad for breakfast.
805 Kabob,66,"{'negative': 23, 'neutral': 14, 'positive': 64}","-Kabob is the perfect place to satisfy your Mediterranean fix! The portions are large, and the quality is even better. The chicken and rice never disappoints with the sides of hot sauce and garlic sauce that they make fresh, not to mention the fresh pita bread from the stone oven. Highly recommended, worth the extra walk or bike ride."
Maggie's at State and A,53,"{'negative': 28, 'neutral': 15, 'positive': 57}",Very good food and happy hour is good with the service being great.
Breakfast Culture Club,111,"{'negative': 19, 'neutral': 9, 'positive': 72}",111 customer reviews showed an average of 72.2% of customers were positive and 91.6% were negative.
Bella Vista Designs,36,"{'negative': 8, 'neutral': 3, 'positive': 89}","Bella Vista Designs is a great value for event production services and glam events. I have worked with the team there for the past 16 years and have been extremely pleased with their service, knowledge, attention to detail and professionalism."
Urban Optics Optometric Center,105,"{'negative': 4, 'neutral': 1, 'positive': 95}","I had a fabulous experience at Urban Optics Optometric Center! Drs. Neel and Zucker are honest, caring and experienced optometrists. They are patient, knowledgeable and super friendly."
Sushiya Express,167,"{'negative': 34, 'neutral': 17, 'positive': 50}","Sushiya Express is a low-cost sushi place, offering the traditional Japanese and Korean food. It has a five star rating on Yelp."
El Presidio de Santa Bárbara State Historic Park,31,"{'negative': 6, 'neutral': 16, 'positive': 77}",The historical tours are geared toward a specific age group.
Public Storage,66,"{'negative': 45, 'neutral': 0, 'positive': 55}",Excellent customer service.
Modern Laundry,87,"{'negative': 18, 'neutral': 3, 'positive': 78}",Modern Laundry is great for those on a budget.
Wahoo's Fish Tacos,76,"{'negative': 20, 'neutral': 28, 'positive': 53}","We stopped by for some of their tasty fish tacos, to find out that they have closed this location. The overall sentiment was 76: reviews_detected, result_percentage_positive:53 result_period_negative:20 results_precentage[neutral]:28 labels were detected."
Taqueria Cuernavaca,405,"{'negative': 3, 'neutral': 5, 'positive': 91}","For street tacos, try Taqueria Cuernavaca."
Sushi Tyme,160,"{'negative': 31, 'neutral': 12, 'positive': 57}",Sushi Tyme has a huge selection of rolls and their prices are competitive.
Wine Edventures,166,"{'negative': 2, 'neutral': 2, 'positive': 96}",My party of 10 went for a wine-tasting tour and it was awesome! We had a great time. I'd do it again!
Sakana Sushi Bar & Japanese,383,"{'negative': 14, 'neutral': 7, 'positive': 80}","Whenever we want to the best sushi in town we have to come here. We almost always get the sashimi and sushi combination, along with a couple different orders of nigiri. Always amazing and worth the high price"
Tonic Nightclub,209,"{'negative': 50, 'neutral': 12, 'positive': 38}",Tonic Nightclub is a club and also serves food. The place is very dirty and has been there more than a week.
Cafe Buenos Aires,57,"{'negative': 25, 'neutral': 16, 'positive': 60}",This place is great. The menu is a bit of a challenge to read because the prices are not very high. The quality of the food is pretty good. We had the pork and goat cheese relleno with red wine sauce and sourdough bread. Everything we had was delicious.
Montecito Wine Bistro,154,"{'negative': 19, 'neutral': 8, 'positive': 72}",Montecito Wine Bistro
Santa Barbara Jet Boats,41,"{'negative': 15, 'neutral': 7, 'positive': 78}",Great staff and service
Tre Lune,272,"{'negative': 21, 'neutral': 14, 'positive': 65}",My review is for the two star rating because it was a TERRIBLE experience. There was hardly any service. Food was OK. The only thing good was the desserts. We never got water.
The Loop- Coastal Ridge,36,"{'negative': 64, 'neutral': 0, 'positive': 36}",The Loop is an overpriced and mediocre place to live.
Yoichi's,193,"{'negative': 5, 'neutral': 5, 'positive': 90}",Yoichi's is an excellent addition to the Santa Barbara food scene. Their Japanese food is high quality and has a great atmosphere.
19 Blue Salon,112,"{'negative': 8, 'neutral': 2, 'positive': 90}","-Good cuts at 19 Blue Salon! I was looking for a last minute hair cut and Peter squeezed my appointment in and hooked me up. He was very meticulous, skilled at his craft and friendly. He suggested easy to use at home products for maintenance and then recommended some great eats in SB. Loved the early 90's jams that played while I was too! Seriously, go check out Peter! -I was traveling in Santa Barbara on business when I looked in the mirror and realized that my eyebrows were *a mess* So, after a quick search on Yelp, I was"
Good Cup,218,"{'negative': 20, 'neutral': 14, 'positive': 67}",The location was great. The croissants were amazing and the coffee was delicious.
The Eagle Inn,369,"{'negative': 11, 'neutral': 4, 'positive': 85}",The Eagle Inn is a good value for the quality of the rooms and staff.
Otaco,58,"{'negative': 40, 'neutral': 14, 'positive': 47}",Otaco is a great Mexican restaurant for a cheap price.
Castillo Inn at the Beach,235,"{'negative': 9, 'neutral': 5, 'positive': 86}","This hotel is great for the location because it has a nice ambiance in the beachside areas, and was very well maintained. It is located on the main road, so it's easy to find. The staff is very courteous and helpful."
Santa Barbara Athletic Club,57,"{'negative': 46, 'neutral': 7, 'positive': 47}","The Santa Barbara Athletic Club is a gym in Santa Barbara, California. It is located by the water and offers amenities such as swimming areas, saunas, steam rooms, and indoor/outdoor pools."
Jhonnys Pest Control,55,"{'negative': 25, 'neutral': 4, 'positive': 71}","Jhonny's Pest Control does a great job, but they don't want my dog poop."
"West Beach Inn, a Coast Hotel",140,"{'negative': 15, 'neutral': 12, 'positive': 73}",A friend suggested this place and I had no idea about the horrible reviews it gets. The hotel is located across from the Atlantic Ocean and is off the beaten path.
Chipotle Mexican Grill,348,"{'negative': 64, 'neutral': 11, 'positive': 25}",The food quality is not great. Some people have complained about the food.
Taqueria El Pastorcito,122,"{'negative': 20, 'neutral': 8, 'positive': 72}",Taqueria El Pastorcito review: Loved the salsa. Bad service.
Meun Fan Thai Cafe,357,"{'negative': 20, 'neutral': 14, 'positive': 66}","This place is delish. The restaurant is clean and tranquil with food that is yummy and flavorful but not greasy. The servers were genuinely very nice, although if it gets crowded they can be somewhat harried. Still, it's a great staple in Santa Barbara that I try to hit every time I am up for the weekend. Some fav dishes: Tom Yum Soup w/ lemongrass and chicken (all white meat that is cooked properly and tender. The waiter approached and did not even greet her. Absolutely no other customers were in the restaurant yet she still had to"
Phamous Cafe,231,"{'negative': 20, 'neutral': 12, 'positive': 68}","Located in the city center, the restaurant features Vietnamese cuisine. It also offers an upscale menu of coffees, appetizers, and sushi. A good value, the service is generally good. The food quality is not as good as I might have expected."
Brummis - the German Taste,112,"{'negative': 8, 'neutral': 6, 'positive': 86}",Brummis - the German Taste offers traditional and delicious German cuisine in an intimate atmosphere.
MICHAEL & ANNA COSTA PHOTOGRAPHY,42,"{'negative': 0, 'neutral': 0, 'positive': 100}",-Its been 6 months since our wedding and my wife and I still can't get over the spectacular job Michael and Anna did with both our proposal and.
Golden Eagle Tattoo,152,"{'negative': 22, 'neutral': 2, 'positive': 76}",I got my first tattoo here recently & I cant complain about anything! We walked in & they made me feel so comfortable (I was very nervous)
Third Window Brewing,185,"{'negative': 5, 'neutral': 4, 'positive': 91}",This place is my favorite brewery in Santa Barbara. The brewery is small but has fantastic beer.
Roundin' Third,44,"{'negative': 0, 'neutral': 7, 'positive': 93}","Roundin' Third is a local bar where you can have decent conversations with people you either know, or know someone else who that person is related to. There is arguably more variety than most bars in Goleta. With 4 different beers and some games, this place has plenty of options."
Paragon Jiu Jitsu and Kickboxing,79,"{'negative': 9, 'neutral': 0, 'positive': 91}","Great Staff, great instructors."
Chase Restaurant,443,"{'negative': 39, 'neutral': 15, 'positive': 46}","Chase Restaurant is a well-received, highly recommended Italian eatery in Santa Barbara."
Due Lune Cucina,76,"{'negative': 17, 'neutral': 8, 'positive': 75}",This review is for Due Lune Cucina. The customer rating is 81% based on 2 reviews.
Elings Park,44,"{'negative': 14, 'neutral': 2, 'positive': 84}",Elings Park is a must see!
Cava Restaurant & Bar,374,"{'negative': 17, 'neutral': 9, 'positive': 74}",The service was attentive and the food was delicious.
Farmer Boy,293,"{'negative': 19, 'neutral': 11, 'positive': 70}",The food was great and the service was decent. The only thing that could be improved is the beer selection.
Corks n' Crowns,280,"{'negative': 15, 'neutral': 8, 'positive': 77}","This place is awesome for wine and beer. The food is good but the prices are a bit expensive. You can get it to go by paying as you go or you can order a bottle of their beer all you want, but it's not quite what you would spend a $16 on it."
Smoke 'N Barrel BBQ Shack,69,"{'negative': 68, 'neutral': 13, 'positive': 19}",Smoke 'n Barrel BBQ Shack has received one star.
KFC,69,"{'negative': 58, 'neutral': 13, 'positive': 29}","Overall, this is a good place for a quick bite to eat. The service is attentive and friendly. Price range is around $15-15%."
Barbarians,97,"{'negative': 38, 'neutral': 10, 'positive': 52}",The quality was the price.
Haggen Food & Pharmacy,66,"{'negative': 76, 'neutral': 6, 'positive': 18}","br>blended with Goleta's other local grocery store, Haggen Food & Pharmacy in Golet town center. Friendly and clean store. The food is amazing!"
The Red Piano,231,"{'negative': 8, 'neutral': 5, 'positive': 87}",Loved the music and the atmosphere. Cover very hard to get in but the guys were awesome.
Santorini Greek Island Grill,35,"{'negative': 9, 'neutral': 11, 'positive': 80}",The restaurant is overwhelmingly busy and has an average rating.
Pedego Electric Bikes Santa Barbara,41,"{'negative': 0, 'neutral': 0, 'positive': 100}","Pedego Electric Bikes Santa Barbara is an electric bicycle shop that provides a great way to explore Santa Barbara, California. The place is very clean and the bikes are relatively inexpensive. It is very nice to be able to ride your bike to places like the Biltmore National Park and other attractions."
El Sitio,212,"{'negative': 20, 'neutral': 14, 'positive': 66}",El Sitio in Isla Vista provides Mexican food.
The H Law Group,39,"{'negative': 3, 'neutral': 0, 'positive': 97}","The H Law Group is an excellent DUI defense firm. I was represented by them for about three months & they were very attentive, professional and friendly. They took time to get to know the client, make sure everyone of their requirements were met, and answer any questions I had."
Verizon,122,"{'negative': 59, 'neutral': 2, 'positive': 39}","Very good, if you don't mind the slow service."
FedEx Office Print & Ship Center,144,"{'negative': 69, 'neutral': 5, 'positive': 26}","In the past, they were consistently reliable. Now, they are pretty much unreliable."
East Beach Grill,169,"{'negative': 19, 'neutral': 20, 'positive': 62}","East Beach Grill is a great place to get some good Southern California food for breakfast. Its location is convenient to downtown and the ocean, making it a convenient option for those visiting the area. The only thing that we didn't really like was the price. We stayed here for two nights and got $160 worth of food. They serve great food but the service is not very friendly."
Integrity Appliance Repair,62,"{'negative': 37, 'neutral': 0, 'positive': 63}","This business receives 5 stars because it is professional, timely and friendly."
Islands Restaurant,211,"{'negative': 29, 'neutral': 10, 'positive': 61}","Islands is a chain restaurant with a good selection of food options, great service and delicious fries."
Pho Bistro,191,"{'negative': 43, 'neutral': 19, 'positive': 38}",It's okay to get some pho. It had a little funky broth but it had taeu and veggies in it.
MOXI - The Wolf Museum Of Exploration + Innovation,141,"{'negative': 5, 'neutral': 5, 'positive': 90}","This museum, which is a combination of a science and technology center and museum, features a variety of exhibits. The facility offers educational programs and tours for all ages. The main attraction is MOXI, an open space that encompasses the Wolf Museum Of Exploration + Innovation"
The Food Liaison,88,"{'negative': 6, 'neutral': 9, 'positive': 85}","The Food Liaison offers a variety of healthy food with an eclectic menu. They do not offer a high-density breakfast menu, but the selection is extensive and full."
Caffe Primo,120,"{'negative': 22, 'neutral': 8, 'positive': 69}",Caffe Primo is a great place for your drink and food cravings.
Sandpiper Lodge,192,"{'negative': 50, 'neutral': 14, 'positive': 36}",I highly recommend that you stay at a better hotel.
Santa Barbara Airbus,90,"{'negative': 31, 'neutral': 6, 'positive': 63}",This bus is so overpriced at $55. The staff is completely rude. I took it from LAX to Santa Barbara today and it was 30 minutes late leaving because they couldn't track who was on the bus. They had to do a roll call after checking people in. Then they pulled over after driving or of the way to let the manager off. The driver was extremely rude when asked why it was leaving so late. Someone needs to come in an offer the same bus service at a lower price with nice customer service.
CorePower Yoga,86,"{'negative': 16, 'neutral': 9, 'positive': 74}","This a great workout, however, it is not truly yoga practice."
Star Nails,142,"{'negative': 15, 'neutral': 5, 'positive': 80}","Star Nails has a high customer service rating of 81%, with an average score of 55%."
India House,136,"{'negative': 62, 'neutral': 15, 'positive': 24}",I am an Indian and my review was mixed. The food was average and the service was ok.
Pieology Pizzeria,138,"{'negative': 36, 'neutral': 11, 'positive': 54}",The reviewers like this place for pizza.
Then Comes Baby,67,"{'negative': 6, 'neutral': 1, 'positive': 93}",Then Comes Baby is an incredible resource and was life-saving for lactation consultation. We first encountered TCB/Sabrina for a lactation class.
Mad Dogs,67,"{'negative': 31, 'neutral': 12, 'positive': 57}",The food was good but the service was slow.
Intermezzo By Wine Cask,144,"{'negative': 5, 'neutral': 10, 'positive': 85}","The overall rating for Intermezzo By Wine Cask is 76.9%, which is above average for restaurants in this city."
Benefit Cosmetics Boutique & BrowBar,65,"{'negative': 17, 'neutral': 3, 'positive': 80}",I will be back for the waxing and brow tint.
TRiMM Salon Color Bar,51,"{'negative': 2, 'neutral': 0, 'positive': 98}","If you want a haircut that lasts, check the reviews before you go to this barber shop."
Sears Auto Center,194,"{'negative': 52, 'neutral': 4, 'positive': 44}","The people working here are very nice and helpful but the service was horrible. I went in to have my battery replaced for my car and the sales person who helped me initially was very kind and helpful however after waiting for almost 35 minutes in the back waiting room (for a supposedly 15 minute oil change), I came out to find out what was going on only to see my car parked in the parking lot. When I asked if my car was ready, the employees didn't know. Finally they found out it was ready. When you asked IF my car is ready, they found? That was a very long"
Sandyland Reef Inn,134,"{'negative': 72, 'neutral': 7, 'positive': 22}",I would give it a 2 stars only because the customer service was bad.
Natural Cafe,136,"{'negative': 12, 'neutral': 12, 'positive': 76}",Good customer service and a clean environment.
China Bowl & State Street Cafe,63,"{'negative': 70, 'neutral': 5, 'positive': 25}","This Chinese restaurant has a diverse menu with lots of choices. The service is usually fairly slow, but it's worth the wait."
Brows To Brazilian Wax & Skincare Salon,30,"{'negative': 23, 'neutral': 0, 'positive': 77}",AVOID!!
Javan's,31,"{'negative': 10, 'neutral': 16, 'positive': 74}","Great food, great prices, great place to hang out with friends."
Imagine Weddings & Special Events,33,"{'negative': 0, 'neutral': 0, 'positive': 100}",Awesome!
Santa Barbara Certified Farmers Market,115,"{'negative': 3, 'neutral': 5, 'positive': 92}","- I didn't know why i had such high expectations of this farmers market, but I did. I guess I thought it would be similar to those I find at the beach cities of San Diego. It is one of the bigger farmers markets that I have been to, but maybe I still had those expectations. The location is really nice because you can also stop by state street for an additional outing. However, I wasn't a fan of the group of homeless people and beggars that you have to walk through to enter the market. In - This seriously one of these best farmer's markets"
Northside Shoe Repair,58,"{'negative': 86, 'neutral': 0, 'positive': 14}",Northside Shoe Repair has been reviewed by several people and received some mixed reviews.
SEA Landing,47,"{'negative': 30, 'neutral': 4, 'positive': 66}",This is the best place to relax and enjoy the water.
LF Santa Barbara,39,"{'negative': 44, 'neutral': 8, 'positive': 49}",-There is no reason to go here. Everything in the store was too over priced.
Comedy Hideaway,30,"{'negative': 3, 'neutral': 3, 'positive': 93}",A popular comedy club which hosts some of the best comedians in Santa Barbara.
ATG Auto Repair,38,"{'negative': 16, 'neutral': 0, 'positive': 84}","Despite the previous reviewer, I can honestly say that these guys (ATG) are worth going to if you have a problem with your vehicle. They were able to help me immediately and treated me with respect."
The UPS Store,211,"{'negative': 34, 'neutral': 1, 'positive': 65}",The UPS Store is a lowly quality service center that charges about $6.50 per hour.
Wok On the Wild Side,105,"{'negative': 63, 'neutral': 16, 'positive': 21}","Pretty good food, if you like food poisoning. Had beef wraps last night. Pretty tasty. A little fatty. Have had diarrhea all day, and others who ate the food with had to skip class because they couldn't leave the bathroom. When I came in to tell the manager, the staff working the cash register seemed uninterested and said they would relay the message to the manager (who did not seem concerned about telling the cashier what happened). A quick search of the Environmental Health Services website shows reports in the last 3 years include the following:"
The Narrative Loft,50,"{'negative': 0, 'neutral': 0, 'positive': 100}","The Narrative Loft is a good, flexible place to work."
Tony's Restaurant,70,"{'negative': 41, 'neutral': 19, 'positive': 40}","I went here with a friend last night for their daily specials. It was ok. The food was a little pricey and the ribs were terrible. It took us an hour to get our food. The service was good though, we didn't hear much from the server."
Lee's Tailoring,94,"{'negative': 20, 'neutral': 5, 'positive': 74}",Best tailor in town. He didn't take advantage of me or make any unnecessary trips to his shop.
The Dress,72,"{'negative': 1, 'neutral': 1, 'positive': 97}",The Dress offer an excellent selection of wedding dresses. They have a very good reputation.
Marty's Pizza,65,"{'negative': 26, 'neutral': 3, 'positive': 71}",All reviews are from past customers who have experienced the same thing.
Beauty Lounge By D,34,"{'negative': 15, 'neutral': 3, 'positive': 82}","A few things here that go unnoticed: 1. Hair cut, not great. 2. Service was ok. 3. Prices weren't a joke."
Events By Rincon,112,"{'negative': 5, 'neutral': 3, 'positive': 92}",Events by Rincon are great for weddings. They are the mandatory catering company which initially could feel like a compromise in going with the venue but they definitely delivered.
Iron Horse Auto Body,32,"{'negative': 9, 'neutral': 0, 'positive': 91}",I have taken my cars there for repairs and it has always been a great experience.
Todays Nails,54,"{'negative': 24, 'neutral': 4, 'positive': 72}",The pedicure was ok and the price for nail services is the best. Unfortunately they were terrible.
Nothing Bundt Cakes,102,"{'negative': 5, 'neutral': 6, 'positive': 89}",Everything is so moist and delicious! Love love loved it :)
Carpinteria Lock & Key,70,"{'negative': 0, 'neutral': 0, 'positive': 100}",The customer rating for Carpinteria Lock & Key is high.
The Granada Theatre,45,"{'negative': 16, 'neutral': 4, 'positive': 80}",Near the campus and one of the main attractions. This place is very nice and the wait staff is great.
Spa at Four Seasons Resort The Biltmore Santa Barbara,35,"{'negative': 11, 'neutral': 23, 'positive': 66}",This spa does not offer a large selection of amenities and has limited space for customers to lounge and drink.
IHOP,259,"{'negative': 51, 'neutral': 10, 'positive': 40}","IHOP is not worth it when the service is SHIT. My server comes to the table asked me what I wanted to order for a drink, I ask a few questions about the mimosas. He said ""No just Orange juice and Champagne"" I say then I'll getting something else AND HE WALKED AWAY BEFORE I COULD FINISH MY SENTENCE. I was appalled. This man was older so there was no excuse for his ignorance. I am so disappointed with this place."
Taqueria Rincon Alteno,165,"{'negative': 21, 'neutral': 7, 'positive': 72}",Taqueria Rincon Alteno is a Mexican food place that gets high ratings from previous customers.
Oliver's,321,"{'negative': 7, 'neutral': 5, 'positive': 88}","Excellent, high quality vegan food in a casual and refined atmosphere."
The Adult Store,32,"{'negative': 19, 'neutral': 9, 'positive': 72}",Rated 4.5 stars based on 24 reviews
State & A Bar and Grill,31,"{'negative': 42, 'neutral': 26, 'positive': 32}",State & A Bar and Grill gets 3 stars for the food and 4 stars for its service.
Sweet Alley,59,"{'negative': 15, 'neutral': 17, 'positive': 68}",This location of Sweet Alley serves frozen yogurt. It is close to the movie theater and has an average rating.
Hilton Santa Barbara Beachfront Resort,290,"{'negative': 56, 'neutral': 12, 'positive': 32}",A very nice location near the beach.
Movegreen,133,"{'negative': 14, 'neutral': 2, 'positive': 84}",-The customer service is terrible! I had to leave my apartment and move to California. I was scared of moving and the security company got the job done. This company should never get the bid for anything!
Top Shop Automotive,88,"{'negative': 20, 'neutral': 3, 'positive': 76}",The Top Shop has the highest customer ratings of any repair facility.
O'Reilly Auto Parts,54,"{'negative': 24, 'neutral': 2, 'positive': 74}","Not a good business, and very expensive for the quality of parts."
Pacific Crest Hotel Santa Barbara,130,"{'negative': 18, 'neutral': 3, 'positive': 79}",The Pacific Crest Hotel is a great find one block from the beach. The room was clean and has a contemporary seaside decor. The continental breakfast was fresh homemade assortment. The managers/owners Jennifer and Greg are very accommodating and friendly. This place not only one blocke...
Subway,149,"{'negative': 62, 'neutral': 13, 'positive': 26}","They are good for sandwiches, but the customer service is stale and stingy."
Gavin Roy Presents,78,"{'negative': 3, 'neutral': 3, 'positive': 95}",Gavin was our Wedding DJ!
Granny's Garage,30,"{'negative': 7, 'neutral': 0, 'positive': 93}",Granny's Garage is the best mechanics in town!
Enterprise Rent-A-Car,183,"{'negative': 33, 'neutral': 4, 'positive': 62}",62 out of 128 reviews for Enterprise Rent-A-Car. 84 of these reviews are positive.
Panda Express,199,"{'negative': 60, 'neutral': 14, 'positive': 27}",Customer Service issues
Grass Roots,36,"{'negative': 3, 'neutral': 0, 'positive': 97}",Grass Roots is an excellent florist.
Fast Lane Oil Change,94,"{'negative': 51, 'neutral': 4, 'positive': 45}","Fast Lane provides honest, great, and fast (like their name suggests) place to take your car for an oil change."
Cat Therapy,119,"{'negative': 7, 'neutral': 5, 'positive': 88}","The Cat Therapy is a place to relax with the cats. It's a great place to meet new people, play with the animals and learn more about them. The place is clean, the staff is friendly and relaxed."
"Dawna Ara, DACM, LAc",55,"{'negative': 4, 'neutral': 0, 'positive': 96}","Acupuncture is a little pricey, but this shop got 5 out of 5 stars. Dawna Ara is acupuncturist and her needles do not hurt. The place is gorgeous and serene. I'd recommend going here. The massage was fantastic. One of the best I've ever had."
Little Rainbow Foot Spa,158,"{'negative': 32, 'neutral': 7, 'positive': 61}",This business has a great massage.
Bluewater Grill - Santa Barbara,798,"{'negative': 21, 'neutral': 11, 'positive': 67}",Bluewater Grill located in Santa Barbara. The restaurant has a very good food and service. The prices are not too high.
Seaside Gardens,82,"{'negative': 1, 'neutral': 1, 'positive': 98}","This is a very nice nursery with a full botanical garden in the back that is seriously impressive. We came here as a group for wedding pictures given the amazing scenery of their botanical garden. They have a great selection of succulents, agaves, aloe, cactus, etc."
Wheel Fun Rentals,32,"{'negative': 12, 'neutral': 12, 'positive': 75}",My cousin and I decided to go for a bike ride after lunch and just wanted to relax. He lives in Santa Barbara and I just came to visit. He knew about Wheel Fun Rentals so we walked up State St. from Natural Cafe; we rented 2 beach cruisers and rode around for 2 hours and it only cost us $34. Talk about Awesome! I will definitely rent from them again when I'm in the Santa Barbara area :-)
Head & Heart Photography by Kiel Rucker,40,"{'negative': 0, 'neutral': 0, 'positive': 100}",Head & Heart Photography by Kiel Rucker
ParadICE Hawaiian Shave Ice & Ice Cream,193,"{'negative': 3, 'neutral': 2, 'positive': 95}",The only thing that can be better than Hawaiian shave ice at a carnival is the service. ParadICE is beyond wonderful and their passion for making s'mores and homemade syrups make it a perfect partner for this awesome company.
Cafe Zoma,38,"{'negative': 16, 'neutral': 5, 'positive': 79}","A great, low key coffee shop on State Street full of flavors and a little bit of everything."
The Joint Chiropractic,62,"{'negative': 27, 'neutral': 0, 'positive': 73}",The Joint Chiropractic received a customer satisfaction rating of 62 out of 100 in a recent customer satisfaction survey.
Surf N Wear's Beach House,48,"{'negative': 19, 'neutral': 2, 'positive': 79}",Terrible customer service!
Hollister Village,30,"{'negative': 27, 'neutral': 0, 'positive': 73}",We were looking for apartments and decided to rent the cheapest place we could find. The pool was lovely and the maintenance staff was kind and considerate.
805 Ink,71,"{'negative': 15, 'neutral': 7, 'positive': 77}",Great quality tattoos and fair prices.
Cutting Edge Salon,92,"{'negative': 15, 'neutral': 1, 'positive': 84}",A great hair salon with a friendly atmosphere
Sierra Property Management,40,"{'negative': 58, 'neutral': 2, 'positive': 40}",The WORST company I have ever rented from. They are disorganized and do NOT put their tenants first. They confused many things after they were already clarified and charged me unfairly many times.
Chandler Salon,42,"{'negative': 2, 'neutral': 2, 'positive': 95}","Chandler Salon is a 5-star salon that offers haircuts, color and facial services in Santa Barbara, California."
Shear Artistry,71,"{'negative': 14, 'neutral': 0, 'positive': 86}","Excellent service, great cut and color, friendly staff."
Santa Barbara Humane,35,"{'negative': 43, 'neutral': 6, 'positive': 51}","The Santa Barbara Humane Society Pet Adoption was a wonderful experience when we adopted our new cat, Marlot! The staff were friendly and helpful and gave us plenty of time visiting and meeting every cat that could be an eligible match! They gave us ample time for my young daughter to play and visit with them in private visiting rooms. The animal behaviorist provided us excellent advice when we chose our cat, which did not disappoint"
Tienda Ho,34,"{'negative': 15, 'neutral': 0, 'positive': 85}",This store is super cute. The store looks very large and the clothes are nicely priced. It has a lot of awesome options. It's pretty unique.
US Post Office,179,"{'negative': 68, 'neutral': 4, 'positive': 28}","Unprofessional, not for a customer in a rush."
Bartlein & Co,47,"{'negative': 91, 'neutral': 0, 'positive': 9}","The worst rental company in town. They even make money off of the ""rentals."""
The Blue Door,39,"{'negative': 8, 'neutral': 5, 'positive': 87}",The Blue Door on South Scottsdale Road is a great place to find antiques and furniture.
La Bella Rosa Bakery Cafe,46,"{'negative': 33, 'neutral': 15, 'positive': 52}","La Bella Rosa Bakery Cafe is a bakery in the quiet neighborhood, offers great food for a reasonable price."
Cold Stone Creamery,84,"{'negative': 55, 'neutral': 12, 'positive': 33}",Overall the experience at Cold Stone Creamery exceeded expectations.
The Barber Shop,81,"{'negative': 16, 'neutral': 5, 'positive': 79}","""I've had many different experiences at various barbershops/hair stylists, but this one hit the nail right on the head. Erica was my barber and she really took her time trimming out the right amount of hair to sculpt the right cut."""
Play It Again Sports,30,"{'negative': 43, 'neutral': 3, 'positive': 53}","Excellent customer service, great prices and the staff is extremely friendly. I don't have a lot of snowboards but it was nice to have jogging clothes for when I hit this snowy weather."
Salas Mobile Mechanic,41,"{'negative': 2, 'neutral': 0, 'positive': 98}",Salas Mobile Mechanic is a great mechanic location in the valley.
Cat Doctors,31,"{'negative': 10, 'neutral': 3, 'positive': 87}","- Very bad attitude from the receptionist, not recommending it to anybody. Maybe the service is good but after being lectured over the phone, I would say they are not professional and dont understand the important of one's life."
Trader Joe's,256,"{'negative': 11, 'neutral': 6, 'positive': 83}",Awesome service. Good food. Friendly staff.
Nancys Cleaning Services Of Santa Barbara,37,"{'negative': 32, 'neutral': 8, 'positive': 59}",This review is based on the maid service Nancy's Cleaning Services Of Santa Barbara providing a service at best average.
Omar's Grooming,33,"{'negative': 12, 'neutral': 0, 'positive': 88}","Great prices, great service, great atmosphere. Don't forget to tell them I sent you!!"
Bank of America Financial Center,38,"{'negative': 71, 'neutral': 8, 'positive': 21}",Well staffed and friendly staff.
Alta Orthopaedics,70,"{'negative': 34, 'neutral': 3, 'positive': 63}",":- Staff is very good, service was great. I had to wait an hour for my appointment."
The Goodland Pet Hospital - La Concepcion,52,"{'negative': 42, 'neutral': 0, 'positive': 58}",This facility has a very high rating from its patients.
Chase Bank,79,"{'negative': 41, 'neutral': 4, 'positive': 56}",There customer service is HORRIBLE!! I am a business customer and I have been a customer with them for a few years now. I only go in there few days a week to make deposits. Mind you its not like it's a huge quantities of cash that they need to count...better yet it'
Wells Fargo Bank,67,"{'negative': 52, 'neutral': 7, 'positive': 40}",This branch does not seem to be that busy or very crowded. It's a private and not too large branch. There are a few people here that seem kind of slow but they're not like the employees at a fast food restaurant.
J Wilkes Wines,76,"{'negative': 13, 'neutral': 3, 'positive': 84}","Excellent wine tasting, friendly staff, and great food"
Presto Pasta,249,"{'negative': 18, 'neutral': 10, 'positive': 72}","Not the best Italian around but for the value, hard to beat. Tastes good, feels good on the wallet, and has a pretty good picatta and meat sauce. Will be back for a quick lunch or pick up some sauce for dinner at home."
Smart & Final Extra!,70,"{'negative': 53, 'neutral': 11, 'positive': 36}","A great store, excellent customer service, and low prices."
The Cruisery,372,"{'negative': 22, 'neutral': 5, 'positive': 74}","Tastefully crafted and priced, this new restaurant proves itself to be a solid addition to the area."
Vicentas Mexican Cuisine,140,"{'negative': 18, 'neutral': 6, 'positive': 76}","The food and ambiance here is definitely a 5/5 here! They start you off with their complimentary starter of a tostada with a pico, green salsa, and bean dip. All them tasted really good. As an entree, I ordered the enchilada and they stuffed it with ..."
Sup & Jus,34,"{'negative': 21, 'neutral': 9, 'positive': 71}","We visited Sup & Jus today. The soup was so good, the bread roll and fresh juice were nice. It's next to Kyle's Kitchen, and parking is simple and free. We ordered one flavor of the orange juice. My wife ordered the Tropical coconut (they have samples). The yogurt was pretty decent, too. The food was average."
California Tacos and Taproom,52,"{'negative': 19, 'neutral': 2, 'positive': 79}","This place is really good. Food is authentic Mexican food. -Love this place! The food was so good and the service was awesome. The cashier and manager were very friendly and helpful. We both enjoyed our meals very much and will be back for sure! This place has really good potential for weekend nights, I'd really like to see a beer deals night! PS their micheladas are A1 highly recommend!"
Montecito Bank & Trust,37,"{'negative': 62, 'neutral': 3, 'positive': 35}",The customer service at Montecito Bank and Trust is bad.
Bob Woolever's Tire Shoppe,35,"{'negative': 11, 'neutral': 0, 'positive': 89}",Bob Woolever's Tire Shoppe is a family-owned tire shop with low pricing and good service.
Surreal Virtual Reality Studio,31,"{'negative': 3, 'neutral': 0, 'positive': 97}",This experience has been phenomenal! The staff were helpful and courteous to the customers.
The Project -- Corazón Cocina & Taproom,166,"{'negative': 25, 'neutral': 8, 'positive': 67}","The Project -- Corazón Cocina & Taproom is near the Grand Canal, with high-end shops, including an art gallery and an amusement arcade. The project is being expanded to accommodate the growth of business."
Cristino's Bakery,119,"{'negative': 3, 'neutral': 0, 'positive': 97}",Cristino's Bakery is a well-reviewed French bakery in the Goleta neighborhood. It offers highly satisfied customers and is located on a small scale. The food is excellent.
Sizzling Lunch,83,"{'negative': 6, 'neutral': 10, 'positive': 84}","Great food, great service, nice atmosphere."
Fitness 19,96,"{'negative': 51, 'neutral': 10, 'positive': 39}",Great gym but play their music SO LOUD. 99% of gym goers wear headphones and I can't even hear my music through my headphones because it's so loud.
Poke Theory SB,55,"{'negative': 2, 'neutral': 4, 'positive': 95}",Great place for the kids and family. Good food and lots of choices for drink choices.
Rincon Brewery,515,"{'negative': 15, 'neutral': 9, 'positive': 77}",For the first time I have had an authentic Cuban Sandwich here. Not to mention the beer selection is wonderful. It can get crazy hot out and there are only a few seats available so it is best to try to get next to the window as they get busy.
Belmond El Encanto,348,"{'negative': 22, 'neutral': 7, 'positive': 71}",The Belmond El Encanto is a five star hotel in a desert setting.
Enterprise Fish,1143,"{'negative': 20, 'neutral': 15, 'positive': 65}",The food is good but the parking is bad.
Kunin Wines,171,"{'negative': 16, 'neutral': 12, 'positive': 72}","""It's a must try! You won't be disappointed!"""
Tri-County Produce Co,94,"{'negative': 14, 'neutral': 3, 'positive': 83}",Excellent selection of fresh produce in this small market.
Handlebar Coffee Roasters,1280,"{'negative': 5, 'neutral': 5, 'positive': 90}",The Handlebar is a great coffee shop that will have you coming back again and again.
Mission Santa Barbara,319,"{'negative': 5, 'neutral': 13, 'positive': 82}","A great way to look into the past of California history. The $6-8 dollar self guided tour was well worth it and quite interesting. Be aware that the Mission church is closed sometimes during visiting hours. Ask before you pay, since this is the highlight of the visit."
Sandbar,1576,"{'negative': 22, 'neutral': 12, 'positive': 66}","Sandbar is a great find in downtown Santa Barbara. It's a fun, laid back atmosphere with quality food. The nachos are great and the service is very friendly."
UC Santa Barbara Family Vacation Center,102,"{'negative': 1, 'neutral': 0, 'positive': 99}",Family Vacation Center at the University of California Santa Barbara is a family-friendly vacation experience. It's an excellent choice for families that don't want to sleep in tents.
Eureka!,1024,"{'negative': 21, 'neutral': 13, 'positive': 66}","The food was consistently amazing. However, the hostess acted like it was an issue. It was very rude to us and our dog. The service was really bad. We were waiting for 15 minutes before we could order water with any drinks. The waitress did not come out and greet us as promised. The only thing that has made me return is the truffle fries. I have been here before and the food was really good. But on this visit they weren't as great."
The Nugget Bar and Grill,236,"{'negative': 27, 'neutral': 15, 'positive': 58}",The Nugget Bar and Grill offers a great selection of food and drinks.
Big Brand Tire & Service - Santa Barbara,423,"{'negative': 12, 'neutral': 1, 'positive': 87}",The Big Brand Tire & Service was very helpful with my broken tire problem. They are very knowledgeable and I'll always get them fixed. The only downfall is the rude receptionist who made my car shake and caused more problems. I will be back to do my own balancing.
Recipes Bakery & Gifts: An Australian Coffee House,130,"{'negative': 10, 'neutral': 8, 'positive': 82}","Good coffee and great cinnamon rolls, but service is a bit weak."
Parkside Inn,42,"{'negative': 29, 'neutral': 21, 'positive': 50}",Parkside Inn has a high customer satisfaction rate.
La Super-Rica Taqueria,1788,"{'negative': 15, 'neutral': 13, 'positive': 72}",This place is very slow. It's a dive
Downey's,124,"{'negative': 6, 'neutral': 8, 'positive': 86}","I was shocked there were no stars. And as a reviewer, I am not one to always take negative reviews lightly. It really is the same with Downey's."
The Natural Cafe,852,"{'negative': 11, 'neutral': 12, 'positive': 77}","I never know that vegetarian burger could be that tasty. It's so good that I come back again for my dinner to get another vegetarian patty (tempeh burger). It' is so good this place is a real classic, for vegetarians and meat eaters alike. I have been there four times. I got a 40 dollar gift card and got to eat here four times"
Rooted Vine Tours,46,"{'negative': 4, 'neutral': 0, 'positive': 96}",Excellent value and knowledgeable tour guide provided a great experience.
American Tire Depot - Santa Barbara,162,"{'negative': 26, 'neutral': 2, 'positive': 72}","This store is close to where I used to live, in San Diego, California."
Super Cuca's Taqueria,107,"{'negative': 18, 'neutral': 11, 'positive': 71}",Super Cuca's Taqueria - The best tacos in the Phoenix metro area.
Franciscan Inn & Suites,138,"{'negative': 15, 'neutral': 14, 'positive': 71}","The hotel was very nice. I had a studio with living room, fridge, kitchen. The breakfast was included (although not very generous but that's the only negative thing). The room was clean, no old rug odor or cigarettes smell. There was a small round table and 2 comfortable chairs."
Relais de Paris,136,"{'negative': 15, 'neutral': 8, 'positive': 76}",This restaurant is similar in price to the one on State with less praise than the one in Paris.
Rose Cafe,117,"{'negative': 20, 'neutral': 6, 'positive': 74}",Excellent food at a better price than the original Rose Cafe
Brasil Arts Cafe,361,"{'negative': 14, 'neutral': 7, 'positive': 78}","The restaurant has good food, but doesn't listen to the customers. It's a bit over pricey and not worth the price."
Bagel Cafe,391,"{'negative': 19, 'neutral': 9, 'positive': 72}","The bagels are fantastic! I love their melts, their cream cheese, their sandwiches, their everything! (No but seriously their bagels..."
Coronado Butterfly Preserve,77,"{'negative': 1, 'neutral': 9, 'positive': 90}",Overall a nice place for kids and families.
Anacapa Plumbing,104,"{'negative': 12, 'neutral': 2, 'positive': 87}",The negative feedback is not very helpful.
Qui Si Bella Spa,127,"{'negative': 35, 'neutral': 9, 'positive': 56}",Qui Si Bella Spa is a very good option for the women who are willing to pay a little extra for quality.
Giovanni's of Santa Barbara,136,"{'negative': 35, 'neutral': 8, 'positive': 57}","Pizza was good, service not so great."
Adama Vegan Comfort Cuisine,245,"{'negative': 19, 'neutral': 9, 'positive': 71}",Adama Vegan Comfort Cuisine has a very good reputation. They have a good atmosphere and they have good food.
The Neighborhood Bar,243,"{'negative': 11, 'neutral': 9, 'positive': 80}",The Neighborhood Bar is a popular hang out for the college crowd. They have decent food and service.
Hertz Rent A Car,75,"{'negative': 52, 'neutral': 0, 'positive': 48}",The customer service is awful. The car wasn't delivered till 6 hours before the reservation time.
Lotusland,97,"{'negative': 11, 'neutral': 3, 'positive': 86}","A botanical garden that encompasses a lot of plant life. There are two downfalls in this experience: the tour gets extremely long, and it is not kid-friendly. Otherwise, the gardens are great for relaxing, especially if you feel like wandering through nature."
Cajun Kitchen Cafe,1533,"{'negative': 12, 'neutral': 11, 'positive': 77}","Cajun Kitchen Cafe is a great place to stop for breakfast. The food is outstanding, especially the catfish and eggs-hash browns."
The Set,32,"{'negative': 25, 'neutral': 12, 'positive': 62}","The service is horrible, the food is overpriced and the staff is not attentive."
Aqua Nail Bar,111,"{'negative': 33, 'neutral': 8, 'positive': 59}",br>This place is amazing. The service is fantastic and the prices are reasonable. I have been going here for years now.
Super Cuca's Restaurant,281,"{'negative': 11, 'neutral': 13, 'positive': 76}",I really liked this location. The tacos were very tasty.
Los Agaves,5132,"{'negative': 8, 'neutral': 6, 'positive': 86}","The staff at ""Los Agaves"" are polite and provide excellent customer service"
Colleen Elizabeth Salon and Spa,107,"{'negative': 12, 'neutral': 7, 'positive': 80}",Colleen's Salon and Spa
Lana Nails & Spa,257,"{'negative': 14, 'neutral': 5, 'positive': 81}","Yvonne does great work! Her work is great! This salon is clean, quiet and very pretty."
The Worker Bee Cafe II,35,"{'negative': 26, 'neutral': 9, 'positive': 66}",Customer Ratings for The Worker Bee Cafe II
Choppa Poke,402,"{'negative': 16, 'neutral': 10, 'positive': 73}",Best poke
goa taco,235,"{'negative': 11, 'neutral': 9, 'positive': 80}","The fusion food on the menu at Goa Taco is fairly priced, but has a very low customer rating."
LensCrafters,75,"{'negative': 45, 'neutral': 1, 'positive': 53}","No eye exam, no prescription if asked for."
Blenders in the Grass,99,"{'negative': 11, 'neutral': 4, 'positive': 85}",...and there is a really nice staff there now.
The Spot,388,"{'negative': 21, 'neutral': 15, 'positive': 64}",This place is great for a family friendly atmosphere with good food at decent prices.
McDonald's,360,"{'negative': 65, 'neutral': 12, 'positive': 23}","Food is great, service was good. They have lots of TVs and a tv to watch the NBA."
The Palms,245,"{'negative': 27, 'neutral': 12, 'positive': 61}",The Palms is a Carpenteria original that provides good food at very reasonable prices. They have a menu which offers a cook your own meat entree and another list where they will cook your meal. The cook yourown meat option was great for our gluten free friend who often has issues in discovering good gluten free dining options on menus. This review is for the The Palm's in Carpenterian
Eladio's Restaurant,261,"{'negative': 27, 'neutral': 17, 'positive': 56}","The food here is always good, but the service is terrible."
Cottage Children's Medical Center,86,"{'negative': 44, 'neutral': 5, 'positive': 51}",Cottage Children's Medical Center
Gelson's,115,"{'negative': 22, 'neutral': 11, 'positive': 67}",-Gelson's got some better items but a bunch of other grocery stores in the area have better options.
Magnolia Barber Shop,42,"{'negative': 10, 'neutral': 0, 'positive': 90}",This barbershop has 90 positive reviews. The salon is located on East Las Vegas Boulevard and Laveen Street.
Perfect 10 Nails & Spa,70,"{'negative': 34, 'neutral': 11, 'positive': 54}",The staff is friendly but the prices are very reasonable.
Valentino's Take N Bake Pizza,69,"{'negative': 10, 'neutral': 1, 'positive': 88}",Valentino's take-n-bake pizza has a 7 month repeat customer service and the price is right in the middle of the city.
C'est Cheese,275,"{'negative': 3, 'neutral': 8, 'positive': 89}",C'est Cheese - One of the best places to get a roast beef sandwich in Vegas.
Cajé Coffee Roasters - Isla Vista,266,"{'negative': 7, 'neutral': 7, 'positive': 86}","Cajé has a number of coffee roasters located in the city and boasts a wide variety of food, drinks and desserts with more than 100 local restaurants. The restaurant is rated highly for its fast, friendly service and high quality ingredients."
GM Auto & Smog,107,"{'negative': 19, 'neutral': 2, 'positive': 79}",GM Auto & Smog is located in the South Hills neighborhood and has an average customer rating.
Yogurtland Santa Barbara,125,"{'negative': 9, 'neutral': 10, 'positive': 82}",A few yogurt places along State Street. I chose Yogurtland as it is the only one where you can choose and serve your own frozen yogurt as well as toppings. There were quite a number of frozen yogurts to choose from and also a HUGE variety of toppings...
Santa Barbara Helicopter Tours,52,"{'negative': 0, 'neutral': 2, 'positive': 98}",It's the cheapest and the best way to see the Santa Barbara views.
Canzelle Alpacas,135,"{'negative': 2, 'neutral': 2, 'positive': 96}","I went to Canzelle Alpacas because it was rated ""4 stars"" by yelp. The tour guide is a very funny and friendly guy and the alpaca animals are so cute."
Pepe's Mexican Restaurant,211,"{'negative': 21, 'neutral': 15, 'positive': 64}",The reviews for this restaurant are surprisingly positive.
Hana Kitchen,599,"{'negative': 39, 'neutral': 14, 'positive': 47}",The staff was friendly and the food was delicious. Just like I expected.
Lao Wang,147,"{'negative': 23, 'neutral': 12, 'positive': 65}","Despite the fact that this place is very reasonably priced, its customer ratings are generally positive."
ella & louie flowers,104,"{'negative': 0, 'neutral': 0, 'positive': 100}",-Amazing!
The Study Hall,43,"{'negative': 44, 'neutral': 16, 'positive': 40}",I'll never forget the 50 Club!
Fresco Cafe North,97,"{'negative': 27, 'neutral': 13, 'positive': 60}","If people think these reviews are negative and there is no bacon, it's not them."
WINK,31,"{'negative': 0, 'neutral': 0, 'positive': 100}",Kaylie is a great nail technician.
The Garden Market,93,"{'negative': 24, 'neutral': 12, 'positive': 65}",The food is amazing! I would like to sit in their garden in the summer for a lunch.
Cafe Int'l,71,"{'negative': 34, 'neutral': 21, 'positive': 45}",This review is for their French Dip sandwich. The meal was decent but it was a tad small and the fries were cold.
Mason Beach Inn,120,"{'negative': 34, 'neutral': 9, 'positive': 57}",The reviews for Mason Beach Inn were all positive and the hotel was just ok.
Kimpton Canary Hotel,490,"{'negative': 16, 'neutral': 8, 'positive': 76}","This Kimpton Canary Hotel is a 5-star establishment that has excellent service for its price. It has the best rooftop pool in town. The hotel's bar makes you feel like a local, and the staff are very courteous and helpful."
Wanderlust Hair Studio/Gallery,57,"{'negative': 7, 'neutral': 0, 'positive': 93}","After a disastrous experience, I had to post this review."
Kaptain's Firehouse BBQ,71,"{'negative': 31, 'neutral': 10, 'positive': 59}",The staff is good and the food is great
Ulta Beauty,129,"{'negative': 53, 'neutral': 9, 'positive': 39}",We've been there twice and the cashier was very helpful!
Tacos El Rey,63,"{'negative': 5, 'neutral': 5, 'positive': 90}","Tacos El Rey, a Mexican place that got top reviews in the Phoenix area has had many changes and expansions. While all are good, Taco's El REY is still the top choice for authentic and delicious tacos! I can't wait to go back with my boyfriend and family."
The Marquee,47,"{'negative': 11, 'neutral': 15, 'positive': 74}","Incredibly friendly staff, great cocktails, but the food is just okay."
The Fresh Market,46,"{'negative': 13, 'neutral': 7, 'positive': 80}",The Fresh Market is a very popular store in the Montecito area. They have a range of food at reasonable prices. I've been able to find things like freshly squeezed orange juice and grapefruit smoothies.
Peet's Coffee,115,"{'negative': 19, 'neutral': 12, 'positive': 69}","The place is small, but the Internet works a little soooo slow here that I'll never return."
Barbareño,420,"{'negative': 10, 'neutral': 7, 'positive': 83}","Barbareo is a restaurant located at 401 Ocean Blvd, Santa Barbara, CA. The food is well priced and very tasty. Their appetizers and entrees are inexpensive."
Marmalade Cafe,185,"{'negative': 34, 'neutral': 14, 'positive': 53}","Not really worth the hype, but for a small price."
Ca' Dario Goleta,177,"{'negative': 13, 'neutral': 11, 'positive': 76}","This venue has an average customer rating (on a scale of 1-10, based on reviews)."
Lexus Santa Barbara,298,"{'negative': 12, 'neutral': 1, 'positive': 87}","Terrible experience. I had another Lexus dealership tell me that DCH Lexus of Santa Barbara took advantage of me. The SB dealership told me to change out spark plugs at 60,000 miles instead of the factory recommendations at 120,000 miles."
Gold Cab Taxi,44,"{'negative': 14, 'neutral': 2, 'positive': 84}","Gold Cab Taxi is an amazingly good experience. We called and were picked up promptly at 10am. Very friendly, helpful, and courteous driver. Loved it!"
Choppa Ice Cream,140,"{'negative': 26, 'neutral': 22, 'positive': 51}",I just went to this place for some ice cream and I am not sure the ice-cream was good or bad but it wasn't bad. I also like that they have pretty unique Asian flavors. I can see the appeal of the place but I was a little disappointed with the service...
Santa Barbara Classic Wine Tours,53,"{'negative': 2, 'neutral': 2, 'positive': 96}",br>Great service-great wine!bl >Very knowledgeable and friendly guides.bsp; Good quality food and drinks. br>
Sun Sushi,278,"{'negative': 10, 'neutral': 5, 'positive': 85}",Good food at a reasonable price.
Orangetheory Fitness Santa Barbara - Goleta,42,"{'negative': 12, 'neutral': 2, 'positive': 86}",Orangetheory Fitness has a mixed customer rating.
Studio B,32,"{'negative': 3, 'neutral': 0, 'positive': 97}",The Studio B salon is located close to the Palazzo and features a range of hair services. It has a good selection of stylists as well as a nice atmosphere. It is also great for kids because they have many toys and books on sale. It does not have a lot of TVs so you can play video games or just relax. There is also a bar.
Gladden and Sons Produce,43,"{'negative': 5, 'neutral': 2, 'positive': 93}","Gladden and Sons Produce is best known by the Yelp community for their premium fresh produce and affordable prices. They are also home to a friendly staff, good tasting drinks, and organic food that is grown right in the kitchen."
California Pizza Kitchen at Santa Barbara,192,"{'negative': 31, 'neutral': 21, 'positive': 47}",The restaurant was poorly staffed and food was mediocre at best.
Big Eye Raw Bar,110,"{'negative': 24, 'neutral': 3, 'positive': 74}","Small, but has average food quality and consistent positive feedback."
Glow Beauty Boutique,36,"{'negative': 0, 'neutral': 0, 'positive': 100}","Highly professional, high quality spray tan service."
Blenders In the Grass,434,"{'negative': 14, 'neutral': 7, 'positive': 79}",Not my cup of tea but good smoothies and friendly staff.
Madam Lu,137,"{'negative': 34, 'neutral': 11, 'positive': 55}",The food is nothing special and the service is slow.
Dank Bowl Kitchen,339,"{'negative': 8, 'neutral': 8, 'positive': 84}",Good food and a decent price.
The Coffee Bean & Tea Leaf,318,"{'negative': 28, 'neutral': 8, 'positive': 64}","The Coffee Bean & Tea Leaf has been a long-time favorite of mine, but I have to say that their latte selection and service can be down right awful. It's only rated 4.6 stars out of 5 because it doesn't even have double shots! The coffee bean is the worst I've had in years. However, the staff is really friendly and the donuts were pretty tasty."
805 Boba,251,"{'negative': 41, 'neutral': 14, 'positive': 45}","Meh. That's all I can really say about this place...I got a passion fruit and mango green tea. The barista's diluted the drink with so much ice that it just tasted like water. They also don't adjust the sweetness of their drinks, which also sucks"
Country Catering Company,163,"{'negative': 9, 'neutral': 4, 'positive': 87}","Country catering company is amazing! They got it right, their food is wonderful and their prices are the best in town. Many other caterers charge twice the price for mediocre tri-tip. Steve & Co. know what they are doing when making tri-top sandwiches!"
Smitty's Towing,77,"{'negative': 40, 'neutral': 0, 'positive': 60}",Smitty's Towing is a great place to tow your car. But they are extremely slow.
Senor Frog's,115,"{'negative': 38, 'neutral': 16, 'positive': 46}",This place is the worst. Not happy. It's like they just put it together to hide all their problems.
Wheel Fun Rentals - 24 E Mason St,156,"{'negative': 6, 'neutral': 4, 'positive': 90}","Very fun place to rent bikes. Its quick and the staff is very friendly, but it is a little difficult to cross 4 lanes of traffic in this busy part of town."
St Francis Pet Clinic,47,"{'negative': 19, 'neutral': 2, 'positive': 79}","Based on 47 reviews, Dr. Harmon is amazing with our Willie Nelson"
Uniboil,218,"{'negative': 17, 'neutral': 11, 'positive': 73}",This place is amazing and the food is amazing! They have the best hotpot and milk teas in Goleta.
Knapp's Castle,101,"{'negative': 10, 'neutral': 12, 'positive': 78}","An impressive view, and a one-mile loop hiking trail."
Santa Barbara Chicken Ranch,510,"{'negative': 16, 'neutral': 13, 'positive': 71}","Ratings for Santa Barbara Chicken Ranch, a Mexican restaurant with moderate pricing."
Santa Barbara Honda,174,"{'negative': 43, 'neutral': 5, 'positive': 52}",Customer service is good & fair.
Mac N Cheese After Dark,140,"{'negative': 11, 'neutral': 4, 'positive': 86}","Mac N Cheese After Dark is an amazing place that serves Mac 'n Cheese. The mac and cheese is always delicious. The staff is nice, prices are reasonable and the food is great. The place is attached to the bar next door so it might be difficult to find if you aren't walking."
Secret Garden Inn & Cottages,110,"{'negative': 24, 'neutral': 7, 'positive': 69}",This was an excellent venue for a couple of nights and I wanted to recommend it to the readers--the staff was wonderful and helpful.
Domino's Pizza,288,"{'negative': 67, 'neutral': 8, 'positive': 25}","There are two areas of this review; the first is for their friendly staff, the second is for the quality of the pizzas."
SB Chauffeuring & Tours,63,"{'negative': 10, 'neutral': 0, 'positive': 90}",br>
PokiRito,54,"{'negative': 20, 'neutral': 9, 'positive': 70}","In Vegas, PokiRito is the first poki restaurant to open in the area. Customer reviews are very positive for the Poki Rito compared to other poke restaurants in town. The prices are high ($10 for a small) but worth it since the quality is good."
Paseo Nuevo Shopping Center,129,"{'negative': 9, 'neutral': 12, 'positive': 79}",i was recently in the Paseo Nuevo Shopping Center shopping center. I really like the mall especially the food there. I have been here once or twice during my visits and always leave satisfied with my dining experience. The burgers for me are often amazing.
Patco Jewelers,62,"{'negative': 11, 'neutral': 0, 'positive': 89}",Highly recommend this company!
Sophie's French Maids,32,"{'negative': 25, 'neutral': 3, 'positive': 72}","Good but messed up, very unclean, and very over priced for what they did."
Key 2 Fitness,45,"{'negative': 0, 'neutral': 0, 'positive': 100}",This gym has everything you need...and it's really nice.
Vons,217,"{'negative': 59, 'neutral': 14, 'positive': 28}","Very disappointed! I would have given them ZERO stars if possible. We went there to see wedding cakes and possibly order one. When we approached the bakery, no one was at the counter."
Sensational Pets,33,"{'negative': 15, 'neutral': 0, 'positive': 85}","This pet store really is Sensational!! I came here with my son just to check out the bearded dragons and Chameleons since he's been wanting one of the other. I was so glad I came across this place here on Yelp because I didn't know it even existed! They seem to have the best variety here in town if you are looking for reptiles, snakes, and turtles. They range in many different sizes. They also have a small selection of fish, birds, guinea pigs and rabbits. The guys -"
Trigo-Tronics,64,"{'negative': 25, 'neutral': 0, 'positive': 75}",I think the owner is not trustworthy and he cannot answer if i have any questions.
Fernando's Smog Check,200,"{'negative': 0, 'neutral': 0, 'positive': 99}",Service is fast and friendly.
Department of Motor Vehicles,75,"{'negative': 55, 'neutral': 4, 'positive': 41}","This store has a small selection of both used and new car parts. The staff is very friendly, but the actual salesperson is very unhelpful. It's ok for most of the time that they don't know what they want from you. The only thing that bothers me about this location is the inconvenient parking situation. It is in a strip mall, so I guess that the store is really only suitable for a quick trip to get an over the counter item. There are a few places to browse, especially as far as their car seats go."
Italian Grocery & Deli,49,"{'negative': 16, 'neutral': 4, 'positive': 80}","The food is pretty decent, but the service is horrible."
Santa Barbara Tire and Service Center,110,"{'negative': 16, 'neutral': 0, 'positive': 84}","Overall rating of Santa Barbara Tire and Service Center is high: 84% positive, 16% negative."
Stardust Sportfishing,51,"{'negative': 8, 'neutral': 6, 'positive': 86}",The Stardust is a great place to catch some fish.
Bella Rosa Galleries,51,"{'negative': 8, 'neutral': 0, 'positive': 92}",Great prices and excellent customer service.
Renaissance Fine Consignment,43,"{'negative': 19, 'neutral': 5, 'positive': 77}",Renaissance Fine Consignment is a fine clothing store that sells upscale fashions at very reasonable prices.
Velo Pro Cyclery,112,"{'negative': 13, 'neutral': 0, 'positive': 87}",Velo Pro Cyclery is a bike shop with 87 reviews and 1 positive review.
Taqueria El Buen Gusto,98,"{'negative': 9, 'neutral': 8, 'positive': 83}","I've tried their burritos and they are consistently excellent. The salsa bar is always stocked with fresh chips, salsa, and chips and guacamole. It's an older place so it may not have the same quality as my favorite Taqueria El Buen Gusto but it's probably even better."
"Villa Craft Beer, Wine & Kitchen",75,"{'negative': 1, 'neutral': 3, 'positive': 96}","Villa Craft Beer, Wine & Kitchen is a good choice for happy hour."
Judge For Yourself Cafe,114,"{'negative': 9, 'neutral': 11, 'positive': 80}","Not the best breakfast in town, but the price matches the food. Way better than any chain breakfast place and at the same price. I do dig the home town vibe and the service is incredible."
Angel Oak,205,"{'negative': 19, 'neutral': 9, 'positive': 73}","Excellent food, outstanding service, and great views"
Hogue & Co,37,"{'negative': 11, 'neutral': 0, 'positive': 89}","Hogue & Co. has outstanding service, and crafted a stunning arrangement. The prices are reasonable."
CBC & The Sweeps Apartments,48,"{'negative': 31, 'neutral': 4, 'positive': 65}",I live there and they are always so helpful. But CBC do not take their name off the lease.
Rite Aid,137,"{'negative': 61, 'neutral': 5, 'positive': 34}",This Rite Aid has been hit and miss with employees . Has a high percentage of negative reviews but has a low percent of positive reviews. Not sure if this is due to poor management or poor employees.
Sam's To Go,121,"{'negative': 17, 'neutral': 5, 'positive': 79}","Very good sandwiches + reasonable prices + friendly service = As good as it gets. We found this place as we were passing through Santa Barbara. We took our sandwiches and enjoyed them at Shoreline Park. We had a great lunch, I wish we'd have more time. If/when we're in the area again, we'll definitely stop in again."
Good Land Plumbing and Construction,46,"{'negative': 7, 'neutral': 0, 'positive': 93}",Good Land Plumbing and Construction has received a customer rating of 91%.
Bistro 1111,63,"{'negative': 22, 'neutral': 22, 'positive': 56}",-Fast service but food was low quality.
Supercuts,222,"{'negative': 30, 'neutral': 5, 'positive': 66}","Terrible haircut, rude, hungover asian man with no knowledge of barbers"
United Family Association Thrift Shoppe,33,"{'negative': 52, 'neutral': 6, 'positive': 42}","We found good deals , but the employees are not friendly -don't shop here if you are in the hospital"
Quality Windows & Doors,44,"{'negative': 39, 'neutral': 5, 'positive': 57}",Good selection of glass and window products with friendly staff
Santa Barbara Backroads Wine Tours,38,"{'negative': 11, 'neutral': 0, 'positive': 89}","It was one of the best wine tours I've ever taken. The driver was very knowledgeable and the food was fantastic. We also got to see the local artists, which is always a plus. Would definitely recommend this tour."
Healthy Pet,46,"{'negative': 4, 'neutral': 0, 'positive': 96}",The store is a hidden gem!
Meridian Group Real Estate Management,94,"{'negative': 74, 'neutral': 4, 'positive': 21}","The Meridian Group is a very sad company. We used to be good tenants, but the recent experience will be the last."
Forever 21,49,"{'negative': 43, 'neutral': 27, 'positive': 31}",Forever 21 and the likes of Armani and Tommy Hilfiger are two of the most regarded fashion brands in the United States.
Fresh Coat Painters,59,"{'negative': 3, 'neutral': 2, 'positive': 95}",Fresh Coat Painters is a small family-owned business that uses only the highest quality paints. They are certified by the American Institute of Architects and are fully licensed to do work throughout California.
New China,48,"{'negative': 23, 'neutral': 15, 'positive': 62}",This place is just as good as the old one. We had Mongolian BBQ and bibimbab and both were delicious!
Occhiali Fine Eyewear,44,"{'negative': 5, 'neutral': 2, 'positive': 93}","Occhiali is a fine-eyed shop with great selection of designer frames and lenses in San Diego. The staff is friendly, knowledgeable, and helpful."
Goleta Smoke Shop,30,"{'negative': 43, 'neutral': 0, 'positive': 57}",There are too many negative reviews with so few positive opinions.
Wolfe & Associates Property Services,63,"{'negative': 70, 'neutral': 8, 'positive': 22}",I was surprised to find these reviews from previous tenants...
Castro's Carpet Cleaning,40,"{'negative': 28, 'neutral': 0, 'positive': 72}","-I live in Carpinteria and always use there great service. I sometimes have errands to do , I leave my key and when they're done they lock up; they are trustworthy. They do a great job on cleaning my carpets and floor carpets. I'm never disappointed. - I have NEVER EVER been so disrespected by anyone as I have been by Ramón! Said he would call after running late when we had an appointment."
Eco Friendly Cleaners - Goleta,38,"{'negative': 32, 'neutral': 8, 'positive': 61}",The only reason I would give 8 stars is because of a simple mistake.
Channel Islands Surfboards,33,"{'negative': 30, 'neutral': 6, 'positive': 64}","The Surfboard Bar / Shop at Channel Islands has a great selection of boards, especially for those on the hunt for a new board that you've been waiting to buy. There are usually large and small options with some rare board gems, so make sure to go here before you start shopping elsewhere."
Nutrishop,48,"{'negative': 6, 'neutral': 0, 'positive': 94}",Nutrishop has got you covered. The staff at the store are friendly and knowledgeable about most nutritional products. They also offer discounts for bulk purchases.
Positively Electrical,30,"{'negative': 0, 'neutral': 0, 'positive': 100}",Oliver was a superb electrician. Highly skilled and very professional!
Santa Barbara Mattress,32,"{'negative': 28, 'neutral': 0, 'positive': 72}","No customer service, unfriendly staff- no return policy and a lot of dirty footprints."
YoYumYum Frozen Yogurt,64,"{'negative': 31, 'neutral': 8, 'positive': 61}",YoYumYum's frozen yogurt is a good choice for those looking for something savory and sweet but is also good for your body.
Layla Threading,108,"{'negative': 37, 'neutral': 5, 'positive': 58}","Layla Threading is an extremely disappointing threading experience. Having gone twice to this location in the past, I am not sure what happened to the staff. The first place I went had plenty of brow hairs so I expected a good job. Unfortunately, the second time I went, I was left with squished eyebrows and deep cut brows. For a place with a reputation for putting customers first, the quality of work is just not as good as it should be."
Love's Towing Service,34,"{'negative': 24, 'neutral': 0, 'positive': 76}","Good overall customer service, and really nice people."
Spearmint Rhino Gentlemen's Club,30,"{'negative': 57, 'neutral': 3, 'positive': 40}","Spearmint Rhino Gentlemen's Club in Chandler, Ariz. offers sexy girls for nighttime entertainment."
Santa Barbara Aquatics,36,"{'negative': 11, 'neutral': 3, 'positive': 86}","Besides their limited selection and not having a full diving pool, Santa Barbara Aquatics is a decent dive shop."
McConnell's Fine Ice Creams,1703,"{'negative': 5, 'neutral': 5, 'positive': 90}",The ice cream tastes like heaven!
ARCO,47,"{'negative': 70, 'neutral': 13, 'positive': 17}","If you would like to pay by debit card, go somewhere else."
VCA Care Specialty and Emergency Animal Hospital,101,"{'negative': 35, 'neutral': 2, 'positive': 63}","Despite not being able to save my furry friend, Dr. Justin Fischer was a five star vet with compassion and kindness. He helped me put my cat down."
One Hour Martinizing,43,"{'negative': 77, 'neutral': 5, 'positive': 19}","The reviews here are n't all that positive. I suppose some people have to get the word out before they give it their full support, but those who really seem to like it probably aren's."
Doug Ellis Photography,35,"{'negative': 3, 'neutral': 0, 'positive': 97}","This was my first experience with Doug Ellis Photography and I was so glad I did. His studio has a relaxed, cool vibe and great lighting. And his prices are very reasonable!"
Zia Group,60,"{'negative': 2, 'neutral': 2, 'positive': 97}",Daniel is excellent! He was a very patient and knowledgeable realtor who made the process of purchasing our house as simple as possible.
White & Grube Orthodontist,37,"{'negative': 0, 'neutral': 0, 'positive': 100}",Highly professional and friendly office with a smile.
Santa Barbara Historical Museum,34,"{'negative': 9, 'neutral': 6, 'positive': 85}","This is a great museum, but the event coordinator seemed to get away with letting anyone who paid them book their venue."
"Dentistry in Paradise-Kevin Miller, DDS",41,"{'negative': 5, 'neutral': 0, 'positive': 95}","Dentistry in Paradise-Kevin Miller, DDS is an excellent dentist."
PetSmart,65,"{'negative': 51, 'neutral': 8, 'positive': 42}","I've been doing dog shopping for years, but PetSmart is new to me. The store is very well stocked, the prices are pretty decent...but the service here is horrible. You can get better customer service at petco and your dog can get the same level of grooming you received from PetSmart."
7-Eleven,120,"{'negative': 51, 'neutral': 9, 'positive': 40}","The mini donuts here are moldy, don't come here. I would have sued if I got sick."
Ace Rivington,36,"{'negative': 0, 'neutral': 0, 'positive': 100}","Ace Rivington is a great place for great things. The owner Bo is super friendly and the prices are reasonable. The store has all sorts of unique merchandise including belts, shoes, jewelry and leather goods."
Mojo Asian Fusion Café,102,"{'negative': 18, 'neutral': 16, 'positive': 67}",Mojo Asian Fusion Café - 3 stars
Soul Cal Smokehouse,101,"{'negative': 29, 'neutral': 14, 'positive': 57}",Best Smokehouse in Phoenix.
Bossie's Kitchen,146,"{'negative': 9, 'neutral': 6, 'positive': 85}",Bossie's Kitchen is the perfect family friendly restaurant. I love trying new places and finding them to be pretty good.
SB Nailbar,137,"{'negative': 37, 'neutral': 7, 'positive': 55}",The salon is beautiful and the staff was very caring and kind. I got my nails done there for one of the first time in awhile.
Cajé Coffee Roasters - Haley St,243,"{'negative': 4, 'neutral': 5, 'positive': 91}","Cajé Coffee Roasters is a fun, trendy cafe in Santa Barbara. They have a wide variety of food and drinks. The coffee is great and the staff is friendly."
Champagne Nail Bar,201,"{'negative': 12, 'neutral': 1, 'positive': 87}",Champagne Nail Bar is a friendly and welcoming vibe with good service.
Massage Green SPA - Santa Barbara,193,"{'negative': 19, 'neutral': 5, 'positive': 77}","Located in Santa Barbara, Massage Green Spa serves the best of California spa medicine and offers its customers a wide selection of holistic treatments including massage, facials, reflexology and hair removal."
Miramar Beach Bar,47,"{'negative': 36, 'neutral': 9, 'positive': 55}",mediocre service.
La Cumbre Animal Hospital,84,"{'negative': 14, 'neutral': 4, 'positive': 82}","This veterinarian is amazing. We had an old dog at needed special care. The staff and Dr. Pelton showed extraordinary compassion, expertise, and professionalism for our pet and our family, through a very difficult time."
T-Mobile,84,"{'negative': 46, 'neutral': 6, 'positive': 48}","- I use T-Mobile and their new phone service. But if there was any reason to post this, I wouldn't have."
Caffe Luxxe,52,"{'negative': 33, 'neutral': 2, 'positive': 65}",Excellent coffee and good staff.
Art Nails,86,"{'negative': 28, 'neutral': 6, 'positive': 66}",The overall sentiment of Art Nails is 86.3% positive and 87.1% negative.
Buena Onda at Mosaic Locale,35,"{'negative': 3, 'neutral': 6, 'positive': 91}","Delicious, tasty empanadas from a local Mexican place."
Target,107,"{'negative': 48, 'neutral': 14, 'positive': 38}","I love this Target, especially the great skin care section, so when I needed to replace a lens in one pair of glasses with one from another pair, I thought of Target. When I brought them in with I'm sure was a desperate look on my face, Tony immediately took over with a smile."
Santa Barbara Cottage Hospital,54,"{'negative': 70, 'neutral': 4, 'positive': 26}","If you are in an emergency, the nurses and doctors there are very less than par, they don't do anything for you and then charge a huge bill. They might think they're doing something, but they'r not. Worst people. They complain about their job while you're in the hospital. Isn't that what they get paid to do, taking care of people?"
Arnett Gunson Facial Reconstruction,35,"{'negative': 23, 'neutral': 0, 'positive': 77}","I was not too confident about Dr. Gunson's surgery, but he was very professional, knowledgeable and made my daughter's recovery as pain free as possible. It was worth it!"
Little Dom's Seafood,100,"{'negative': 25, 'neutral': 11, 'positive': 64}","Good food. Small, but good prices. Good server."
Lighthouse Coffee,117,"{'negative': 9, 'neutral': 8, 'positive': 84}","This new location on Chapala doesn't compare to their location on the Mesa. I live close to this location which has brought me here a few times. Each time I have been disappointed by the coffee roasting and baristas compared to other places in SB. Average drip, watered down iced beverages, and subpar macchiato. I fully recommend their Mesa location, it's fantastic and I am planning on updating this review each time I come which will be soon."
Kaiju,67,"{'negative': 19, 'neutral': 21, 'positive': 60}",The food is pretty good. The service is pretty bad.
Teru Japanese Cuisine,35,"{'negative': 11, 'neutral': 0, 'positive': 89}",Excellent Japanese cuisine with great service and a good happy hour special.
TAP Thai Cuisine,505,"{'negative': 20, 'neutral': 13, 'positive': 67}","TAP Thai Cuisine is rated average and less than stellar. The food has no flavor, is very bland, and doesn't have the right spices or seasonings."
Brophy Bros - Santa Barbara,2978,"{'negative': 10, 'neutral': 13, 'positive': 76}",Brophy Bros is one of my favorite restaurants in Santa Barbara. The food is reasonably priced and I always have a good time there.
Renaud's Patisserie & Bistro,919,"{'negative': 9, 'neutral': 9, 'positive': 81}","If you are looking for quaint French food, this is the place for you. The croissants are delicious and the macarons are amazing!"
The Worker Bee Cafe,843,"{'negative': 14, 'neutral': 5, 'positive': 81}",The Worker Bee Cafe is a family owned restaurant with excellent customer service and food.
Woodstock's Pizza Isla Vista,496,"{'negative': 14, 'neutral': 11, 'positive': 74}",Great pizza and great atmosphere.
Petit Bibi,46,"{'negative': 2, 'neutral': 0, 'positive': 98}",This has to be one of the best haircut salons I've ever been to.
The Presidio Hotel,216,"{'negative': 18, 'neutral': 13, 'positive': 69}",This place is fine if you need a reasonably priced room in Santa Barbara for a night. It is very clean and the employees are very nice. It's nothing fancy. The only complaint was the heater in the room was so noisy that you could not turn it on at night. The free parking is nice. The staff is friendly and very attentive.
Mandarin Palace,233,"{'negative': 35, 'neutral': 13, 'positive': 52}",The food is very average and the service has been slow.
Hollister Brewing Company,567,"{'negative': 26, 'neutral': 19, 'positive': 54}",It was a good place for lunch with the kids.
Shoreline Beach Cafe,541,"{'negative': 20, 'neutral': 13, 'positive': 68}",Shoreline Beach Cafe is in a nice location by the beach. The food is average and the service is great.
Lily's Nails Of Santa Barbara,168,"{'negative': 47, 'neutral': 5, 'positive': 48}",Bad. Very bad place. The pedicure was very good but the service was very unfriendly. They won't come back for longer.
Little Kitchen,280,"{'negative': 9, 'neutral': 7, 'positive': 84}","Bad reviews, bad food, and not worth the price."
Rancho Oso RV & Camping Resort,92,"{'negative': 28, 'neutral': 22, 'positive': 50}",Rancho Oso RV & Camping Resort has a very good rating for their facilities. The horses are very nice and friendly.
Pace food+drink,165,"{'negative': 8, 'neutral': 11, 'positive': 81}","The food, service and beer are great. We waited for about 45 minutes to get in the restaurant but it wasn't busy."
Petros Restaurant,195,"{'negative': 20, 'neutral': 9, 'positive': 71}",I would give this place 5 stars if it was easier to seat me.
Summerland Beach Cafe,673,"{'negative': 16, 'neutral': 11, 'positive': 73}",The food was mediocre. The service was not good.
Mika,32,"{'negative': 53, 'neutral': 38, 'positive': 9}",- The chicken and veggie combo were horrible.
Silvia's Cleaning,31,"{'negative': 35, 'neutral': 0, 'positive': 65}","Excellent care is taken to clean your house, they are very professional and always in a hurry. Consistent and careful when cleaning your home."
San Roque Pet Hospital,69,"{'negative': 35, 'neutral': 3, 'positive': 62}","San Roque Pet Hospital is an animal hospital located in Las Vegas, Nevada."
Stearns Wharf,296,"{'negative': 10, 'neutral': 21, 'positive': 69}",I love this place and the taffy!
The Monarch,55,"{'negative': 18, 'neutral': 11, 'positive': 71}",A new farm-to-table eatery in Montecito is getting rave reviews. Can this be the most promising restaurant in town? Let's hope so!
Isla Vista Food Cooperative,89,"{'negative': 9, 'neutral': 8, 'positive': 83}","Isla Vista Food Cooperative sells organic, fair trade, local, organic and eco-friendly products."
Olio E Limone Ristorante,492,"{'negative': 17, 'neutral': 11, 'positive': 72}","This Italian Ristorante is a fun place for everyone, just the right amount of variety, good portions, and an outstanding wine list."
Sage & Onion Cafe,92,"{'negative': 12, 'neutral': 11, 'positive': 77}",Sage & Onion Cafe has been reviewed 92 times and had a positive customer rating of 92%.
Miso Hungry,279,"{'negative': 12, 'neutral': 15, 'positive': 73}","- We had a bad experience here. Service was good. Food was bad. But it was healthy, so it's a 4 star."
The Sportsman,44,"{'negative': 18, 'neutral': 2, 'positive': 80}","If you're looking for a dive bar in the Santa Barbara area, The Sportsman is a good option."
Blenders In The Grass,240,"{'negative': 11, 'neutral': 11, 'positive': 78}",This place has great smoothies... but the prices are too high.
Pueblo Radiology Medical Group,85,"{'negative': 27, 'neutral': 8, 'positive': 65}",The staff and doctors are great but the billing process is a bit disorganized. The company is located in the southern part of the city and they are more interested in making you feel like you are paying them for the service than actually getting it done.
Inn by the Harbor,132,"{'negative': 13, 'neutral': 9, 'positive': 78}","The Inn by the Harbor is a good value for the price and a great location, especially with its close proximity to State St."
Tinker's Burgers,203,"{'negative': 23, 'neutral': 6, 'positive': 71}","Good stuff. There's a grill out front and saw something about Monday night BBQ, definitely smells like they put some tri-tip on there. I got the lil John. It's basically a grilled cheese with hamburger patty and bacon. Chili cheese fries were really good. Good food that won't break the bank in a little coastal community."
R&R Motorworks,50,"{'negative': 0, 'neutral': 0, 'positive': 100}","Awesome Service, Great prices, and nice staff."
Holdren's Steaks & Seafood,555,"{'negative': 19, 'neutral': 13, 'positive': 68}",The food is really good at Holdren's Steaks.
EOS Lounge,330,"{'negative': 12, 'neutral': 5, 'positive': 83}","'s classy, the vibes are always on point and the bouncers are also the homie! the vibe is always on target and you can 't get 5 stars if you're looking to get laid. Strong drinks Pick up joint Younger crowd for sure Open late Fun, loud, and sexy. business: EOS Lounge include the overall sentiment distribution provided by..."
Ocean Nails & Spa,211,"{'negative': 34, 'neutral': 5, 'positive': 61}",There are 5 positive reviews for this business.
Mexican Fresh,48,"{'negative': 27, 'neutral': 17, 'positive': 56}",What is with the reviews that are posted for this place?
Ming Dynasty Restaurant,237,"{'negative': 33, 'neutral': 23, 'positive': 44}",The service was terribly rude.
Chuck's of Hawaii,267,"{'negative': 25, 'neutral': 10, 'positive': 66}",There is an average of 1 reviews for this establishment.
Ice Milk Company,116,"{'negative': 25, 'neutral': 17, 'positive': 58}",This is an ice milk store in downtown Santa Barbara that has several different flavors. It has a boba bar with flavored drinks for about $5. Its a bad place not for anyone who is looking to drink tea.
Super Value Smog,126,"{'negative': 2, 'neutral': 2, 'positive': 96}",Super Value Smog with price less than 30 dollars offers customer friendly service and it was affordable.
Holiday Inn Express Santa Barbara,202,"{'negative': 24, 'neutral': 13, 'positive': 63}",Holiday Inn Express is consistently rated high by our guests.
Cheshire Cat Inn,236,"{'negative': 5, 'neutral': 6, 'positive': 89}",Stayed here for 4 nights in January. Felt comfortable and the room was clean. The bathroom was very small but had good water pressure. The staff were friendly and always kept us informed of what was going on.
Sevtap Winery Tasting Room,312,"{'negative': 14, 'neutral': 6, 'positive': 80}",This place has a great deal on wine tasting.
Esau's Cafe,495,"{'negative': 19, 'neutral': 13, 'positive': 68}",Esau's Cafe is a solid breakfast place
Mundos,63,"{'negative': 11, 'neutral': 8, 'positive': 81}","There was a very positive response in the restaurant and with the addition of an Asian menu, there are plenty of options for vegetarians and folks not interested in meat dishes. The price range is about the same as other restaurants so it isn't a big deal if you just want a quick bite or something more nutritious."
Del Pueblo Cafe,218,"{'negative': 22, 'neutral': 12, 'positive': 66}","Del Pueblo Cafe has 218 reviews with a positive experience rating. It is located in the Old Town and it features Mexican cuisine. It offers delicious food, especially the burritos and enchiladas. This place is a great option for take-out or you can bring your own food."
Silvergreens,317,"{'negative': 21, 'neutral': 19, 'positive': 61}",The food is good. But the portions are small. It's a student spot that doesn't cater to anyone.
Santa Barbara Roasting Company,515,"{'negative': 15, 'neutral': 12, 'positive': 73}","Santa Barbara Roasting Company is a coffee shop located in the heart of San Diego. This establishment has great customer service and has an excellent selection of coffee, pastries and other baked goods. The cafe has a really fun atmosphere with a diverse clientele."
Santo Mezcal,994,"{'negative': 11, 'neutral': 7, 'positive': 82}",This place has a great atmosphere but the bartenders are not helpful.
Best Western Plus Carpinteria Inn,299,"{'negative': 48, 'neutral': 15, 'positive': 37}",Decent place for a budget traveler not looking for anything fancy.
Sushi Ai,232,"{'negative': 44, 'neutral': 13, 'positive': 44}",I stayed at this place for two nights. The sushi wasn't bad but the prices were low.
Lilly's Tacos,1744,"{'negative': 5, 'neutral': 7, 'positive': 87}",Great food & affordable prices.
Santa Barbara Museum of Natural History,121,"{'negative': 8, 'neutral': 16, 'positive': 76}",This museum is OK but the customer service was terrible.
Norton's Pastrami & Deli,499,"{'negative': 10, 'neutral': 8, 'positive': 82}","Great quality, food is good! Prices are a bit high in my opinion. Expect to pay about $15 for a meal. Other than that, food was great."
Santa Barbara Bowl,322,"{'negative': 12, 'neutral': 4, 'positive': 84}",Santa Barbara Bowl is a great place to see the Santa Barbara Symphony Orchestra and Santa Barbara Philharmonic. There is hardly any outside seating so it is incredibly difficult to get to the concert stage. I've been to many other music venues in Southern California and this one is by far my favorite.
Blush Lounge,458,"{'negative': 25, 'neutral': 17, 'positive': 58}","Blush Lounge is a bar and restaurant with a variety of selections. This place does well for food, but I wish they served better drinks."
"Calvin Kim, DMD",56,"{'negative': 12, 'neutral': 4, 'positive': 84}","The owner and doctor are very caring and i've seen his wife for years. The atmosphere is just right, the office is clean and modern and they use the most advanced equipment."
Kai Sushi Shabu-Shabu,243,"{'negative': 49, 'neutral': 16, 'positive': 35}","Not up to par for quality sushi, however the service and cleanliness are great."
Las Aves Cafe,39,"{'negative': 21, 'neutral': 15, 'positive': 64}",Las Aves Cafe is a moderately priced and poorly reviewed place that serves Mexican food.
iSurf,49,"{'negative': 0, 'neutral': 2, 'positive': 98}","I did have many bad surf lessons, and this instructor was extremely good at his job."
Orchid Inn at Santa Barbara,32,"{'negative': 12, 'neutral': 6, 'positive': 81}","The Orchid Inn at Santa Barbara is a nice place to stay while you're in Santa Barbara. The restaurant has excellent service and it's free to get a quick bite to eat. Their restaurant is on the outskirts of downtown, so it can be a little off-the-beaten path, but that doesn't really matter. The rooms are small, but they are very well maintained and reasonably priced. It's a great experience for couples or large groups as the rooms are very spacious and comfortable. There is plenty of amenities for those of us who need some extra space."
Kahuna Grill,275,"{'negative': 13, 'neutral': 16, 'positive': 71}","Great burgers, good service, great atmosphere."
Motel 6 Santa Barbara - State Street,87,"{'negative': 61, 'neutral': 18, 'positive': 21}","The Motel 6 on State Street was remodeled but the reception desk staff was rude and unhelpful. The food was average, but the bathroom smelled like mold. Otherwise, the experience was good."
Nardonne's La Famiglia Pizzeria,94,"{'negative': 11, 'neutral': 3, 'positive': 86}","This restaurant is a new favorite. The food is great, and the service is extremely friendly."
Sachi Ramen And Robata Bar,333,"{'negative': 16, 'neutral': 10, 'positive': 74}","333: reviews_detected, result_percentage_positive:74 results_peration_positive] labels were detected for the business: Sachi Ramen And Robata Bar include the overall positive and negative sentiment ratings."
Giannfranco's Trattoria,281,"{'negative': 26, 'neutral': 6, 'positive': 68}","The food was great, the prices were reasonable."
Verizon Authorized Retailer - Cellular Sales,45,"{'negative': 60, 'neutral': 2, 'positive': 38}","This store is the best Verizon authorized store in Los Angeles for Cellular Sales, with a friendly, knowledgeable staff and great selection of phones."
Meineke Car Care Centers,138,"{'negative': 51, 'neutral': 5, 'positive': 43}",The mechanic was rude to my wife. She had an oil change and regular service. Went back on Monday to speak with the service provider who didn't like her tone so they had a disagreement. They first wanted to send the car out for a steam clean for the engine b/c fluid spilled all over. When the work was complete -I pull into the business at 5:25 for an oil Change. About 3 men there available to work with 1 car in a bay. They tell me that they are too late for an Oil Change and that oil changes take at least an hour? So
Lito's Take  Out,290,"{'negative': 9, 'neutral': 10, 'positive': 80}",Great little spot to eat in Santa Barbara with good food and good service.
Nicky D's Wood fired Pizza,122,"{'negative': 17, 'neutral': 11, 'positive': 71}","This is a decent, New York style pizza. By Santa Barbara standards, they make an excellent pizza. The thin crust is s a bit thicker than I prefer, but in contrast to most SB pizza the crust actually tastes good, as does the sauce. They also serve calzones, sandwiches, and pasta, and I will be back to try them as well. Nicky D's seems oriented towards take-out, although they do have a few tables for eat-in meals; however, they do not serve beer or wine."
Bella Vista,263,"{'negative': 16, 'neutral': 14, 'positive': 70}",The place is very nice. The food is ok and the service is good.
Alpha Thrift Store,131,"{'negative': 49, 'neutral': 11, 'positive': 40}","This store is a ""don't walk away from."""
PokeCeviche,292,"{'negative': 18, 'neutral': 12, 'positive': 70}",PokeCeviche is one of the first restaurants in Phoenix to be brought to you by Poke. The sushi and poke fusion restaurant provides an exciting menu of delicious dishes.
Gimeal Cafe,306,"{'negative': 7, 'neutral': 5, 'positive': 88}",This is a great place for family lunch. The food is hot and fresh.
Goleta Beach Park,71,"{'negative': 7, 'neutral': 15, 'positive': 77}","The overall opinions are 71: reviews_detected, result_percentage_positive:77 result_persented_incident_neutral:15 labels were detected. The overall positive and negative results are:"
Williams-Sonoma,30,"{'negative': 50, 'neutral': 10, 'positive': 40}","I was greeted warmly by the staff. While I may have been treated harshly, it wasn't much of a shock."
Derf's Cafe,130,"{'negative': 36, 'neutral': 8, 'positive': 55}","Derf's Cafe is a great place. It has a burger, fries and an assortment of beers."
Blaze Pizza,308,"{'negative': 26, 'neutral': 11, 'positive': 63}","Blaze is a fast casual pizza place, which is good for those who don't want to waste money on high-cost fast food. Blaze offers a clean, reasonably priced atmosphere and has consistently great service."
Upscale Massage,58,"{'negative': 7, 'neutral': 2, 'positive': 91}","A place for quality massages which are worth the price, and a massage with a strong massage."
Luna Grill,241,"{'negative': 24, 'neutral': 13, 'positive': 63}","A little bit pricey, but the food is tasty and seasoned well"
The Endless Summer Bar Cafe,260,"{'negative': 27, 'neutral': 18, 'positive': 55}","The Endless Summer Bar and Cafe is a nice place for lunch, cocktails, drinks and live music"
Christine Dahl,56,"{'negative': 5, 'neutral': 0, 'positive': 95}",There are 56 reviews.
Char West,133,"{'negative': 47, 'neutral': 16, 'positive': 37}",A customer rating average.
Riverblue Salon Spa,75,"{'negative': 12, 'neutral': 4, 'positive': 84}",The Riverblue Salon Spa is a great choice for your hair and spa.
The Carpet Guy,51,"{'negative': 0, 'neutral': 0, 'positive': 100}","They are my 2nd ""go-to"" company."
Santa Barbara Sunrise RV Park,91,"{'negative': 29, 'neutral': 8, 'positive': 64}","Santa Barbara Sunrise RV Park was pretty crowded, but its clean and their food was good."
Amazing Days Events,87,"{'negative': 1, 'neutral': 0, 'positive': 99}",Sophie is a top class event planner and coordinator.
Spice Avenue,135,"{'negative': 28, 'neutral': 16, 'positive': 56}","Authentic Indian food that is not only delicious, but also very reasonably priced."
Hotel Indigo Santa Barbara by IHG,252,"{'negative': 25, 'neutral': 12, 'positive': 63}",The location is great. I would rate it 3 stars if the rooms were smaller.
Sunset Kidd Sailing Cruises and Whale Watching,89,"{'negative': 6, 'neutral': 2, 'positive': 92}",. Sunset Kidd Sailing Cruises and Whale Watching is a whale watching cruise on the Santa Barbara coast. This site is rated 89 out of 100 by their customers.
Elegant Nails & Spa,118,"{'negative': 22, 'neutral': 6, 'positive': 72}","It's a great nail salon, but if you want to go somewhere else, check out this salon."
Old Kings Road,82,"{'negative': 15, 'neutral': 12, 'positive': 73}","I was surprised that Old Kings Road had as average a rating as it did. The first time I went, they were busy, but that didn't bother me. Other people in the restaurant were also having a great time."
Chocolate Maya,161,"{'negative': 7, 'neutral': 3, 'positive': 90}","Great chocolate store, with a solid selection and good prices."
Rose Cab,30,"{'negative': 47, 'neutral': 7, 'positive': 47}",... Fast and friendly service. I will keep Rose Cab in mind next time I am in Santa Barbara..
MedCenter,69,"{'negative': 65, 'neutral': 3, 'positive': 32}","The Med Center needs work. It is well-staffed and clean, but if the place can't handle my high expectations, I won't return."
Sandpiper Golf Club,89,"{'negative': 36, 'neutral': 12, 'positive': 52}",The food is great. It's located right by the ocean. Not far from UCSB and Bacara. The course was in very good shape.
Mastercraft Motors,55,"{'negative': 16, 'neutral': 0, 'positive': 84}",Customer service is excellent.
Bar 29,108,"{'negative': 6, 'neutral': 4, 'positive': 91}","This place is a bar. Its a small space, but it's ok. They do have some nice dishes for prices that aren't too bad. They also offer some pretty decent cocktails."
Coast Restaurant & Bar,56,"{'negative': 30, 'neutral': 21, 'positive': 48}","We wanted to try the Coast Restaurant & Bar in Santa Barbara, California and we have to say that we were not impressed. The food was quite delicious and the wine selection was very nice. Unfortunately, our waiter was completely unsatisfied. We made reservations for 4 and waited over 30 minutes for our table. This was due to the fact that they were only getting 6 people at the reservation time. We had a large party of 8 with lots of food and wine. The waiter seemed confused and disoriented which could most likely be because he has some sort of ""complex"" problems. He told"
Viva Oliva,30,"{'negative': 3, 'neutral': 0, 'positive': 97}","Viva Oliva is an Italian Olive Oil and Vinegar store located in the southwest of Phoenix, Arizona. Vivu Oliva makes it their mission to offer delicious and healthy products at reasonable prices. Besides being quality products, they also offer food items including salad dressings and wine."
Macy's,100,"{'negative': 67, 'neutral': 7, 'positive': 26}","Terrible customer service, incredibly long wait times, and lots of other horrible issues."
Prestige Hand Car Wash,103,"{'negative': 60, 'neutral': 7, 'positive': 33}",The service is just ok...
Precious Slut 3,82,"{'negative': 29, 'neutral': 4, 'positive': 67}","i like this place! everyone that works there seems really chill and the prices are affordable. Jake pierced my septum, he did a stellar job. i barely felt it :) -When I was in college at UCSB, I had two piercings done at Precious Slut and one fix-up. As someone whose body isn't very sensitive to piercers, I have never had very negative experiences. My pierces done at precious slu"
MaryLinn's,30,"{'negative': 53, 'neutral': 3, 'positive': 43}","This was my first time trying on dresses and I must say it was a good experience. The staff is very friendly and helpful. It's a small dress boutique and some of the options are more expensive than you would expect for the size you want, however they are very attentive to your needs."
Tileco Distributors,31,"{'negative': 26, 'neutral': 3, 'positive': 71}","The overall sentiment distribution provided by the following labels was negative: 1. The Showroom is very nice, the staff is friendly, and the selection is great. 2. If your tile doesn't match what you saw at the showroom, they will tell you that. 3. Our tiles were defective which we could not see until installed. They did absolutely nothing to help us. The installers were nice enough. The owner was nice enough too. 4."
Chino's Rock & Tacos,41,"{'negative': 27, 'neutral': 39, 'positive': 34}",I'll give them props for their amazing chips and salsa!
Pacific Sales Kitchen & Home,30,"{'negative': 33, 'neutral': 7, 'positive': 60}",Excellent Service with Low Prices
Courtyard by Marriott Santa Barbara Goleta,124,"{'negative': 27, 'neutral': 6, 'positive': 68}","Courtyard by Marriott Santa Barbara Goleta is a hotel located in the city of Santa Barbara, California. It is rated 4 stars based on 60 reviews. The location is quite convenient to both UCSB and Downtown SB."
Aldo's Italian Restaurant,307,"{'negative': 36, 'neutral': 20, 'positive': 44}","The food was slightly better than national chain such as Olive Garden, but far from being good authentic Italian. You can definitely tell that some components of your meals are not made from scratch."
Somerset,102,"{'negative': 29, 'neutral': 16, 'positive': 55}","The food is good, but the waiters will be a huge pain. They don't know how to handle a line or get a table. I would give 0 stars if it wasn't for their great cocktails."
Motel 6 Carpinteria North,108,"{'negative': 68, 'neutral': 8, 'positive': 24}",Motel 6 Carpinteria North.
Jaffurs Wine Cellars,69,"{'negative': 9, 'neutral': 6, 'positive': 86}",Jaffurs Wine Cellars has a 9 % chance of a negative customer review.
Taco's To Go,85,"{'negative': 19, 'neutral': 8, 'positive': 73}",The meat was dry and bland.
Santa Cruz Markets,56,"{'negative': 7, 'neutral': 7, 'positive': 86}",... to choose from. The meat selection is great and the staff is friendly.
Holiday Inn Hotel Santa Barbara-Goleta,39,"{'negative': 44, 'neutral': 41, 'positive': 15}",This hotel is based on a review and it's under new management so it may not be as good as it used to be.
Panino,300,"{'negative': 15, 'neutral': 13, 'positive': 72}","I think that Panino's sandwiches is good, but some of the items are kinda greasy."
Denny's,190,"{'negative': 52, 'neutral': 12, 'positive': 36}","I like Denny's. It's strange, I'll admit. Servers didn't even act too pissy when mom & I both got hot water for tea (I know, we are annoying). I like the build your own meal thingie, that way I can get 4 random things and pick at them."
Satellite,161,"{'negative': 5, 'neutral': 5, 'positive': 90}","This establishment features an eclectic menu. It offers a wide selection of wines and drinks. The food is creative and well-prepared, even if it has that taste of Americanized dishes."
Dioji K-9 Resort & Athletic Club,132,"{'negative': 8, 'neutral': 2, 'positive': 91}","Good dog day care for the whole family, great prices, friendly staff."
Tydes Restaurant,58,"{'negative': 21, 'neutral': 10, 'positive': 69}","This restaurant receives excellent reviews, but the food doesn't live up to them."
Pane E Vino,80,"{'negative': 15, 'neutral': 18, 'positive': 68}","The food and service at Pane E Vino are consistently good, and the atmosphere is quaint and homey."
E-bike Santa Barbara,69,"{'negative': 1, 'neutral': 0, 'positive': 99}",. .
Carl's Jr,92,"{'negative': 43, 'neutral': 9, 'positive': 48}","The fast food restaurant in Carpenteria, California, has received good reviews."
European Deli Market,48,"{'negative': 8, 'neutral': 8, 'positive': 83}","Positive, helpful, and affordable"
Hazards Cycle Sport,71,"{'negative': 7, 'neutral': 3, 'positive': 90}","Having gone to every bike shop in town, I came across Hazards because of their quality staff and the attention of the owner. Great store. I rented a demo bike from them at a very good price so that I could ride some of the local mountains. Besides being very friendly, they gave me advice on exactly where to ride and hit the nail on the head! Additionally, they have a large inventory of nice bikes and seem to be knowledgeable about every brand out there whether they carried it or not. Thanks a lot for a great experience!"
Yogurtland Goleta,58,"{'negative': 16, 'neutral': 5, 'positive': 79}","Great yogurt, a lot of seating and great prices."
La Sumida Nursery,41,"{'negative': 27, 'neutral': 10, 'positive': 63}",- Terrible employees.
Petco,107,"{'negative': 56, 'neutral': 11, 'positive': 33}",This Petco is awesome. The employees that work here are extremely knowledgeable and provide great customer service. Javier and Jack are really helpful. Jai...
Phoevermore,112,"{'negative': 15, 'neutral': 12, 'positive': 73}","This review was for Phoevermore, the pho thai place. The food was average, the service was horrible. I would give them two stars if I could, but the wait is long."
Delicious Expressions,57,"{'negative': 0, 'neutral': 2, 'positive': 98}",Delicious Expressions offers tasty cakes and is located on the college campus. It is a great place for birthday cupcakes.
On The Alley - Goleta,241,"{'negative': 22, 'neutral': 10, 'positive': 68}",On the Alley - Goleta has the best fish n chips !! The fish are big and a perfect amount of crispy. The fries are always on point !!
CVS Pharmacy,408,"{'negative': 69, 'neutral': 7, 'positive': 24}",This pharmacy is very bad.
MacMechanic,93,"{'negative': 11, 'neutral': 1, 'positive': 88}",This place is decent.
De La Vina Lounge,32,"{'negative': 16, 'neutral': 9, 'positive': 75}","For a good dive bar, this place is worth checking out."
Tru Beauty Lash Make-up Wax Bar,39,"{'negative': 8, 'neutral': 3, 'positive': 90}",I have had eyelash extensions many many times consistently and many people and these were by far the WORST. Sure they look good at first but they are very low quality lashes and glue. They will ruin your lashes completely and I honestly suggest you save your money
Carquest Auto Parts - Larrys Auto Parts,39,"{'negative': 5, 'neutral': 0, 'positive': 95}",This is a genuine old school auto parts shop with friendly staff and prices that are reasonable.
Jiffy Lube,252,"{'negative': 38, 'neutral': 5, 'positive': 57}","Service was great, but the people working there just can't read their phone."
Ams Events,53,"{'negative': 4, 'neutral': 0, 'positive': 96}",There are 53 reviews of AMS.
Arroyo Burro Beach,252,"{'negative': 4, 'neutral': 7, 'positive': 89}","Awesomely peaceful, beautiful beach. The only thing is that it is a bit too crowded."
Tiburon Tavern,46,"{'negative': 13, 'neutral': 7, 'positive': 80}",Tiburon Tavern is a dive bar providing food and drink.
Douglas Family Preserve,154,"{'negative': 2, 'neutral': 3, 'positive': 95}","The dogs were friendly, the scenery was great, and the hike was a lot of fun."
Hilton Garden Inn Santa Barbara/Goleta,71,"{'negative': 27, 'neutral': 8, 'positive': 65}","It was a great hotel, the staff was great."
MIZZA,389,"{'negative': 14, 'neutral': 9, 'positive': 76}",business: MIZZA
Days Inn Santa Barbara,44,"{'negative': 25, 'neutral': 23, 'positive': 52}",The Days Inn Santa Barbara was clean and the overall experience was great!
Pizza Hut,49,"{'negative': 82, 'neutral': 2, 'positive': 16}",Don't waste your money. Get it online. Save your money and go get another place for pizza.
"Trevor Denny, DDS",82,"{'negative': 6, 'neutral': 0, 'positive': 94}",A five star dentist and staff.
La Tapatia Bakery,55,"{'negative': 16, 'neutral': 7, 'positive': 76}","Awesome food, the owner is really friendly and the prices are great - lots of choices."
AAA - Automobile Club of Southern California,46,"{'negative': 30, 'neutral': 2, 'positive': 67}",Overall this branch is pretty good.
Jersey Mike's Subs,178,"{'negative': 46, 'neutral': 11, 'positive': 43}","Jersey Mike's is a sandwich shop that offers sub sandwiches, and they are famous for the deli quality. The food here is delicious, and their customers are always happy."
Risdon's Auto Care Center,30,"{'negative': 10, 'neutral': 0, 'positive': 90}",This business has been rated average by customers.
Pet House,40,"{'negative': 10, 'neutral': 5, 'positive': 85}","I use the Pet House to buy my cats food and toys. The young people working at the counter are awkward (adolescent angst?), but are knowledgeable about their products and are helpful when asked. The location is good for me. I haven't done a lot of comparison shopping, but their prices seem reasonable for the products. The staff is knowledgeable and if they didn't know, they took me to the person that would. Very helpful and kind and smiled as they assisted & greeted. I will come here again for his teeth cleaning and go to their recommendation for"
Rashti Women's Care,43,"{'negative': 23, 'neutral': 5, 'positive': 72}",***Reviews are based on a visit to Rashti Women's Care in Las Vegas. Results may vary.
Margerum Wine Company,141,"{'negative': 15, 'neutral': 4, 'positive': 82}","""The Margerum offers both a tasting room and retail store."
Oriental Market,34,"{'negative': 12, 'neutral': 12, 'positive': 76}","Oriental Market is an Asian grocery store with a few disadvantages, but overall it's a great place to shop for your ethnic staples in the area."
HP Autosport,35,"{'negative': 3, 'neutral': 0, 'positive': 97}",HP Autosport is an autosport shop that has provided the best service on my Ford Mustang. I have been a customer of HP AutoSport for over 5 years and have had the best repairs and techs around.
Victor The Florist,34,"{'negative': 32, 'neutral': 0, 'positive': 68}",This is an excellent company for florists. They offer a good variety of flowers and make sure to get them fresh. I came here with my mom for her birthday and had the greatest experience. Atmosphere was very calm and clean. Staff is very friendly. Flowers were fabulous.
Figueroa Street Complete Auto Care,78,"{'negative': 9, 'neutral': 1, 'positive': 90}",Figueroa Street Complete Auto Care customer ratings are calculated based on the averages of 4 reviews for this adult entertainment venue.
Super 8 by Wyndham Santa Barbara/Goleta,58,"{'negative': 64, 'neutral': 16, 'positive': 21}",I had been a member of the local Travel Advisor for many years and thought I would give it a try last time I was in Goleta.
Jackson Medical Group,59,"{'negative': 63, 'neutral': 3, 'positive': 34}",Jackson Medical Group has a customer rating of 42% positive with a 3 out of 5 rating for doctor's and 3 out or less for pharmacy.
Montecito Deli & Catering,32,"{'negative': 9, 'neutral': 6, 'positive': 84}",Montecito Deli & Catering is a family owned and operated business with the best food and most importantly friendly service.
Keota's Hair Design,49,"{'negative': 0, 'neutral': 0, 'positive': 100}",Keota's Hair Design received an amazing customer rating of 100%.
Santa Barbara Wedding Coordinator,34,"{'negative': 3, 'neutral': 0, 'positive': 97}",We hired Toby to coordinate our wedding. He was very professional and helpful. He answered all of our questions and concerns. He has a great deal of experience. We will use Toby again in the future.
Lobero Theatre,37,"{'negative': 8, 'neutral': 14, 'positive': 78}",Lobero Theatre is a reasonably priced theater that is one of the better places to go to see theater in Santa Barbara.
Eagle Paragliding,64,"{'negative': 9, 'neutral': 0, 'positive': 91}","I gave my husband a GC for Eagle Paragliding. After researching different companies on line, and speaking to Rob, the owner, I decided to go with Eagle Para glider in Santa Barbara. They have great instructors, friendly staff, and they give an awesome experience."
Foot & Ankle Concepts,37,"{'negative': 35, 'neutral': 3, 'positive': 62}",The foot & ankle specialist we had was excellent.
Robitaille's Fine Candies,79,"{'negative': 10, 'neutral': 5, 'positive': 85}","Robitaille's Fine Candies is a candy store in Carpinteria, California. It is well known for the nostalgic feeling that lingers in the back of your mind when you walk in the front door. The decor is very similar to those found in vintage stores. Food offerings include sweet treats, frozen fruit, and more. The only negative experience was the poor customer service."
Star Tech Auto Repair,52,"{'negative': 37, 'neutral': 0, 'positive': 63}",Star Tech Auto Repair has a very low rating given by customers.
Ortho Mattress,60,"{'negative': 15, 'neutral': 3, 'positive': 82}",Overall rating: 82 / 60 = 3 stars.
Sam's to Go - Milpas,33,"{'negative': 52, 'neutral': 3, 'positive': 45}","Sam's to Go - Milpas is a great little local spot. The food is great, and I've never been disappointed."
Bream Optometry,54,"{'negative': 19, 'neutral': 4, 'positive': 78}","Despite the high prices and general dissatisfaction with service, Bream Optometry is a highly recommended optometrist for their friendly staff and accurate eye care."
Reid's Appliances,33,"{'negative': 30, 'neutral': 3, 'positive': 67}","Best prices around, friendly staff!"
Dreamcatcher Artistry,34,"{'negative': 3, 'neutral': 0, 'positive': 97}","The owner is awesome, the technicians are amazing. The customer service is excellent and the quality of work is outstanding."
Heat Culinary,35,"{'negative': 6, 'neutral': 0, 'positive': 94}","In the end, this was a great night out!"
MarBorg Industries,33,"{'negative': 45, 'neutral': 0, 'positive': 55}","Marborg trash service is good and there is a lot of stuff to recycle. It's pretty good for the price because it's so close to my house. The service isn't very good, however, so it'd probably be a better option for me."
Thomas Towing,41,"{'negative': 54, 'neutral': 2, 'positive': 44}","i am a very happy customer with thomas towing. they have never a problem with the price. but, if you want to get your car back, you have to wait in line."
Tacos Pipeye,170,"{'negative': 5, 'neutral': 4, 'positive': 91}","Tacos Pipeye is one of the best places to eat in Chicago. The fish tacos are crunchy, the prices are reasonable, and the staff is very friendly."
Santa Barbara Center for Oral & Maxillofacial Surgery,32,"{'negative': 0, 'neutral': 3, 'positive': 97}",97.9% of the reviews for this dentist are positive.
Great Clips,34,"{'negative': 29, 'neutral': 3, 'positive': 68}","Great Clips is a good option for guys who want to maintain their new haircut. However, they're not geared towards women with very long hair."
Pandora Nail Spa,44,"{'negative': 9, 'neutral': 2, 'positive': 89}",Pandora Nail Spa is in Montecito and it's a nice place for people to get their nails done. I've been there many times and everyone is friendly and does an awesome job. The ambiance is beautiful and it feels like you are not at the ghetto. The reviews are good but it'd be nice to see a bit more improvement.
Preferred Limousine & Transportation,86,"{'negative': 1, 'neutral': 0, 'positive': 99}",The high quality transportation from your home to the airport is what you pay for here.
Rockfire Grill,1284,"{'negative': 7, 'neutral': 6, 'positive': 87}",The food was good and the service was great! We tried the chicken pesto flatbread with crispy chips. It was pretty tasty!
Channel Islands Adventure Company,37,"{'negative': 8, 'neutral': 0, 'positive': 92}",I highly recommend this place! It was a great experience!
Beach City,80,"{'negative': 78, 'neutral': 5, 'positive': 18}","Poor management, bad food, and rude."
Louie's California Bistro,151,"{'negative': 11, 'neutral': 10, 'positive': 79}","Louie's California Bistro is one of the best restaurants in Santa Barbara. They always have great food, and are always affordable. Their wine selection is superb. They have an excellent patio. You won't be disappointed."
Pathway Dental Group - Santa Barbara,65,"{'negative': 49, 'neutral': 0, 'positive': 51}","For a five star experience, come to the people of Santa Barbara. The staff is unbeatable and provides you with the best dental care in town."
Hyatt Place Santa Barbara,67,"{'negative': 34, 'neutral': 16, 'positive': 49}",The Hyatt Place is located in Santa Barbara.
Lab Social,40,"{'negative': 5, 'neutral': 5, 'positive': 90}",The Lab Social in Santa Barbara offers the perfect alternative to the usual chain coffee shop experience. This high end establishment has been consistently rated high by customers and boasts an impressive beverage selection.
Casa Del Sol,51,"{'negative': 65, 'neutral': 2, 'positive': 33}",Good food and clean rooms.
Merci Montecito,34,"{'negative': 6, 'neutral': 12, 'positive': 82}","This vegan cafe is a great addition to the area. It has great food, and the staff are very friendly and helpful with your vegan journey."
Elite Movers & Packing Services,45,"{'negative': 2, 'neutral': 0, 'positive': 98}","Elite Movers & Packing Services, also known as Rudy Movers - have been providing professional moving services since 2004."
St George & Associates,51,"{'negative': 90, 'neutral': 0, 'positive': 10}","The student housing experience at St George & Associates is very positive, but management and property managers are incredibly unprofessional."
La Playa Inn,58,"{'negative': 7, 'neutral': 0, 'positive': 93}","The hotel La Playa Inn is in a great location right on the beach. It has great amenities including free wifi, free internet, and comfortable beds."
Revolver,95,"{'negative': 11, 'neutral': 5, 'positive': 84}",Great place to eat.
Mobile IV Medics: Santa Barbara,51,"{'negative': 2, 'neutral': 0, 'positive': 98}",": ""He is a dream!"""
Secret Bao,151,"{'negative': 5, 'neutral': 5, 'positive': 89}",The restaurant is well-run. It's clean and upscale enough to make a good business out of it.
Hustle & Grind Coffee Company,50,"{'negative': 12, 'neutral': 4, 'positive': 84}",There were some positive reviews for Hustle & Grind Coffee Company.
Broad Street Oyster Company,78,"{'negative': 1, 'neutral': 1, 'positive': 97}","I am so happy Broad Street Oyster Co. has returned to Santa Barbara! My wish finally came true. Anyone who's been here knows the quality of seafood is locally sourced and always fresh. I mainly come for the warm lobster roll, which is served on buttery toasted bread. In my honest opinion the lobster rolls here are the best in town! There's no competition compared to this one."
Cloud Climbers Jeep Tours,149,"{'negative': 6, 'neutral': 1, 'positive': 93}","Cloud Climbers Jeep Tours in Santa Ynez, California has a rating of 1 with 9 reviews."
Chili's,200,"{'negative': 50, 'neutral': 18, 'positive': 32}",This place has really good food but terrible service.
The Habit Burger Grill,308,"{'negative': 11, 'neutral': 19, 'positive': 70}",The Habit Burger Grill is a place to go for good food. The service at the various locations were great.
South Coast Deli- Carrillo,219,"{'negative': 13, 'neutral': 5, 'positive': 82}",South Coast Deli- Carrillo has a large selection of sandwiches and salads
The Harbor Restaurant,477,"{'negative': 34, 'neutral': 13, 'positive': 53}","This place is very nice, service is great but food is not. If you're looking for the best steaks in town, avoid The Harbor because it's a little on the expensive side."
Tamira,794,"{'negative': 8, 'neutral': 4, 'positive': 89}","Tamira serves Indian food. The food is fresh and the service is great, especially for the price."
Santa Barbara Brewing Co,646,"{'negative': 26, 'neutral': 25, 'positive': 49}","Although the drinks are decent, the food is very subpar."
Miro,50,"{'negative': 28, 'neutral': 6, 'positive': 66}",Service was terrible. Food was horrible.
Mesa Painting,51,"{'negative': 6, 'neutral': 2, 'positive': 92}","As a potential customer, I would be willing to give them 5 stars."
Jeannine's American Bakery Restaurant,1077,"{'negative': 13, 'neutral': 10, 'positive': 77}",There are high prices but good food here at Jeannine's American Bakery Restaurant.
Team Tire Pros,120,"{'negative': 9, 'neutral': 0, 'positive': 91}",Great Car Care and friendly Staff.
The Color Room,140,"{'negative': 17, 'neutral': 1, 'positive': 82}","The Color Room offers a variety of hair services, including haircuts and highlights..."
Clementine's Steak House,285,"{'negative': 14, 'neutral': 4, 'positive': 82}","Customer service is very good, the fried chicken is awesome."
Ca' Dario,692,"{'negative': 19, 'neutral': 13, 'positive': 68}","The food at Ca' Dario is usually wonderful. However, the service is just mediocre."
Santa Barbara Craft Ramen,480,"{'negative': 14, 'neutral': 9, 'positive': 77}",I had the spicy bowl and it was delicious. The broth was perfect. Service was friendly and prices were very reasonable. Wish I lived closer so we could go every week!!
Yume Sushi Japanese Restaurant,402,"{'negative': 11, 'neutral': 9, 'positive': 79}",Yume Sushi is a Japanese restaurant with a wide variety of cuisines and food. It is located near the Santa Barbara Municipal Airport. Overall the reviews for this place are very positive. The restaurant has an average rating of 1 star.
Arigato Sushi,977,"{'negative': 11, 'neutral': 11, 'positive': 79}",Arigato Sushi is a chain sushi restaurant with great food that is good for the price.
Carlitos Cafe Y Cantina,745,"{'negative': 24, 'neutral': 12, 'positive': 64}",It is a tourist trap with prices higher than average.
Santa Barbara Fish Market,338,"{'negative': 13, 'neutral': 9, 'positive': 79}","They're in high demand, they have the best quality and price, if you get what you want."
Seven Bar & Kitchen,361,"{'negative': 19, 'neutral': 12, 'positive': 69}","The ambiance is great, but the drink list is limited. There was no food we liked and the service was horrible."
La Quinta Inn & Suites by Wyndham Santa Barbara Downtown,185,"{'negative': 31, 'neutral': 12, 'positive': 56}","La Quinta Inn & Suites by Wyndham Santa Barbara Downtown customer rating, including reviews, is 5 out of 5."
Montecito Inn,272,"{'negative': 28, 'neutral': 14, 'positive': 58}","Montecito Inn is a treat. Nice little well-appointed clean rooms with pleasing design and everything functional. Good bathroom, nice showers. Nice small complimentary breakfast in the restaurant downstairs. What's more, as I discovered later they have all of the Chaplin movies on hand for you to watch on the in-room DVD! HBO and such provided on the box in the room as well as a great little digital radio which I thought was a nice touch. The building is very solidly built and just over 100 years old. We had great fun soaking in the outdoor soaking with some excellent employees"
Pete's Preferred Wine Tours,88,"{'negative': 16, 'neutral': 0, 'positive': 84}",Highly recommended. You can sit back and relax and enjoy the winery/shopping experience of a lifetime while experiencing one of the more famous wine regions in California.
Mesa Cafe,382,"{'negative': 19, 'neutral': 12, 'positive': 69}","This restaurant is a very good breakfast place. The staff are very friendly. The food is very good, especially for a strip mall restaurant. We have also had dinner there."
Hiwi Tropical Fusion,159,"{'negative': 24, 'neutral': 16, 'positive': 60}","Hiwi Tropical Fusion is a great place to get some of the best food around. The food is very good, but the atmosphere is not as nice as it used to be. If you're looking for a romantic dinner with your date, or if you just want a casual date night, this is the place to go."
Live Culture,43,"{'negative': 21, 'neutral': 9, 'positive': 70}",-Live Culture is a great place to get some wine on the cheap. It's fun and unlike all of the big box places. It may not be for those who are into expensive wine or want a drink.
American Ale,214,"{'negative': 16, 'neutral': 9, 'positive': 75}",This place is a pretty good find for Happy Hour in Santa Barbara
Kids Cuts,35,"{'negative': 17, 'neutral': 9, 'positive': 74}","This review racking up one star simply because there was no option for no stars. If you are looking for a stylist who will listen, RESPECT, and follow-through with your wishes it would be best not to allow Cheryl to touch your child's hair. She'll just do what she wants, then make rude comments about what you asked for."
Inn At East Beach,262,"{'negative': 27, 'neutral': 10, 'positive': 63}","Located in the East Beach area near some of my favorite spots, like the beach and the Zoo, the Inn at East Beach is not only pretty but also very comfortable."
TropiCali Beauty Boutique,35,"{'negative': 9, 'neutral': 0, 'positive': 91}",I have been to Michelle for waxing on several occasions. The boutique is cute & comfortable. Michelle is gentle & does a great job. She uses a nice lavender wax that seems easier on my skin than others have in the past. I have never had to wait long for my appointment.
U-Haul of Santa Barbara,59,"{'negative': 68, 'neutral': 5, 'positive': 27}","I can say this was the worst experience ever, and the employees are just as worse as the Owner/Manager ""Anthony"".It was a pretty bad move to get my sister by Uhaul."
Cantwell's Market & Deli,144,"{'negative': 39, 'neutral': 12, 'positive': 49}",Very good and reasonably priced. The OMG is everything you can ask for.
PizzaRev,148,"{'negative': 19, 'neutral': 9, 'positive': 72}",This review is from a member of the Yelp community and was based on 4 reviews.
Plow & Angel,80,"{'negative': 21, 'neutral': 11, 'positive': 68}",Plow & Angel is a dark cave with the feel of a pub. The food is great but the service can be slow.
Santa Barbara Carpet Cleaning,51,"{'negative': 24, 'neutral': 2, 'positive': 75}",There are 51 reviews for this business.
Santa Barbara Dojo,55,"{'negative': 2, 'neutral': 0, 'positive': 98}","...with the class sizes at a nice range, great instructors, and a casual atmosphere, the Santa Barbara Dojo has it all!"
AutoCamp Santa Barbara,78,"{'negative': 18, 'neutral': 14, 'positive': 68}",It's pretty nice to stay in an Airstream while it's sunny in Santa Barbara.
Mira Bella Salon & Spa,41,"{'negative': 37, 'neutral': 0, 'positive': 63}","Excellent service, friendly owner."
Milk & Honey Tapas,539,"{'negative': 12, 'neutral': 9, 'positive': 79}",The food was amazing...but the service is terrible.
South Coast Deli- Isla Vista,157,"{'negative': 8, 'neutral': 11, 'positive': 81}",South Coast Deli- Isla Vista are rating high with a 85%.
Nina Lafuente Waxing,47,"{'negative': 0, 'neutral': 2, 'positive': 98}","The only issue I have with this place is that they have a lot of other people in their location. My wife and her two friends were excited about it. Nina Lafuente was very professional, friendly and quick."
Palazzio,355,"{'negative': 35, 'neutral': 15, 'positive': 51}",I was not a fan.
Superior Brake & Alignment,37,"{'negative': 16, 'neutral': 0, 'positive': 84}",Superior Brake & Alignment has a high BBB rating.
Domingo's Cafe,256,"{'negative': 9, 'neutral': 12, 'positive': 79}","Located in North Beach, Domingo's Cafe is a great place for local fare. It has plenty of seating, service is excellent, and the food is consistently wonderful!"
Nuance,82,"{'negative': 11, 'neutral': 10, 'positive': 79}",Great food and friendly service. Great prices
Live Oak Cafe,265,"{'negative': 8, 'neutral': 6, 'positive': 86}",Live Oak Cafe is an establishment providing a variety of food and beverage options.
Motel 6 - Goleta,92,"{'negative': 55, 'neutral': 20, 'positive': 25}",Negative feedback and a poor selection among the many options in Goleta.
Eye & Vision Care,67,"{'negative': 22, 'neutral': 3, 'positive': 75}",I have seen Dr. Nichols twice now and can honestly say that she is very unprofessional. She makes you feel stupid and very unwelcome. The other staff are very friendly and happy which is why I gave this place two stars. The receptionists are welcoming and nice which is reason I gave...
The Honey B,213,"{'negative': 10, 'neutral': 8, 'positive': 83}",The Honey B is a breakfast/brunch place located near campus with 83 reviews and a 10 star rating.
Airport Motors,64,"{'negative': 20, 'neutral': 0, 'positive': 80}",This family run business treats their customers with respect. The mechanics' job is great and you never get ripped off.
Goodwill,43,"{'negative': 44, 'neutral': 19, 'positive': 37}","a couple times, most recently last Saturday and was pleased with what I found. It's a small store located in a busy part of town and I am thankful they have their own parking lot. Some furniture, a room full of clothes and a some displays of housewares, glassware, home electronics and decorative items. It is worth stopping in to see if you find something you like, if nothing else for the convenience. The cashier that helped me on Saturday was friendly and went out of her way to be helpful."
Benefit BrowBar at Macy's,32,"{'negative': 9, 'neutral': 0, 'positive': 91}",The staff is very friendly and helpful!
The Standard Men's Shop,42,"{'negative': 2, 'neutral': 0, 'positive': 98}",The Standard Men's Shop received an average of 98 reviews. The average customer rating is 83%.
Drake Wines,73,"{'negative': 10, 'neutral': 0, 'positive': 90}","Drake Wines is a tucked away winery in San Diego, where you won't find many tourists. This is largely due to their limited availability, but the staff here has been great (as have the wines)."
Highway Karaoke and Fresh Tea,108,"{'negative': 22, 'neutral': 5, 'positive': 73}",Terrible milk tea and the boba's aren't really tasty.
IV Drip,146,"{'negative': 12, 'neutral': 11, 'positive': 77}",The food is good and the ice cream is decent. Nothing special.
iProtech - Santa Barbara Professional iPhone Repair,96,"{'negative': 12, 'neutral': 0, 'positive': 88}",It's almost as good as Verizon insurance. I guess my experience was just as good.
Epic Bowl,36,"{'negative': 28, 'neutral': 14, 'positive': 58}","This place used to be my favorite. I love their acai bowls, but this is not the place for me. The banana topped bowl is extremely heavy and the frozen acai is too small. I always get an extra large bowl with extra toppings. The service is usually terrible."
The Imperial,127,"{'negative': 8, 'neutral': 5, 'positive': 87}",-Love this place. My go-to bar in SO. Business: The Imperial
Open Air Bicycles,51,"{'negative': 35, 'neutral': 0, 'positive': 65}","Had a great experience here. Was very confused about tubing and bikes themselves and one of the employees, Owen, was a Great Help! Would definitely come back for any bike repairs or bike needs in the future!"
Luxury Nails,43,"{'negative': 56, 'neutral': 5, 'positive': 40}",The nail salon was average at best and the pedicure was horrible.
Spudnuts & Bagels,297,"{'negative': 3, 'neutral': 3, 'positive': 94}","Spudnuts & Bagels is offering donuts, bagels, and other breakfast items in addition to sandwiches."
lululemon Athletica,49,"{'negative': 24, 'neutral': 12, 'positive': 63}",I'm giving it 4 stars for customer satisfaction and one star for being in a mall.
Red Kettle Coffee,123,"{'negative': 3, 'neutral': 6, 'positive': 91}","Red Kettle Coffee is a local coffee shop in the downtown area of San Diego, with good service, good coffee, and homemade mini donuts."
Amy's Skin Care,46,"{'negative': 9, 'neutral': 0, 'positive': 91}",Amy is awesome!! She was my waxing and facial guru for years. She has great reviews.
Jared's Moving Services,58,"{'negative': 10, 'neutral': 3, 'positive': 86}","Jared's Moving has a reputation for high quality and prompt service, but some customers find their experience to be somewhat dishonest."
Taffy's Pizza,196,"{'negative': 22, 'neutral': 6, 'positive': 71}","Taffy's Pizza is a chain of taffy, pizza and salad restaurant that serves up gourmet food for the whole family."
Stone Age Restaurant,98,"{'negative': 22, 'neutral': 8, 'positive': 69}","I have been to this restaurant about 7 times now and it has always been decent, but the waiter always messes up orders."
The Habit,227,"{'negative': 19, 'neutral': 12, 'positive': 69}",The Habit is a great location to get food or bring a date. They have a wide selection of fast burgers with toppings that rival In-N-Out.
Santa Barbara Airport,200,"{'negative': 17, 'neutral': 13, 'positive': 70}","This airport is small and quiet, though there are plenty of people and buses around nearby."
Top Shelf Event Services,48,"{'negative': 2, 'neutral': 0, 'positive': 98}",Jude is the best Event Services guy in town . I would highly recommend him for any event you may have.
The Little Dog House,76,"{'negative': 38, 'neutral': 0, 'positive': 62}",Very poor experience.
Zodo's Bowlero Bowling & Beyond,293,"{'negative': 24, 'neutral': 9, 'positive': 67}","This is the only bowling alley in the area. It has a bar, restaurant, arcade, and two happy hours. It's great and it really is the"
The Ritz-Carlton Spa - Santa Barbara,93,"{'negative': 17, 'neutral': 10, 'positive': 73}",The spa was mediocre.
La Chapala Market,37,"{'negative': 14, 'neutral': 11, 'positive': 76}",I got the carnitas and carne steak and was very rude..
Casa Don Roge,35,"{'negative': 11, 'neutral': 3, 'positive': 86}","The asada taco is good. I also had beans and rice, very good. The green salsa was so great with lots of fresh ingredients. The rice & beans sides are good portions."
Bibi Ji,265,"{'negative': 25, 'neutral': 12, 'positive': 63}",Bibi Ji has 5 stars (out of 5)
Rose Cafe No 2,174,"{'negative': 28, 'neutral': 13, 'positive': 59}","The food was just OK, over all. For a place that used to be so popular and crowded, the service was not able to support all the extra people, but then the family owned business got back into the swing of things and all was right again."
Dolce Vista Salon,33,"{'negative': 9, 'neutral': 0, 'positive': 91}",There were no positive reviews for Dolce Vista Salon.
Ca' Dario Pizzeria,122,"{'negative': 21, 'neutral': 14, 'positive': 65}","This is one of the more authentic Italian Pizzerias in Santa Barbara. It's definitely worth your money, and the food is really good."
Bob's Vacuum,46,"{'negative': 37, 'neutral': 4, 'positive': 59}",Bob's Vacuum is a vape store. It is the only place I give a 4 star review.
Roy,256,"{'negative': 21, 'neutral': 7, 'positive': 72}","The ambiance is really cool - dim, intimate lighting and lots of cool art and decor to look at. We ordered a reasonably priced bottle of wine and shared a seafood entree. We came the weekend after Christmas so they were out of bread and pasta, which explains the 3 stars vs 5 stars"
Valley Animal Hospital,38,"{'negative': 11, 'neutral': 0, 'positive': 89}","89.3% of customers are positive about Valley Animal Hospital, with only 11 negative reviews."
Pizza My Heart,152,"{'negative': 13, 'neutral': 7, 'positive': 80}","I liked it very much, the pizza was perfect, not overly dry, and had excellent flavor. The only thing i wasn't happy with was the location, for being so close to the strip."
La Tapatia,50,"{'negative': 48, 'neutral': 6, 'positive': 46}",I just have to mention this place because of the excellent food and my enchiladas.
Petrini's Italian Restaurant - Santa Barbara,239,"{'negative': 23, 'neutral': 10, 'positive': 67}","Petrini's is a family owned Italian restaurant serving breakfast, lunch and dinner."
Mama Lu,45,"{'negative': 36, 'neutral': 2, 'positive': 62}",Really really bad Chinese food for the price we paid. Not worth it.
Orogold Cosmetics,47,"{'negative': 66, 'neutral': 0, 'positive': 34}","Although the service was good and the salesman was great, the sales tactics seem a bit disingenuous."
Educated Car Wash,214,"{'negative': 66, 'neutral': 9, 'positive': 24}",Educated Car Wash has had a tough time getting back on track.
America's Tire,93,"{'negative': 9, 'neutral': 0, 'positive': 91}",Overall rating:high.
Spanish Garden Inn,210,"{'negative': 6, 'neutral': 1, 'positive': 92}",Excellent service and location.
Styling Bella Beauty Lounge,34,"{'negative': 15, 'neutral': 0, 'positive': 85}","The salon is beautiful, the customers are friendly, and the prices are affordable. The prices are right for the quality and experience."
Foothill Pet Hospital,42,"{'negative': 36, 'neutral': 2, 'positive': 62}",We took our dog here for a checkup. It was a very pleasant experience. Dr. Rittenberg was excellent. He did a great job as our vet.
Fairview Motors Brakes & Alignment,50,"{'negative': 2, 'neutral': 0, 'positive': 98}","This business has an astounding rating of 98, and it's not a surprise."
Eyeglass Factory,74,"{'negative': 15, 'neutral': 1, 'positive': 84}","Eyeglass Factory is a specialized optical shop with prices below average. The service is adequate, but they're prices are not the best you'll find in a typical pharmacy or grocery store. They're also overpriced and they tend to have a bad selection of frames."
Smithy Kitchen + Bar,143,"{'negative': 29, 'neutral': 14, 'positive': 57}",The dining room is busy with a friendly atmosphere and a gorgeous patio to soak in the sunshine.
European Wax Center,99,"{'negative': 29, 'neutral': 6, 'positive': 65}",The customer service at this location is not as pleasant as it would be if you were in the other locations. You have to walk to the window (the inside door) and get a ticket.
Cantina,117,"{'negative': 4, 'neutral': 11, 'positive': 85}",Best breakfast burrito in town!
Lovely Spa & Nails,134,"{'negative': 33, 'neutral': 9, 'positive': 58}",The customer satisfaction ratings for Lovely Spa & Nails are 134 out of 143.
The Lovin Spoonful,67,"{'negative': 3, 'neutral': 1, 'positive': 96}",The Lovin Spoonful is a great frozen yogurt place near Mesa that has good service and fresh toppings.
Pita Pit,36,"{'negative': 31, 'neutral': 14, 'positive': 56}",Overall a great place to eat. The food is great. They do not have good customer service.
Imagine X Functional Neurology,42,"{'negative': 7, 'neutral': 2, 'positive': 90}",My husband and I met Dr. Adam at Imagine X Functional Neurology and have been impressed by their approach to neurology
MAC Cosmetics,41,"{'negative': 15, 'neutral': 7, 'positive': 78}","Horrible Customer Service, the foundation is great!"
Sears Santa Barbara,53,"{'negative': 72, 'neutral': 2, 'positive': 26}","The Sears in Santa Barbara is fairly mediocre for me. To begin with, the store was terrible to work with. We went there to buy a bed and a washer/dryer. I'm pretty sure we waited for hours before they got our number. They also never rang up our order either so we had to wait for them to deliver our bed. Also, they kept going back to the front to ask us for a credit card so we can get our beds! So when they finally finally do deliver my new beds, they forgot about us and said we have to go somewhere else to"
Wine Tasting Designated Drivers of Santa Barbara,85,"{'negative': 6, 'neutral': 0, 'positive': 94}",This is the place to go if you want to go wine tasting and not worry about driving.
Celltek,69,"{'negative': 12, 'neutral': 0, 'positive': 88}",Best value in the city for repairs.
The Little Door - Santa Barbara,141,"{'negative': 12, 'neutral': 8, 'positive': 80}",The Little Door - Santa Barbara customer rating: 86%
Santa Barbara Smog Shop,88,"{'negative': 0, 'neutral': 0, 'positive': 100}","Excellent service, friendly staff, quick and effective"
Ana's Taco Bar,87,"{'negative': 38, 'neutral': 9, 'positive': 53}","If you need a quick taco fix then this would be a good place to go. It's right downtown so probably on the way to where ever you're going. The tacos and burritos are reasonably priced for how much food you'rea getting, but they're not going to be the best Mexican you've ever had."
Rodney's Grill,39,"{'negative': 31, 'neutral': 15, 'positive': 54}","Rodney's Grill has a pretty decent menu, service was friendly, and the food was good. However, I had a bit of a problem with the ambiance. It was very dark, and it took 20 minutes to get a bartender to seat us. I won't be back"
Elements Restaurant and Bar,43,"{'negative': 30, 'neutral': 9, 'positive': 60}","The food was good, but the price has been elevated."
Rudy's Restaurant,43,"{'negative': 28, 'neutral': 37, 'positive': 35}",Rudy's is a reasonably priced Mexican restaurant. It usually offers quality food but may not be very appealing to those on a budget.
Basil's Italian,65,"{'negative': 12, 'neutral': 8, 'positive': 80}",The service and food was excellent. It's a typical Italian restaurant.
Little Rainbow Foot Massage,82,"{'negative': 23, 'neutral': 4, 'positive': 73}","The Little Rainbow Foot Massage has an A+ customer rating, but the massages are overly painful."
Juice Ranch,173,"{'negative': 17, 'neutral': 9, 'positive': 75}","Juice Ranch, Santa Barbara, California has a wide range of high quality juices."
Rainbow Nails,50,"{'negative': 14, 'neutral': 6, 'positive': 80}","Highly professional and friendly, I have had my nails done here twice & I have never had any problems. Highly recommend."
World Market,58,"{'negative': 10, 'neutral': 10, 'positive': 79}","They have a big clearance section, good service, our favorite part is the food :)"
Divine Align Massage & Yoga,41,"{'negative': 2, 'neutral': 0, 'positive': 98}","Loved the massage and yoga! But the real reason why I'll be back is because of the massage, which was amazing!"
Bob Holzer Towing,121,"{'negative': 6, 'neutral': 1, 'positive': 93}","This review is about Bob Holzer Towing, a Ford towing company, and why it's such a good choice for a quick, affordable towing service. My daughter was involved in an accident on Highway 154 last Friday, and she was stranded on the side of the road, with all wheels off the ground. After her car was totalled, he called Bob Holzers and they picked up her car from the hospital. They were very polite and helpful when they were driving me to the property, and even spent time trying to get my daughter out of the wreckage."
Cox Store,111,"{'negative': 86, 'neutral': 1, 'positive': 14}",Not good customer service with worse cable.
K-Nine Solutions,41,"{'negative': 2, 'neutral': 0, 'positive': 98}",The ultimate approach for dogs.
Baskin Robbins,31,"{'negative': 48, 'neutral': 13, 'positive': 39}",A little rushed around lunchtime at Baskin Robbins.
Cutler's Artisan Spirits,50,"{'negative': 8, 'neutral': 8, 'positive': 84}",Cutler's Artisan Spirits distillery is located in the heart of Downtown Cincinnati. Its tasting room is a fun place to visit. There are plenty of free samples and tasting guides.
Cebada Wine,69,"{'negative': 7, 'neutral': 10, 'positive': 83}",The Blueberry Forbidden Fruit Libation is a lovely combination of fruity wine and sweet wine that makes this place a must stop when visiting Santa Barbara.
Your Pals Pet Hospital,50,"{'negative': 34, 'neutral': 0, 'positive': 66}",This is a veterinarian clinic. It has been running for many years. The staff is friendly and professional. Their pet food is good. The owner is very knowledgeable about what they are selling. They specialize in canine wellness and health care.
Sakura Express,34,"{'negative': 74, 'neutral': 18, 'positive': 9}",Disappointed.
The Closet Trading Company,204,"{'negative': 3, 'neutral': 3, 'positive': 93}","The Closet Trading Company is a shop that sells clothes with high quality at low prices. The clothes are not to cheap and they have some really nice prices. They do accept items on pawn, but they don't treat everyone the same. I took my older pair of shoes there and they looked like they were in good condition."
Lucent Skincare Santa Barbara,63,"{'negative': 3, 'neutral': 0, 'positive': 97}",Lucent Skincare Santa Barbara has a customer rating of 97.35% with 4 reviews.
DIANI,39,"{'negative': 15, 'neutral': 5, 'positive': 79}","Good selection, good prices. The owners seem to really know their stuff."
Gold Coast Locksmith,49,"{'negative': 16, 'neutral': 0, 'positive': 84}",This review is for Josh Goldcoast. He does fantastic work and was quick!
IV Hair,41,"{'negative': 5, 'neutral': 2, 'positive': 93}","This place is a little pricey, but the quality of work is worth every penny."
Shoreline Park,80,"{'negative': 0, 'neutral': 1, 'positive': 99}","Shoreline Park is a park in Santa Barbara, California that has been very popular. Great for walking, biking, running and enjoying views of the harbor."
Shades Spray Tans,48,"{'negative': 0, 'neutral': 0, 'positive': 100}",Highly recommended salon with excellent service and a great reputation.
Best Nails,60,"{'negative': 28, 'neutral': 3, 'positive': 68}",The store was clean and had a good selection of nail products. The salon was small and the customer service was friendly.
Creative Nails,80,"{'negative': 10, 'neutral': 5, 'positive': 85}","The customer rating for Creative Nails is 84% positive, compared to 21% negative and 5% neutral."
Santa Barbara Motorsports,62,"{'negative': 34, 'neutral': 2, 'positive': 65}",The business is family owned and the service is great!
Kennedy's Automotive Center,60,"{'negative': 12, 'neutral': 0, 'positive': 88}",There are no customer reviews for Kennedy's Automotive Center.
Bed Bath & Beyond,33,"{'negative': 27, 'neutral': 18, 'positive': 55}","Bed Bath & Beyond, The new online shopping destination for towels."
ESP Locksmith,65,"{'negative': 9, 'neutral': 2, 'positive': 89}",ESP Locksmith is the most trusted name in lock & key services. ...
Gold's Gym,115,"{'negative': 33, 'neutral': 10, 'positive': 57}","Golds Gym has a positive experience with its equipment and instructors. It has several locations in Santa Barbara, but the location closest to home is so remote that I sometimes wonder if I'm trying to get there. The gym is also small and doesn't have much equipment for weightlifting, which can be a big challenge."
California Avocado Festival,53,"{'negative': 19, 'neutral': 23, 'positive': 58}",The reviews do not accurately describe the size of this event. It is very large and you need to park in advance. Parking was a nightmare...
99 Cents Only Stores,50,"{'negative': 44, 'neutral': 24, 'positive': 32}",This is a bit pricey but it's still pretty good.
Posh Fine Jewelers,46,"{'negative': 30, 'neutral': 4, 'positive': 65}","I brought in my Tiffany ring that lost a seed pearl. When I got it back, the pearl did not look like pearl quality.. it was white, opaque, and clearly stood out as not a "" fine "" piece of jewelry. It surprised me that the jeweler thought it was ok..."
Pack And Post,66,"{'negative': 8, 'neutral': 0, 'positive': 92}","Pack and Post is a nice service, and they're friendly."
Purrmission Lingerie & Swim,36,"{'negative': 17, 'neutral': 0, 'positive': 83}","This is the only place I will shop for lingerie, but I hope it won't be too much of a hassle like Nordstrom."
Santa Barbara Auto Stereo & Wireless,61,"{'negative': 10, 'neutral': 0, 'positive': 90}","I've been to many other stereo shops in SF, and Santa Barbara Auto Stereo was the first place I found that would take care of my CD."
Sandpiper Property Management,70,"{'negative': 84, 'neutral': 0, 'positive': 16}","Very unprofessional, very hard to get in touch with the staff, have a lot of complaints, and have some bad reviews as well"
Chrysler Dodge Jeep Ram Fiat of Santa Barbara,73,"{'negative': 51, 'neutral': 0, 'positive': 49}",The customer service is great and the car can be inspected.
Better Business Bureau,39,"{'negative': 74, 'neutral': 5, 'positive': 21}","I was a consumer and had issues with two cars. BBB looked into the issue and didn't find anything that made sense. I was charged with over $8,000 due to faulty brakes and I thought I had the right paperwork..."
Ocean Oral and Maxillofacial Surgery,30,"{'negative': 20, 'neutral': 0, 'positive': 80}","Ocean Oral and Maxillofacial Surgery is a well-run medical establishment, with good reviews. It is located near the South Coast, right next to a shopping center, which also features restaurants and shops."
H&R Block,30,"{'negative': 57, 'neutral': 10, 'positive': 33}",I wish I could give the company negative stars. It is as bad as it gets.
Pottery Barn,34,"{'negative': 71, 'neutral': 3, 'positive': 26}","This location has terrible reviews, but don't be swayed! My experience at this store was great. They are very friendly and helpful. :)"
Blue Blossoms,50,"{'negative': 2, 'neutral': 0, 'positive': 98}","I've never sent flowers from here before and I wanted to send my friend flowers for her birthday and Blue Blossoms exceeded my expectations!! They sent the most beautiful arrangement I have ever seen/ the colors, the flower choices- everything was just so gorgeous! My friend and all of her co-workers were also very impressed and said they were just so beautifully in person!! I will most definitely be using blue blossom again!!!"
Icon,60,"{'negative': 67, 'neutral': 0, 'positive': 33}","I'm not sure what has happened with this place, but it's quite nice and well priced. I had a room that was squat and really cramped. The shower was small and was not ADA compliant."
Khao Kaeng by Empty Bowl Gourmet Noodle Bar,53,"{'negative': 8, 'neutral': 2, 'positive': 91}",Khao Kaeng by Empty Bowl Gourmet Noodle Bar has a 91 to 8 positive feedback score.
Dart Coffee Co,124,"{'negative': 6, 'neutral': 8, 'positive': 85}","The average customer rating of Dart Coffee Co is 84.6%, based on 10 reviews."
Apna Indian Kitchen,255,"{'negative': 7, 'neutral': 3, 'positive': 90}",Apna Indian Kitchen is a well-reviewed and inexpensive Indian restaurant.
Richies Barber Shop,32,"{'negative': 19, 'neutral': 0, 'positive': 81}",Richie's barber shop deserves a perfect 10! The staff is amazing and Mariay cuts the best hair in town. She's extremely skilled and knows how to make anyone look good. I recommend her and Richiest Barber Shop to anyone looking for a great hair cut in Santa Barbara.
Low Pigeon Coffee Roasters,94,"{'negative': 2, 'neutral': 3, 'positive': 95}",Very friendly and friendly staff. Good coffee.
Mesa Burger - Goleta,110,"{'negative': 21, 'neutral': 10, 'positive': 69}",Mesa Burger - Goleta has a very good rating for the food and customer service. They have fast service and the prices are quite reasonable.
Gilliland Masonry,30,"{'negative': 23, 'neutral': 10, 'positive': 67}",Gilliland Masonry is a highly recommended professional and friendly alternative to the competition.
1114 Sports Bar & Games,145,"{'negative': 20, 'neutral': 10, 'positive': 70}","Great food, a good deal, if you are a sports bar, this is the place to go."
Rincon Beach Bar,113,"{'negative': 5, 'neutral': 4, 'positive': 91}","A restaurant that serves seafood and a seaside bar, Rincon Beach Bar is located in the historic Riverside district of Las Vegas. The venue is a converted wedding venue with an impressive food menu."
Coast & Olive,125,"{'negative': 13, 'neutral': 6, 'positive': 81}",Coast and Olive in the Montecito Inn has the warmth and flow of a well established operation. It also has the unique menus.
Cajé Coffee - Arlington St,72,"{'negative': 1, 'neutral': 8, 'positive': 90}",The experience was great but the service was lousy.
Santa Barbara Trapeze Company & School,35,"{'negative': 0, 'neutral': 0, 'positive': 100}","Located in Santa Barbara, this trapeze camp is a great way to get fit."
EcoLawn,45,"{'negative': 2, 'neutral': 0, 'positive': 98}",The putting green at Ecolawn is beautiful and works perfectly for the environment. The professional crew was great as well.
Cajé Coffee Roasters,36,"{'negative': 6, 'neutral': 6, 'positive': 89}",This is a very nice coffee shop. The coffee is top-notch. The prices are reasonable. It has everything you need for the perfect morning coffee.
Caliber Collision,73,"{'negative': 12, 'neutral': 3, 'positive': 85}",This location is very convenient to get their services. The staff is friendly and quick.
Mulligan's Cafe & Bar,73,"{'negative': 25, 'neutral': 4, 'positive': 71}",This place is a hidden gem.
"The Ritz-Carlton Bacara, Santa Barbara",1446,"{'negative': 28, 'neutral': 13, 'positive': 59}",The Ritz-Carlton Bacara in Santa Barbara was excellent!
Blue Sands  Motel,72,"{'negative': 17, 'neutral': 11, 'positive': 72}",Not particularly good for a family with kids.
Sushi GoGo,181,"{'negative': 22, 'neutral': 15, 'positive': 64}",a No-No!
Lavender Inn by the Sea,167,"{'negative': 10, 'neutral': 9, 'positive': 81}",The Lavender Inn was pretty clean and the breakfast was very good.
Outpost,207,"{'negative': 21, 'neutral': 17, 'positive': 62}",This place is fun but not the best I have ever been to in my life.
i-Caramba Mobile Smartphone and Tablet Repair,35,"{'negative': 23, 'neutral': 3, 'positive': 74}",A quick turnaround on repairs but a high cost
Jerry's Plumbing & Heating,32,"{'negative': 69, 'neutral': 3, 'positive': 28}",-Tax quote for one hour was not provided...it took months.
Noodle City,498,"{'negative': 21, 'neutral': 15, 'positive': 63}","The Taste is not bad, but the vegetables are so unfresh, like left over from two days ago"
Baja Sharkeez,667,"{'negative': 28, 'neutral': 10, 'positive': 62}",This place is a joke!
Spa Cía,85,"{'negative': 4, 'neutral': 1, 'positive': 95}","This is a five star review for Spa Cia, which caters to women who want to get their waxed. The salon is very clean and organized, the staff is friendly with a positive attitude and they all have great bedside manners."
Nikka Fish Market and Grill,396,"{'negative': 12, 'neutral': 7, 'positive': 81}",This is my favorite place in the Calle Real strip mall.
Dune Coffee Roasters - State Street,639,"{'negative': 9, 'neutral': 8, 'positive': 83}",Dune Coffee Roasters is located in State Street with a 1 star rating
Los Arroyos Mexican Restaurant & Take Out,896,"{'negative': 18, 'neutral': 15, 'positive': 67}","The food is good, but it can be a bit hit or miss in terms of quality and presentation"
Cafe Luck,56,"{'negative': 18, 'neutral': 21, 'positive': 61}","Cafe Luck is nicely designed and a good place to go for a quiet night out, especially around 11:30pm."
Home Plate Grill,239,"{'negative': 7, 'neutral': 3, 'positive': 90}",The service is excellent. They did a great job on our rotisserie chicken. Our family had great service. The food was good.
Casey's Garage & Discount Smog Center,77,"{'negative': 31, 'neutral': 1, 'positive': 68}",The customer service is not that great.
Anna's Marketplace Bakery,213,"{'negative': 21, 'neutral': 8, 'positive': 70}","A pretty average bakery that has average food and mediocre service. The cakes are not worth the money. They also have a card for ordering, but no receipt with the debit/credit card machine"
Mesa Pizza,179,"{'negative': 15, 'neutral': 7, 'positive': 79}",Mesa Pizza is a delicious pizza place. The servers are always friendly and the food tastes great.
Santa Barbara FisHouse,1165,"{'negative': 22, 'neutral': 14, 'positive': 64}",I was happy with the food and staff.
Yankee Noodle,105,"{'negative': 18, 'neutral': 16, 'positive': 66}","This establishment has a few unique beers that are sold out, but not much else."
Salon Patine,280,"{'negative': 8, 'neutral': 1, 'positive': 91}",Salon Patine has received 5 stars.
Corazon Cocina,868,"{'negative': 5, 'neutral': 4, 'positive': 91}",Best tacos in Santa Barbara right now with great homemade tortillas and freshness
Brass Bear Brewing & Bistro,275,"{'negative': 3, 'neutral': 3, 'positive': 94}",The Brass Bear has a mixed opinion. Some of the reviews we've read are very positive. Others are mixed. The prices are fair and the food is pretty good.
Santa Barbara Botanic Garden,267,"{'negative': 15, 'neutral': 7, 'positive': 78}","Santa Barbara Botanic Garden contains only native plants, and is remarkable to see how these work so beautifully to provide color, form, and drought tolerance. Much of the garden burned in 2009. However, the fire-adopted plants have come back vigorously and there is little evidence of the burn. The garden has ambitious expansion plans."
Kimchi Korean BBQ,322,"{'negative': 17, 'neutral': 9, 'positive': 74}","Wonderful BBQ, great service"
Velvet Jones,98,"{'negative': 30, 'neutral': 15, 'positive': 55}","I came here with a friend of mine and we we're both so grossed out we left like 30 min into it. There wa shit all over the floor and I'm not talking spilled drink there was like gum, trash everywhere, some dude standing near us at the bar kept spitting on the floor I was disgusted. SO I'"
Opal Restaurant & Bar,978,"{'negative': 9, 'neutral': 10, 'positive': 81}","-My favorite restaurant in town! Why? 1) You can get really nice, delicious, gourmet food here without spending your whole paycheck. 2) The service is great, with cool french posters 4) It's right next to the Arlington, which makes it perfect for dinner and a movie. 5) If you are going for a special occasion they write whatever you want in chocolate syrup on the dessert plate, which is just fun =) And of course, the FOOD! I have been here about 8 times, and every single time the food has been fantastic. From the salads, to -Oopal how"
Java Station,206,"{'negative': 21, 'neutral': 16, 'positive': 64}","Java Station is a coffee and pastry store that serves coffee, gelato, desserts, ice cream, and other specialty foods."
Alphie's Restaurant,177,"{'negative': 27, 'neutral': 17, 'positive': 56}","The decor inside is interesting but it has a slight smell of diner grease. The food was disappointing here. Everything we ordered was overdone, from the pancakes to the potato skins tothe omelette -- dry and crusty. The biscuits and gravy we got were not worthy of the other rave reviews seen here. Perhaps we had a bad day, but this is not a place I'd choose to return to."
Taqueria La Colmena,110,"{'negative': 15, 'neutral': 14, 'positive': 72}","Taqueria La Colmena serves authentic, affordable burritos and other dishes made with local ingredients."
Lucky Llama Coffee,501,"{'negative': 7, 'neutral': 7, 'positive': 85}","If you like strong coffee, tasty pastries, and a beautiful atmosphere, this is your place! Super nice staff, and very good service. Their normal coffee is good and the espresso is awesome as well! Great Acai Bowl for lunch."
Nectar Eatery & Lounge,136,"{'negative': 12, 'neutral': 10, 'positive': 78}",The food was amazing. The service was outstanding. The ambience was great and the atmosphere was just ok. It would be nice to have less noise. I think it would be great for those of you looking to get a nice splurge.
Lazy Acres Market - Santa Barbara,267,"{'negative': 27, 'neutral': 8, 'positive': 65}",This is a pretty fair competition to the Whole Foods on a small scale.
Kyle's Kitchen,1241,"{'negative': 15, 'neutral': 12, 'positive': 73}","The food was good, the waitress was very nice. However, the food was slightly above average for the price."
Cabrillo Inn at the Beach,122,"{'negative': 50, 'neutral': 16, 'positive': 34}",Overall this hotel is a bit tired and just need a little upgrade.
Taqueria El Bajio,247,"{'negative': 18, 'neutral': 5, 'positive': 77}","Taqueria El Bajio received a score of 5 stars. The food is good, the service is friendly and you can see your food being prepared."
Rosales Mexican Restaurant,231,"{'negative': 6, 'neutral': 5, 'positive': 89}","Although the ratings are very average, Rosales Mexican Restaurant is a great choice if you are looking for authentic and good food."
Bagel Market Cafe,79,"{'negative': 24, 'neutral': 9, 'positive': 67}","Bagel Market Cafe has a great selection of bagels and doughnuts. The have the best Cranberry-Orange bagel I have ever had and offer a selection of fancier bagel sandwiches which I have never tried. Finally their doughnut was very good an always fresh, if you get there later in the day there may not be much of a variety left as they make what they do in the morning and that is it. On the bright side they were busy and processing everyone quickly so thier staff was very responsive. on the bright"
SB Buggie,233,"{'negative': 4, 'neutral': 0, 'positive': 95}","The location in Santa Barbara, and the customer service, are great. It's all about having a good time."
Benchmark Eatery,560,"{'negative': 17, 'neutral': 14, 'positive': 69}",- The food is really good. The children liked the food. That's always a plus!
Telegraph Brewing Company,139,"{'negative': 12, 'neutral': 11, 'positive': 78}","Telegraph Brewing Company is a craft brewery that sells bottled beers and spirits. It is located near the intersection of Avondale and Meridian and serves the Portland, Oregon area."
Jane,751,"{'negative': 10, 'neutral': 8, 'positive': 82}","Located on State Street, this restaurant has a casual chic atmosphere, delicious food, and a great wine list."
Yasa Yoga,75,"{'negative': 9, 'neutral': 4, 'positive': 87}","The studio is beautiful. I had a great time and the instructors were awesome. However, they should keep there class sizes regulated so as not to get too cramped."
Wildwood Kitchen,222,"{'negative': 18, 'neutral': 13, 'positive': 68}","This Wildwood Kitchen is a nice place to eat and drink. It is upscale, but not slammed with tourists like the more popular, cheaper places in Vegas. It has some decent food, but it isn't that great."
Madison's Sports Grill,69,"{'negative': 39, 'neutral': 35, 'positive': 26}","Madison's Sports Grill is a sports bar. If you want a quick bite, it's not really a good place for lunch or dinner. -To be fair, we've only been here once, and I suppose it'd be a little unfair to judge a restaraunt based on only one experience, but ..."
Mattress Mike Furniture Gallery,95,"{'negative': 2, 'neutral': 0, 'positive': 98}","This business has a high customer satisfaction rating, and they offer affordable, professional mattress sales."
Energy Tattoo,176,"{'negative': 15, 'neutral': 2, 'positive': 84}",The company has a longstanding reputation for quality tattoos and piercings.
iGrill Korean BBQ,111,"{'negative': 38, 'neutral': 17, 'positive': 45}",iGrill is a Korean restaurant and it has a rating of 1 out of 5 stars.
Green Star Coffee,85,"{'negative': 6, 'neutral': 7, 'positive': 87}","Great coffee, great price, friendly staff. Nuff said!!"
El Paseo Mexican Restaurant,266,"{'negative': 34, 'neutral': 8, 'positive': 58}","This restaurant is average - if you want Mexican food this is the place to go. The food is pretty decent and the portions are big. It's a bit pricey for the quality of food, but that's expected for a buffet."
JRA Designs & Alterations,46,"{'negative': 2, 'neutral': 2, 'positive': 96}","I brought a bridesmaid dress to JRA Design and he took my measurements and gave me a consultation for free; he helped me identify elements of a wedding dress that would fit my body type and personal style. When I found an inexpensive wedding dress online with his recommendations in mind, he altered it to fit me perfectly by taking in the back and shoulders at a reasonable price.. business: JRA Designs & Alterations include the overall sentiment distribution provided by: 46"
Norton's Pastrami and Deli,47,"{'negative': 19, 'neutral': 4, 'positive': 77}","This place is not too crowded and the prices are reasonable. I've had pastrami, corned beef, onion rings, and french dip sandwiches there over the years."
The Patio Cafe Santa Barbara,66,"{'negative': 44, 'neutral': 3, 'positive': 53}","The Patio Cafe in Santa Barbara, Ca. (and the surrounding area) is a mid-range restaurant with a handful of negative reviews."
Dino's Body Shop,37,"{'negative': 8, 'neutral': 3, 'positive': 89}",This review is from a customer who came to Dino's Body Shop with her car having been hit. She went in with two of her side view mirrors on her car and she was shocked when the estimate came to $400 each! The tech told her they were made to fit and wouldn't have been that much money for either side view...she paid $400 and left with a great deal! I am a repeat customer and I highly recommend Dino’s Body shop!
Simpson House Inn,115,"{'negative': 9, 'neutral': 3, 'positive': 88}","The Simpson House Inn is an ideal place for romantic getaways, friends and family that can enjoy a relaxing weekend away in Santa Barbara. The Simpson house inn serves breakfast, lunch and dinner, with the dining room offering complimentary wine, snacks, drinks and hors d'oeuvres. The service is impeccable and the grounds are well maintained. The food selection is varied and delicious."
Emilios Ristorante & Bar,50,"{'negative': 16, 'neutral': 18, 'positive': 66}","This Italian place is very close to the river and has good reviews, but is also somewhat expensive."
Santa Barbara Rock Gym,57,"{'negative': 7, 'neutral': 7, 'positive': 86}","This one of the best places for rock climbing in town, that's what we decided to go down."
The Hungry Cat,492,"{'negative': 20, 'neutral': 11, 'positive': 69}","""Eventhough the menu is limited to oysters, the seafood is great and the service is superb. I would recommend this place to anyone looking for an inexpensive, but good quality meal."""
Taste Santa Barbara Food Tours,126,"{'negative': 2, 'neutral': 2, 'positive': 97}",Taste Santa Barbara Food Tours has a rating of 96 based on 126 reviews.
Waxing by Cody Marie,53,"{'negative': 0, 'neutral': 0, 'positive': 100}",Great experience
Terra Sol Garden Center,56,"{'negative': 7, 'neutral': 4, 'positive': 89}",Terra Sol Garden Center is a very popular shop for people who like to buy plants. The prices are great and there is always a good selection of pots. They have excellent customer service and they have knowledgeable staff that can answer questions.
Bay Roadhouse Bar and Grill,91,"{'negative': 32, 'neutral': 11, 'positive': 57}",They were pretty messed up after our visit.
Sit 'n Sleep,31,"{'negative': 13, 'neutral': 3, 'positive': 84}","Bad experience, start to end. Customer service is disgraceful. No one listens, no ones at Sit 'n Sleep seems to talk to one another"
Rudy's Mexican Restaurant,141,"{'negative': 43, 'neutral': 14, 'positive': 43}",Rudy's Mexican Restaurant is the best option for those looking for a decent dining choice but with somewhat mediocre food.
Foxtail Kitchen & Bar,273,"{'negative': 17, 'neutral': 6, 'positive': 77}",Foxtail Kitchen & Bar is not rated yet.
GadgetFix,140,"{'negative': 4, 'neutral': 1, 'positive': 96}","Customer service is amazing. I'm a big fan, but there's a little more to this place than meets the eye."
Pastavino,52,"{'negative': 40, 'neutral': 21, 'positive': 38}",Not impressed. Very salty food.
Ross Dress for Less,70,"{'negative': 43, 'neutral': 19, 'positive': 39}","The Ross Dress for Less in Santa Barbara is a clean and well organized store. It has clothes, shoes, kitchen goods, and linens at lower prices. It is also known for its high fashion clothing and accessories."
LunaBella Make-up & Hair,110,"{'negative': 8, 'neutral': 3, 'positive': 89}",Great place for makeup and hair!
Fremont Campground,52,"{'negative': 25, 'neutral': 12, 'positive': 63}",This was our first visit to this campground but the previous one wasn't a good one.
Pure Joy Catering,86,"{'negative': 13, 'neutral': 2, 'positive': 85}",Pure Joy Catering is a wonderful company and they provide exemplary service at a great price.
Santa Barbara Barbers,57,"{'negative': 23, 'neutral': 0, 'positive': 77}",57 people found positive reviews for Santa Barbara Barbers.
Avania Inn of Santa Barbara,204,"{'negative': 49, 'neutral': 13, 'positive': 38}","The rooms are clean and they're nicely decorated. They aren't fancy, but they are sufficiently comfortable."
Bath Street Inn,151,"{'negative': 1, 'neutral': 7, 'positive': 91}","Bath Street Inn offers a unique experience for those looking for an affordable, intimate, and deliciously authentic stay."
Beach Bowl,56,"{'negative': 25, 'neutral': 16, 'positive': 59}","You would think that since the manager ran the place for many years it would be a good place. Well it isn't any different. The service is too slow and the food is very average. For $12.50 per drink, you get what you pay for."
Nok's Expert Thai Massage Center,53,"{'negative': 4, 'neutral': 0, 'positive': 96}","Great massages and friendly staff, great prices!"
Xo Coffee & Tea Bar,55,"{'negative': 22, 'neutral': 11, 'positive': 67}",The customer rating for Xo Coffee & Tea Bar is 56% positive with the average rating being 44% positive.
Rori's Artisanal Creamery,605,"{'negative': 7, 'neutral': 8, 'positive': 86}",Customer service is great.
Fire & Wine Catering,39,"{'negative': 0, 'neutral': 0, 'positive': 100}",Fire and Wine is a highly recommended caterer that provides delicious food and drinks. The venue uses very high quality ingredients and they have a wide selection to choose from.
Best Buy,174,"{'negative': 58, 'neutral': 5, 'positive': 37}",Negative Customer Service
Fancy Nails,81,"{'negative': 46, 'neutral': 5, 'positive': 49}",Fancy Nails is a great place to get your nails done.
Lemos Feed & Pet Supply,85,"{'negative': 5, 'neutral': 6, 'positive': 89}","Great prices, friendly staff and good pet food."
Best Western Plus Santa Barbara,180,"{'negative': 23, 'neutral': 18, 'positive': 59}",This hotel is pretty in good shape for a Best Western.
Gino's Sicilian Express,261,"{'negative': 15, 'neutral': 11, 'positive': 74}",I had the calzones. They are good.
The Sacred Space,136,"{'negative': 1, 'neutral': 2, 'positive': 96}",The owners are very sweet and friendly.
Bangkok Palace,47,"{'negative': 21, 'neutral': 28, 'positive': 51}","The food is great, the service is great and the ambiance has a nice family feel."
Trattoria Vittoria,341,"{'negative': 18, 'neutral': 10, 'positive': 72}","Excellent service, warm, friendly atmosphere."
Belmond El Encanto Dining Room,234,"{'negative': 38, 'neutral': 15, 'positive': 47}",One star for the oysters.
Reds Bin 211,107,"{'negative': 17, 'neutral': 13, 'positive': 70}","I was disappointed. It's a bar, so that doesn't make it any better."
State Street Coffee,93,"{'negative': 33, 'neutral': 13, 'positive': 54}","The drinks are decent, service is ok."
Arts & Letters Cafe,69,"{'negative': 4, 'neutral': 6, 'positive': 90}",The Arts & Letters Cafe is located right in downtown Santa Barbara and has a great reputation for their quality and variety of menu items.
Riverbench Santa Barbara Tasting Room,122,"{'negative': 12, 'neutral': 11, 'positive': 77}",Riverside is known for its sparkling wine. This establishment has a unique atmosphere with friendly and knowledgeable staff. The menu is unique and the prices are affordable.
Pacifica Suites,185,"{'negative': 31, 'neutral': 9, 'positive': 61}","Pacifica Suites is a family friendly, boutique hotel located at the east end of the Las Vegas Strip."
Wine Canyon Tours,155,"{'negative': 2, 'neutral': 1, 'positive': 97}",This business has a very positive rating and a pretty reasonable price. The tour guides are all nice as well. I highly recommend them.
Yoga105°,32,"{'negative': 16, 'neutral': 12, 'positive': 72}","I love this place. The staff and the owner are very good. The only reason I don't give this place 5 stars is that they don' t have child care and it's a bit pricey. However, it' s wonderful to come to and get a good workout in and detox a little!!"
Dune Coffee Roasters - Storke,162,"{'negative': 11, 'neutral': 10, 'positive': 79}",Dune Coffee Roasters Storke has a great coffee shop atmosphere in the centre of town and a very nice and friendly staff.
Shalhoob's Funk Zone Patio,374,"{'negative': 8, 'neutral': 6, 'positive': 86}","The Patio is a new addition to an old tradition. Thank you for bringing some really yummy food the neighborhood. The casual but inviting patio has a certain charm. I ordered the tri-tip sandwich with marinated kale, my wife ordered the special (tri-tip tacos and an excellent verde salsa). Everything was delicious and perfectly cooked. The tri- tip was tender, and the salsa on top was just right. I stole a bit of my wife's salsa as well--highly recommended. There are signs hung up all."
Lewis Plumbing,71,"{'negative': 38, 'neutral': 1, 'positive': 61}",The overall sentiment of the reviews is 87% positive and 62% negative.
Your Handyman,33,"{'negative': 15, 'neutral': 0, 'positive': 85}",Service was great and price was reasonable. Mark and his crew were professional and courteous.
Goodland Florist,91,"{'negative': 22, 'neutral': 0, 'positive': 78}",Goodland Florist has been rated highly by customers of YELP.
Anthropologie,45,"{'negative': 16, 'neutral': 11, 'positive': 73}","Anthropologie is a little on the expensive side but the selection and quality are good. There are a few items that are too pricey to buy, but overall the store is pretty nice and they're very friendly. The staff is also friendly."
Norvell Bass Cleaners,33,"{'negative': 67, 'neutral': 0, 'positive': 33}","A nice, very clean, affordable cleanser."
Skin Deep,74,"{'negative': 16, 'neutral': 5, 'positive': 78}",Overall rating: 76 out of 100
Salon Del Mar,40,"{'negative': 20, 'neutral': 0, 'positive': 80}",The atmosphere was very nice and the stylists were friendly. We had different highlights/cutting as a special request.
Takenoya,74,"{'negative': 50, 'neutral': 23, 'positive': 27}",This place has the worst Japanese food EVER!
Punch Vintage,44,"{'negative': 23, 'neutral': 5, 'positive': 73}","Located on State Street in Santa Barbara, Punch Vintage is a wonderful store for vintage finds. However, the shop is somewhat disappointing for people with a bad attitude."
Hampton Inn Santa Barbara/Goleta,153,"{'negative': 27, 'neutral': 16, 'positive': 57}",The Hampton Inn Santa Barbara/Goleta has a negative customer rating of 13%
Sanford Winery Tasting Room,69,"{'negative': 7, 'neutral': 3, 'positive': 90}",Sanford Winery Tasting Room has a high customer satisfaction rating and a low cost.
Best Price Auto Glass,89,"{'negative': 6, 'neutral': 1, 'positive': 93}","Best price Auto Glass are a family owned and operated business. They have been in business for more than 10 years. They also offer several services, including repair of car windows (all glass) and auto body repairs. They are known for their quality work and pricing. They offer a free ride from home to their shop as well as a car wash."
The Taj Cafe,47,"{'negative': 53, 'neutral': 15, 'positive': 32}",The Taj Cafe is a reasonably priced Indian food place. Service is great and the food is good.
Anacapa Auto Body & Paint,52,"{'negative': 2, 'neutral': 0, 'positive': 98}","Overall customer satisfaction at Anacapa Auto Body & Paint is above average, but the services were very good."
Santa Barbara Bikes To Go,91,"{'negative': 1, 'neutral': 2, 'positive': 97}",Great selection of bikes for the whole family.
Paesano's Pizzeria,58,"{'negative': 22, 'neutral': 9, 'positive': 69}",The food is average but the prices are reasonable. The service is friendly and the restaurant has a nice atmosphere.
Cantwells Summerland Market,51,"{'negative': 27, 'neutral': 12, 'positive': 61}","Cantwells Summerland Market has an average quality selection; it has a good prices, but service is bad."
Rosarito,118,"{'negative': 53, 'neutral': 12, 'positive': 36}",Although it has better reviews than Freebirds. Rosarito has the best food in all of Las Vegas.
Tino's Italian Grocery,96,"{'negative': 9, 'neutral': 6, 'positive': 84}","My husband and I took our 3 year old daughter, who is a huge sandwich fan, to Tino's Italian Grocery once. It was the most wonderful experience we have had in the past year! They can do hot subs, cold subs and combos. They don't cut corners on any of their food. They do have some great specials for the kids and they keep it clean and their soda selection is pretty extensive. I love this place!"
Lily's Flowers and Fruity Florets,43,"{'negative': 44, 'neutral': 2, 'positive': 53}","Lily's Flowers has the best customer service in Phoenix , I've been with them for several years now."
West Wind Drive-In Santa Barbara,119,"{'negative': 8, 'neutral': 6, 'positive': 87}",There are 119 reviews for this drive-in theater. Average rating is 8.8 based on 111 reviews.
Optometry Care Santa Barbara,40,"{'negative': 22, 'neutral': 5, 'positive': 72}",Overall positive and friendly staff but a little rude receptionist.
Tropicana Gardens,101,"{'negative': 66, 'neutral': 3, 'positive': 31}","As a parent, I was hoping for this to be a great experience for my daughter's first year away from home. The rooms are nice and the marketing for the dorms was good enough to draw us in. The negatives: Over priced b) run poorly c) terrible food. Agree with other comments about how they enforce rules. While overlooking some serious problems, they seem to over ""FINE"" for silly things. One parent shared a story. A girl brought home a coffee mug from the cafeteria."
Panera Bread,210,"{'negative': 65, 'neutral': 10, 'positive': 26}","Good sandwiches, but poor service."
Ducati Vespa of Santa Barbara,40,"{'negative': 32, 'neutral': 0, 'positive': 68}","The Ducati Vespa of Santa Barbara has been a great addition to the bike community. The staff is friendly, knowledgeable and offers top quality service. They support their local bikers and offer discounts on their services as well."
Giovanni's,145,"{'negative': 21, 'neutral': 24, 'positive': 55}",WORST customer service.
Urkeb,98,"{'negative': 12, 'neutral': 7, 'positive': 81}",Good food and good service. The owner is friendly.
The Factory Appliance,45,"{'negative': 42, 'neutral': 0, 'positive': 58}","The Factory is an excellent place to purchase appliances, and the technicians are friendly."
Wash N' Go,138,"{'negative': 28, 'neutral': 3, 'positive': 70}",This review is based on our experience at Wash N Go in Charlotte.
SB Sunshine Cafe,212,"{'negative': 7, 'neutral': 5, 'positive': 88}",A nice clean place with plenty of seating. Open for breakfast and lunch only. I had the Pork Verde Eggs Rancho which was great. Great service and good quality of food with good parking. We enjoyed breakfast and want to go back for lunch! -The wife and I came to Santa Barbara for spur of the moment trip. Checked into a cheaper motel (you get what you pay for ) and found the Sunshine Cafe next door. A nice...
Fit Buddha,74,"{'negative': 5, 'neutral': 7, 'positive': 88}",...
Z's - Taphouse & Grill,41,"{'negative': 15, 'neutral': 20, 'positive': 66}","Yes, it was a family place with great food! But the service had a lot of mistakes and the bartender was rude as well."
Taco Bell,176,"{'negative': 44, 'neutral': 11, 'positive': 45}","Taco Bell is not the place to go for a quick meal. However, it is very clean with friendly staff. The food is good and they have nice parking. They have a restroom."
Angels Nail & Spa,189,"{'negative': 14, 'neutral': 4, 'positive': 82}","The customer service isn't great, but the manicures and pedicures are pretty good."
Sweet Cheeks,84,"{'negative': 5, 'neutral': 1, 'positive': 94}",Excellent place to meet friends.
Wallace Cleaning Company,31,"{'negative': 16, 'neutral': 0, 'positive': 84}",Wallace Cleaning Company has a very high approval rating of 84%.
Avis Rent A Car,33,"{'negative': 42, 'neutral': 3, 'positive': 55}",Review: Avis Rental Cars
AT&T Store,83,"{'negative': 61, 'neutral': 0, 'positive': 39}",This marks 1 hour of waiting and there's still a couple associated literally just standing around. What do these people even get paid to do? .
Lush,87,"{'negative': 6, 'neutral': 5, 'positive': 90}",Lush has been popular in the past and the reviews are accurate. The products are unique and the staff is friendly.
"Kiken Robert, DDS - Ocean Oral and Maxillofacial Surgery",31,"{'negative': 10, 'neutral': 0, 'positive': 90}","For a dentist, Dr. Robert Kiken is great. The office is clean, the doctor is pleasant and a reasonable price."
Dj Zeke,62,"{'negative': 2, 'neutral': 0, 'positive': 98}",DJ Zeke has performed at many events in the past and is a reliable dependable professional DJ who can be relied upon for top notch event music and audio.
Julie Morgan Hair and Makeup,36,"{'negative': 6, 'neutral': 3, 'positive': 92}","Julie does very good makeup and hair, but she's a little rough around the edges with her personality."
TEAM Hair & Makeup,79,"{'negative': 10, 'neutral': 3, 'positive': 87}",TEAM Hair and Makeup is a nail salon that also offers hair and makeup.
Lovin Oven Mediterranean,54,"{'negative': 19, 'neutral': 7, 'positive': 74}","The overall rating for Lovin Oven Mediterranean is 54% positive, which is above average for Mediterranean restaurants."
Lara's Auto Repair,44,"{'negative': 9, 'neutral': 2, 'positive': 89}","Lara Auto Repair has 89 out of 250 customers, with 9 reviews from positive, 44 out of 100 from negative, and 2 from neutral."
Cal Coast Adventures,185,"{'negative': 0, 'neutral': 1, 'positive': 99}","Cal Coast Adventures have been doing business for 20 years. I would highly recommend to anyone looking for bike rentals, or other adventurous activities."
Santa Barbara Autowerks,80,"{'negative': 6, 'neutral': 0, 'positive': 94}","Best auto shop in town! Very friendly, professional and fast. The job was done right and the price was right. I recommend this shop highly!"
The B Boutique,39,"{'negative': 26, 'neutral': 3, 'positive': 72}",The B Boutique is a great salon with an average rating.
Oveja Blanca Restaurante,46,"{'negative': 4, 'neutral': 2, 'positive': 93}","Oveja Blanca is a tapas bar, but the food is fantastic. The service is good and the atmosphere is great. The waiter was great and made sure you had the best experience."
Sprouts Farmers Market,125,"{'negative': 26, 'neutral': 8, 'positive': 66}","Clean, plentiful selection and staff are friendly."
Santa Barbara Family YMCA,38,"{'negative': 29, 'neutral': 18, 'positive': 53}","-A good place to workout but nothing amazing. Cardio equipment is brand new but the weight room could use an update. -Discrimination!!!!!! Firstly I need to say that most of the employees are friendly, knowledgable and polite. However, I had an incident or incident I should say that occurred and I was lied to by the young ladies who wrote me up. I was given a warning but assured that as long as history did not repeat it self I had nothing to worry about. This happens a week after the incident. I am not sure what happened in my last review but"
Ayers Automotive Repairs,144,"{'negative': 65, 'neutral': 3, 'positive': 33}",They charge $120 to look at your car.
Leadbetter Beach,44,"{'negative': 16, 'neutral': 16, 'positive': 68}",The beach is very pretty and for being a dog friendly it's great.
Happy's Auto Body and Paint Shop,53,"{'negative': 11, 'neutral': 2, 'positive': 87}","I came here for an oil change because they had the Axxess card and it took off 50% of first service and I was happy with the service I received! I had no trouble calling in and making an appointment day of and it is conveniently located near State street so while they work in your car, you can walk around! They did the job pretty quickly despite seeing they had a lot of other cars to work on in the shop. Overall I was satisfied with the oil change that was done but was a little surprised by the price. It was $74 for a CONVENTIONAL oil change -N"
The Funk Zone,43,"{'negative': 14, 'neutral': 16, 'positive': 70}",A wine lover's paradise in the Santa Barbara Funk Zone
Tyler's Donuts,54,"{'negative': 19, 'neutral': 7, 'positive': 74}","Really nice donuts and friendly staff. Prices are reasonable, but the quality of the doughnuts is not top-notch. The employees will often yell at you about what is wrong with the donut."
Santa Barbara Car Wash & Detail Center,86,"{'negative': 72, 'neutral': 9, 'positive': 19}",The overall sentiment of the reviews for Santa Barbara Car Wash & Detail Center is 86.1% negative.
The Cliff Room,39,"{'negative': 8, 'neutral': 15, 'positive': 77}",The Cliff Room is a dive bar in the downtown area and has a lot of character.
Xanadu Bakery,41,"{'negative': 32, 'neutral': 15, 'positive': 54}","A little pricey, but the cake is great."
Turnpike Shell & The Point Market,42,"{'negative': 45, 'neutral': 2, 'positive': 52}",Turnpike Shell & The Point Market is the only shop in Chandler that charges a fee for a parking space.
San Andres Hardware,36,"{'negative': 39, 'neutral': 3, 'positive': 58}",Good locally owned and run hardware store.
Rocket Fizz Soda Pop & Candy Shops,36,"{'negative': 8, 'neutral': 6, 'positive': 86}",Excellent prices for excellent customer service.
Pacific Diagnostic Laboratories,35,"{'negative': 60, 'neutral': 6, 'positive': 34}",It was a little bit over priced.
Adobe Pet Hospital,43,"{'negative': 14, 'neutral': 0, 'positive': 86}",The overall positive sentiment for Adobe Pet Hospital is 86%.
Steve's Patio Cafe,35,"{'negative': 31, 'neutral': 14, 'positive': 54}",Best casual breakfast spot in Santa Barbara
Paradise Springs Winery,66,"{'negative': 9, 'neutral': 8, 'positive': 83}","This place is awesome! The staff is awesome, the wine is delicious, and the location is perfect for a relaxing wine tasting in Santa Barbara."
Feast and Fest Catering,32,"{'negative': 9, 'neutral': 3, 'positive': 88}",Excellent service - very knowledgeable and helpful - food looked great.
Peaches Skin Care,89,"{'negative': 20, 'neutral': 6, 'positive': 74}","I got my first facial at Peaches last week and I am so happy with the results of just one facial! I have struggled with acne my whole life and have tried every product and treatment you can imagine. My biggest issue now is the scaring that results from my years acne and with just one face facial and one week use of their products, I notice less redness and my face is so much smoother. I have been able to go all week with little to no makeup. Nicole was incredible....sweet, attentive, and knowledgeable about skin, especially while focusing on my specific skin concerns."
Ice in Paradise,36,"{'negative': 17, 'neutral': 8, 'positive': 75}","This new ice rink in Goleta has a unique feel. It's small and pretty quiet, although the staff is quite friendly. The music is good (even more so than some of the other rinks I have visited) and the quality of the food is average for the area."
Silver And,33,"{'negative': 21, 'neutral': 0, 'positive': 79}","The Silvers is one of my favorite jewelry stores. It has lots of unique and affordable items. Despite some recent prices, I continue to buy from them because they have so many beautiful pieces. The jewelry selection is really vast and the selection of rings is superb. I have always been extremely pleased with their service and customer service. I also love that they offer a 10% discount for new customers."
Killer B's BBQ Bar and Grill,231,"{'negative': 23, 'neutral': 13, 'positive': 65}",This place has a pretty good rating... but it'll only be ok with your expectations
Santa Barbara Beach Horseback Rides,90,"{'negative': 17, 'neutral': 3, 'positive': 80}","The beach ride was epic and for sure a bucket list type of ride. As someone who grew up riding every now and again, I have to say riding on the beach does beat all! And as a local, I thought I had done everything there was to do in town."
MasterCare Home Cleaning Services,52,"{'negative': 10, 'neutral': 4, 'positive': 87}","Very nice staff, they are great at what they do."
The G Spa,53,"{'negative': 23, 'neutral': 2, 'positive': 75}",The G Spa has a high customer satisfaction rating.
Marshalls,35,"{'negative': 29, 'neutral': 11, 'positive': 60}","For those of you who aren't familiar with American Marshall's, Marshall' not only sells furniture, but also has a bookstore at the end of their mall. While the store is smaller than other Marshall' locations, it's still well-organized. The store is fairly big, its furniture prices are reasonable, and the designer department is surprisingly large as well."
The Point Market at Coast Village Chevron,34,"{'negative': 32, 'neutral': 9, 'positive': 59}",This place has a remodeled Chevron and has gotten some updates
Victoria's Secret,34,"{'negative': 38, 'neutral': 6, 'positive': 56}","I have had the best experience at this location due to excellence In customer service. Genuine, fun, and sweet was Jocelyn the woman who helped me, I felt like I was shopping with my best friend! She makes me excited to go back!"
Sugar,66,"{'negative': 0, 'neutral': 0, 'positive': 100}",I've been going to Michelle for 10 years and she is so friendly and helpful.
Paperback Alley Used Books,33,"{'negative': 6, 'neutral': 0, 'positive': 94}","Excellent used bookstore, with tons of books to choose from."
Santa Barbara City College,35,"{'negative': 23, 'neutral': 6, 'positive': 71}",Overall a positive experience for students.
Roost,77,"{'negative': 5, 'neutral': 0, 'positive': 95}",Roost is a place located in the area of Mandalay Bay. It has high quality and delicious food.
Mad Fitness SB,37,"{'negative': 3, 'neutral': 0, 'positive': 97}",Great place.
Studio S Salon & Spa,61,"{'negative': 11, 'neutral': 2, 'positive': 87}",Great service and quality haircuts.
FreeWalkingTourSB,48,"{'negative': 0, 'neutral': 0, 'positive': 100}","John does an amazing job on his historic walking tours and informative stories. He has researched and woven together pieces of Santa Barbara history and ""fascinating facts"" in the perfect way to inform, entertain, enrich."
Coast Carpet Cleaning,36,"{'negative': 3, 'neutral': 0, 'positive': 97}",Coast Carpet Cleaning is a carpeting cleaning company with a 97 percent positive customer rating
Rapid Recovery Hydration Solutions,37,"{'negative': 0, 'neutral': 0, 'positive': 100}",The Rapid Recovery Hydration Solutions provide people with an effective way to recover from the effects of alcohol.
Tesla Motors - Santa Barbara,52,"{'negative': 15, 'neutral': 4, 'positive': 81}",The Tesla Motors - Santa Barbara customer service is great!
Costco Pharmacy,30,"{'negative': 80, 'neutral': 0, 'positive': 20}",I was prescribed generic Imodium (loperamide) for a gut problem caused by powerful antibiotics. Costco suddenly stopped providing it. This should have been my first clue about the Costco pharmacy. But today things got interesting. My wife went there for 'flu shot'. She presented our insurance card which is supposed to pay 100%. The technician wrote the insurance information on the paperwork. But then they charged her $20 as if we had no insurance. I immediately called the pharmacy and talked to a technician Edie. She told me she would have to come back in person today or we would not get
Rosewood Miramar Beach,199,"{'negative': 39, 'neutral': 9, 'positive': 52}","Although it is a locals' bar, the service was slow and the price is high. I would give this place 5 stars but the food was mediocre."
Shaker Mill,80,"{'negative': 9, 'neutral': 10, 'positive': 81}",The bartender was very friendly and the service was great. We tried several beers and were pleased. The decor is trendy and unique. Our server was happy to bring out a new drink for us when he noticed a friend had brought her a different one.
ASIE,151,"{'negative': 46, 'neutral': 9, 'positive': 45}","There is not much selection to chose from, but it's nice to have a choice when you are in State Street."
Estilo Jalisco,34,"{'negative': 3, 'neutral': 0, 'positive': 97}",This restaurant is authentic and has a tasty grilled meat taco. The staff is friendly and the food is great.
Thario's Kitchen,142,"{'negative': 10, 'neutral': 2, 'positive': 88}","Thario's Kitchen is an Italian eatery that offers a wide variety of flavors. It was open only 1.5 weeks, but has already been highly recommended by customers."
Flor De Maiz,438,"{'negative': 14, 'neutral': 10, 'positive': 76}","-Loved it so much we dined two nights in a row. A step above any Mexican place in town with stunning decor, top-notch ingredients and ocean view. It was nearly full at 6pm on a Thursday and completely packed 8pm on Friday so reservations are a good idea (although you prefer seats at the comfy bar with immediate and friendly service by the bartender extraordinaire). Our favorite was the mole and green verde enchiladas, the reasonably-priced $5 side salad and super fresh ahi tacos. Looking forward to trying more from their extensive menu"
SB Evolution Landscape,40,"{'negative': 18, 'neutral': 2, 'positive': 80}",The landscapers are knowledgeable and have excellent customer service.
Onus Donuts,38,"{'negative': 5, 'neutral': 3, 'positive': 92}",Very good! I'll be sure to check in over the holiday season to see what creative donuts they will offer. Hope they add a little more variety over time.
Blue Horizon Management Company,44,"{'negative': 9, 'neutral': 0, 'positive': 91}",I have stayed in Blue Horizon Management for the past two years and can say that they have been outstanding.
Vons Chicken,66,"{'negative': 21, 'neutral': 5, 'positive': 74}","One of the better places in IV to get your fried chicken. Granted it does take a while to get out but it's actually pretty good. -I made an order through Yelp, which was accepted by the restaurant which I got an email confirmation for. I waited an hour for my food to be ready and got the notification that my food was ready for pickup but when I got there, the employees said that my order didn't exist. They were saying shit like they don't do orders through Yell/Grubhub and that it is completely out of their control and that"
Tech Doctors,35,"{'negative': 3, 'neutral': 0, 'positive': 97}","Tech Doctors provides computer repair services in Santa Barbara and Riverside County, California."
Elubia's Kitchen,74,"{'negative': 1, 'neutral': 9, 'positive': 89}",Good Service - The Pupusas are delicious We ordered the Grande Family Meal 4 for mothers day. Garmachas and Zucchini were both great! Also tried the Agua and Caja is very yummy!
Wingman Rodeo - Montecito Street,44,"{'negative': 14, 'neutral': 18, 'positive': 68}",Wingman Rodeo - Montecito Street customer rating 4 out of 5.
4 Eggs & Pizza,61,"{'negative': 2, 'neutral': 2, 'positive': 97}",Service is excellent. Food is delicious. Location is great.
Aperitivo,47,"{'negative': 0, 'neutral': 0, 'positive': 100}",Aperitivo is a bar on the Southern end of town. It has an Italian theme and serves wine and food. The service is excellent and the atmosphere is casual and inviting. It's hard to find a place like it in the area.
M. Special Brewing Company,168,"{'negative': 14, 'neutral': 4, 'positive': 82}","Terrible service, cold beer, terrible wine."
Paddle Sports Center,140,"{'negative': 6, 'neutral': 3, 'positive': 91}",Paddle Sports Center is in the city center.
Jeannine’s American Bakery & Restaurant,41,"{'negative': 2, 'neutral': 0, 'positive': 98}","Service can be slow, but the food is amazing!"
Stonehouse Restaurant,346,"{'negative': 8, 'neutral': 8, 'positive': 84}","Excellent food, high prices, and friendly service at Stonehouse."
The Bourbon Room,111,"{'negative': 10, 'neutral': 10, 'positive': 80}",This is a wonderful restaurant with great food and good prices.
Pressed,146,"{'negative': 11, 'neutral': 7, 'positive': 82}","Disappointing, service was slow, food did taste great."
Pascucci,1271,"{'negative': 35, 'neutral': 14, 'positive': 51}","I was going to give this place four stars as i love the location, food, and the garlic bread. I have found that they are horrible at customer service. I cant even think of the food. I got some kind of chicken in the middle of my pizza and it has almost been burned. My boyfriend ordered some pasta and said the food was good but the waitress didn't remember his name. There is only one place on the strip that has decent Italian food and the prices are reasonable. I would give it three stars if I could."
Whole Foods Market,233,"{'negative': 37, 'neutral': 10, 'positive': 52}","The Whole Foods Market in San Diego is the best! I really wish they opened a store in LA-ish, but it's a big ol' store with huge produce..."
Happy Canyon Vineyard,69,"{'negative': 13, 'neutral': 9, 'positive': 78}",It's a fun place to visit when in Las Vegas.
"Erik S Wipf, DDS",67,"{'negative': 1, 'neutral': 0, 'positive': 99}",this dentist is amazing!
Mac's Fish and Chip Shop,462,"{'negative': 17, 'neutral': 19, 'positive': 64}",The food is the best!
Arch Rock,634,"{'negative': 17, 'neutral': 15, 'positive': 68}","I recently bought an Axxess Card and wanting to use it this was my first stop at Arch Rock Fish. The eatery is beautiful: stylish without being stuffy, it is spacious, airy with an urban feel. There is outside seating against this busy street (Anacapa) ..."
Scarlett Begonia,917,"{'negative': 14, 'neutral': 8, 'positive': 78}","The food was fabulous. However, the service was TERRIBLE. The hostess was rude and didn't acknowledge me until I said ""Hi"" after 2 minutes of standing in front of her and being ignored. We ended up leaving because they closed before we could be seated. -Let me start by saying the food was FANTASTIC. awesome little restaurant with great outdoor seating area and great breakfast food. Love their breakfast."
The Brewhouse,704,"{'negative': 18, 'neutral': 15, 'positive': 67}",I love the customer service and it's a very relaxed place to be. Love the food.
Persona Pizzeria,647,"{'negative': 17, 'neutral': 10, 'positive': 73}",The pizza at Persona is delicious. It's fresh and hot. I love it.
Red Pepper Restaurant,347,"{'negative': 14, 'neutral': 12, 'positive': 74}","Good food, but not great service."
East,49,"{'negative': 51, 'neutral': 12, 'positive': 37}",-I'd rather go somewhere else when I'm waiting for my check at Arigato.
I Bike Santa Barbara Wine Country Tours,80,"{'negative': 0, 'neutral': 0, 'positive': 100}","I highly recommend I Bike Santa Barbara for an amazing experience in the Santa Barbara area. William is very knowledgeable about the area including terrain, vineyards, and must see places. We have thoroughly enjoyed our day - awesome ride, incredible wines and delicious food!!"
Lure Fish House,1525,"{'negative': 7, 'neutral': 7, 'positive': 86}",Lure Fish House is a sushi bar in the high strip mall. Its prices are average and the service is friendly. They have good quality food at a great price. I usually order the sushi rolls and they taste good.
Famous Nails,95,"{'negative': 24, 'neutral': 6, 'positive': 69}",The customer satisfaction of Famous Nails is below average.
Delgado's Mexican Foods,245,"{'negative': 32, 'neutral': 13, 'positive': 55}",...delgado's is a local Mexican store and is also a neopolitan.
Pinkberry,95,"{'negative': 28, 'neutral': 17, 'positive': 55}",Pinkberry is a good place for frozen yogurt and the customer service is really good. The only thing they have that is not great is at the dessert bar.
Mi Salon,112,"{'negative': 15, 'neutral': 3, 'positive': 82}","The Hair Salon, Mi Salon is a great place to go when you are looking for a quick haircut or more."
Gelato n More,127,"{'negative': 13, 'neutral': 11, 'positive': 76}","Beautiful place, great gelato. A bit pricey for the size."
"Brisas Del Mar, Inn at the Beach",197,"{'negative': 9, 'neutral': 5, 'positive': 86}",Yes. Very good staff. Good food. Great location.
Simply Pies,58,"{'negative': 10, 'neutral': 16, 'positive': 74}","Despite a high customer rating, this bakery is not worth your time. While the pie itself is delicious, it's the lack of flavored toppings that really hit the mark."
Royal Thai Massage,250,"{'negative': 4, 'neutral': 3, 'positive': 93}",Royal Thai Massage has a high customer satisfaction rating of 93%.
Cielo Spa Boutique,130,"{'negative': 2, 'neutral': 0, 'positive': 98}","-The masseuse was very lovely and kind lady, this is not against her personally, she was just not the right person to provide a deep tissue massage, she did not have he strength or experience -After hours of researching for the best, affordable waxing salon when I first moved to Santa Barbara 3 months ago, I found Cielo Spa to be one of the top salons in the area. I read the reviews and booked with Roxanne (the owner of the spa). She was sweet and very thorough, spending extra time going over any areas where a few hairs were left over."
East Beach Tacos,857,"{'negative': 5, 'neutral': 4, 'positive': 91}",East Beach Tacos are the best tacos I have ever had. The sea bass taco is amazing and the blue crab salad is fabulous as well.
Crocodile Restaurant & Bar,120,"{'negative': 20, 'neutral': 8, 'positive': 72}",The Crocodile is a small restaurant with many different types of food. It has a big selection and is often the place to go for brunch or lunch. I have been there 3 or 4 times a month and the service is always good. Their drinks are fantastic and they have great cocktails as well.
The Daily Grind Coffee & Tea Station,314,"{'negative': 20, 'neutral': 9, 'positive': 71}",Good coffee shop with milk options.
Kimpton The Goodland,451,"{'negative': 35, 'neutral': 14, 'positive': 51}",Bad reviews can't keep this hotel going.
Harry's Plaza Cafe,348,"{'negative': 24, 'neutral': 13, 'positive': 63}","The staff is absolutely horrible, and it looks like the food is great."
Via Vai Trattoria Pizzeria,153,"{'negative': 31, 'neutral': 10, 'positive': 59}",The food can't match the service.
El Taco Tequila Taqueria,33,"{'negative': 24, 'neutral': 21, 'positive': 55}","For under $10 you can fill yourself with some of Santa Barbara's best food. Each taco is like a gourmet meal wrapped in a tortilla. The mushroom taco (Hongos y Rojos) is amazing as are all items on their menu!. business: El Taco Tequila Taqueria include the overall sentiment distribution provided by: 33: reviews_detected, result_percentage_positive:55 result_persentence_neutral:21 labels were detected"
Santa Barbara Trolley,73,"{'negative': 11, 'neutral': 4, 'positive': 85}","73.9% of people found this company to be very good, while 10.7% said it was bad."
China King,200,"{'negative': 25, 'neutral': 12, 'positive': 63}",China King provides Chinese food in the average price range and has a high customer satisfaction rating of 63.
Chick-fil-A,243,"{'negative': 22, 'neutral': 9, 'positive': 70}","A little bit of everything. Chick-fil-A is a chain, but they need to fix their customer service. The food is good"
Wildcat Lounge,289,"{'negative': 30, 'neutral': 15, 'positive': 55}","Wildcat Lounge is a bar located in Santa Barbara, CA. It has a price range of less than 20$ for drinks and food. The customer service is mediocre while the music is average."
CNJ Nails & Spa,52,"{'negative': 46, 'neutral': 10, 'positive': 44}","Amazing! A few things are a bit off. One is the fact that it's not the cheapest, but it'd be more in line with a nail salon or spa. The other is the parking, and the only way to get around it is to buy something at McDonald's and save the receipt."
Metropulos Fine Foods,332,"{'negative': 7, 'neutral': 4, 'positive': 89}","Great food! I always opt for the Okey Dokey Artichokey sandwich, definitely a must try! However they have tons of options for everyones palates! Only negative they aren't open on Sunday!"
Goleta Sushi House,483,"{'negative': 18, 'neutral': 12, 'positive': 70}","This sushi house is an okay sushi place. The prices are high and the staff is unfriendly. It's a little pricey though, so if you are looking for a place to take your family out to, look elsewhere."
Soho Restaurant & Music Club,139,"{'negative': 24, 'neutral': 14, 'positive': 63}",The Soho Restaurant & Music Club is a great place to see an awesome show and the Chris Robinson Brotherhood absolutely rocked the room!
Motel 6 Santa Barbara - Beach,131,"{'negative': 40, 'neutral': 18, 'positive': 43}","It is a very nice hotel. Good rates, but bad service."
Sushi Teri House,204,"{'negative': 29, 'neutral': 17, 'positive': 54}","This place is good. They are a little out of the way and don't have many happy hours, but the salmon teriyaki is good!"
Goodland Kitchen,117,"{'negative': 26, 'neutral': 15, 'positive': 59}",Goodland Kitchen is a small-town cafe/bar near downtown Goleta that serves food and has a good ambiance. It is rated 3 stars out of 5.
Yen Ching Restaurant,47,"{'negative': 49, 'neutral': 17, 'positive': 34}","There were some good things, but not enough to make it worth the wait."
Three Pickles Subs and Sandwiches,245,"{'negative': 8, 'neutral': 6, 'positive': 86}","If you are looking for sandwiches that can be eaten without a napkin, Three Pickles is definitely one of the options."
Pickles & Swiss,2052,"{'negative': 10, 'neutral': 5, 'positive': 85}",Pickles & Swiss has an average customer rating of 5 stars.
Robert Half,31,"{'negative': 13, 'neutral': 0, 'positive': 87}","""It's never a bad sign to be hired for something you hated, not even by your first company""."
Breakwater Restaurant,212,"{'negative': 31, 'neutral': 15, 'positive': 54}","Great food, good service, a nice outdoor patio."
Reyes Market,109,"{'negative': 14, 'neutral': 6, 'positive': 80}",The owner is a great guy. Highly recommended.
Treat,58,"{'negative': 17, 'neutral': 7, 'positive': 76}",58
State & Fig,526,"{'negative': 12, 'neutral': 11, 'positive': 77}","Great food, but slowest service."
REBAR COFFEE + KTCHN,162,"{'negative': 17, 'neutral': 10, 'positive': 73}","We stopped in for a quick coffee and the reviews are mixed. This is one of those ""coffee shops"" that gets rave reviews because it's nice to get away from your phones and other technology. There are definitely many other places to stop by when you're craving a good coffee and some tasty breakfast."
The Painted Cabernet,87,"{'negative': 2, 'neutral': 1, 'positive': 97}",The Painted Cabernet is an art studio with a great wine menu. It is located in the strip and offers both casual dining and art classes. The prices are not that bad for a newcomer.
Palapa,239,"{'negative': 18, 'neutral': 9, 'positive': 73}","The food is great, and the service was good."
La Rouge Artistry,94,"{'negative': 2, 'neutral': 2, 'positive': 96}",Rachel and the team did a fantastic job on all of my wedding party's hair/makeup.
Santa Barbara Art Glass,205,"{'negative': 2, 'neutral': 0, 'positive': 98}",e-mail to a friend
DeeTours of Santa Barbara,188,"{'negative': 0, 'neutral': 0, 'positive': 100}","Excellent service, knowledgeable tours, and a very reasonable price..."
Jesse's Shoes and Repair,31,"{'negative': 48, 'neutral': 10, 'positive': 42}",Jesse's Shoes and Repair has a customer rating of 1 to 5 stars.
Paradise Retreats,190,"{'negative': 33, 'neutral': 5, 'positive': 63}",Stayed at Ocean Breeze.
Anna Delores Photography,59,"{'negative': 2, 'neutral': 0, 'positive': 98}",Anna Delores Photography is the best!
Indochine,74,"{'negative': 28, 'neutral': 24, 'positive': 47}",The atmosphere is hip.
Crushcakes & Cafe,1117,"{'negative': 19, 'neutral': 14, 'positive': 67}",Crushcakes Cafe at The Forum Shops is a great location for foodies looking for a quick bite to eat. It's a reasonably priced eatery with good quality foods.
1329 Salon and Spa,86,"{'negative': 9, 'neutral': 0, 'positive': 91}","Great experience, good prices, the salon clean, and friendly."
Santa Barbara Wine Spa,108,"{'negative': 28, 'neutral': 1, 'positive': 71}",The new Santa Barbara Wine Spa with its hip ambiance is a great place to relax and get your massage.
Pierre Lafond Wine Bistro,189,"{'negative': 18, 'neutral': 16, 'positive': 66}",This is a great place. They have great food. The ambiance is amazing. It's family friend.
"Wesley G Schooler, MD, FACS",31,"{'negative': 16, 'neutral': 0, 'positive': 84}","Wesley G. Schooler, MD, FACS has great reviews. He is one of a kind."
Pali Wine,145,"{'negative': 10, 'neutral': 8, 'positive': 81}",The wine was solid but the staff made me hate this place. They make me feel like I'm not getting much for my money.
The Valley Project,75,"{'negative': 13, 'neutral': 5, 'positive': 81}","The Valley Project - Ava is an amazing wine bar! They are reasonably priced, friendly and the atmosphere is great. There is a small crowd, but that's part of the charm."
Massage Envy - Santa Barbara,70,"{'negative': 50, 'neutral': 3, 'positive': 47}",Good massages but not a lot.
Mezza Thyme,47,"{'negative': 0, 'neutral': 0, 'positive': 100}",Mezza Thyme is a restaurant with an average rating of 100 and positive customer reviews in the area.
Game Seeker,60,"{'negative': 8, 'neutral': 5, 'positive': 87}","This place has a good selection of games, but the employees are very helpful and friendly."
Coach,33,"{'negative': 15, 'neutral': 6, 'positive': 79}","The Coach store has a good selection, but the prices are almost always right on."
Sephora - Santa Barbara,89,"{'negative': 36, 'neutral': 9, 'positive': 55}","Not bad, but not great."
Dimauro's Independent Honda Acura Repair,69,"{'negative': 0, 'neutral': 0, 'positive': 100}",The owner of this business is Robert Dimauro. Robert has a wonderful experience and will make it a point to go back.
Power of Your Om,78,"{'negative': 9, 'neutral': 1, 'positive': 90}","78, out of 100 positive reviews for this place."
Marketplace Cafe,52,"{'negative': 21, 'neutral': 10, 'positive': 69}","Marketplace Cafe is a fast-food location of Nordies cafe. Despite its hype, this cafe has a low rating."
Les Marchands Restaurant & Wine Shop,210,"{'negative': 11, 'neutral': 6, 'positive': 83}","Les Marchands is a wine bar located in Santa Barbara, CA. The restaurant serves food and beverages."
Ahi Sushi,141,"{'negative': 26, 'neutral': 17, 'positive': 57}",The wait time is long.
Eos Transportation,81,"{'negative': 6, 'neutral': 1, 'positive': 93}","I was surprised at how nice the bus that picked up the 8 of us was, so spacious and fun!"
California Pasta,289,"{'negative': 24, 'neutral': 11, 'positive': 65}",The reviewers have rated California Pasta consistently as high quality.
Los Tarascos Bakery and Deli,43,"{'negative': 9, 'neutral': 7, 'positive': 84}","The people are really nice. Mostly to go food as there is only seating for 6. I enjoy the chicken torta, turkey torta and turkey sandwich all are served with a tiny salad or fresh fruit. Also i like the chicken ranch salad served with garlic bread. They also have lots if smoothies and they make custom cakes with r 24 notice."
Altamiranos Restaurant,128,"{'negative': 15, 'neutral': 9, 'positive': 76}",This restaurant is consistently excellent from the moment you walk into the door. They are truly authentic and have great service. Their food ranges in consistency from average to excellent.
Spa Concepts Salon,81,"{'negative': 6, 'neutral': 4, 'positive': 90}","Located near University of Santa Barbara, this salon is highly recommended for their high quality service and customer satisfaction."
Max's Restaurant & Cucina,151,"{'negative': 17, 'neutral': 7, 'positive': 76}",It doesn't get better than that!
Carpinteria and Linden Pub,33,"{'negative': 21, 'neutral': 9, 'positive': 70}","A pub, no fancy decor, a bar and pool tables."
Advanced Veterinary Specialists,124,"{'negative': 30, 'neutral': 5, 'positive': 65}",The customer rating for Advanced Veterinary Specialists is 53% of 135 which represents 51% of all consumer ratings.
Oasis Inn and Suites,103,"{'negative': 53, 'neutral': 12, 'positive': 35}","The Oasis Inn was a good budget hotel. I have stayed at cheaper hotels in the past, but the rooms were nice and clean. It was ideally located near the Santa Barbara Bowl and other tourist attractions."
Habit Burger Grill,135,"{'negative': 18, 'neutral': 11, 'positive': 71}","Great burgers, shakes, and other healthy options."
Spudnuts Donuts,214,"{'negative': 26, 'neutral': 14, 'positive': 60}",My review is for the most recent visit.
Dj Hecktik,68,"{'negative': 0, 'neutral': 0, 'positive': 100}",DJ Hecktik is a professional and very talented music DJ. he made our wedding and reception a success because of his customer service.
Just Play Music,56,"{'negative': 50, 'neutral': 12, 'positive': 38}","They sell imports,bootlegs,as rare hard to find cds,records,t shirts,patches.The guys really know there music!! I drove 2 hours away to go that's how bad ass it is. Don't go here unless you're a chump.."
Chocolats du Calibressan,179,"{'negative': 5, 'neutral': 3, 'positive': 92}","Chocolates du Calibressan is always a favorite for its quality and creativity. Every time we visit, the owner is super sweet and personable."
Alchemy Wellness Spa,59,"{'negative': 17, 'neutral': 7, 'positive': 76}","We came here looking for a great massage and all we got was good decor. The cafe was good (between the two of us, we had coffee, tea, and oatmeal - oatmeal was good but nothing special) We had Lizzie who was supposed to ""the best"" massage therapist, but she definitely wasn't the best. The oil she used was cold - not a pleasant surprise to start off the massage. ...I purchased a special from Axxess for u00a320 spa floatation doc and 3 hour deep tissue massage for my wife. She thoroughly enjoyed"
Big Brand Tire & Service - Goleta,418,"{'negative': 19, 'neutral': 3, 'positive': 79}","They are friendly, helpful and prompt. This location is also a good price-wise."
Presidio Market,77,"{'negative': 14, 'neutral': 6, 'positive': 79}","A small, authentic Mexican market that offers a wide variety of food."
Calla Gold Jewelry,53,"{'negative': 0, 'neutral': 0, 'positive': 100}",Great customer service!
Metropolitan Metro 4 Theatre,61,"{'negative': 33, 'neutral': 16, 'positive': 51}",This is a nice little theater with decent quality service and the prices are very reasonable.
Condor Express Whale Watching,82,"{'negative': 15, 'neutral': 6, 'positive': 79}",This is a great place to watch whales and dolphins of all kinds - even if you don't see any whales.
Bicycle Bob's,114,"{'negative': 14, 'neutral': 3, 'positive': 83}","Bicycle Bob's is an excellent bicycle shop, but not always the best choice for new bike purchases."
Georgia's Smokehouse,44,"{'negative': 27, 'neutral': 7, 'positive': 66}","The food is good, but it's the service that makes it."
All India Cafe,87,"{'negative': 41, 'neutral': 20, 'positive': 39}","All India Cafe is a low rating, but the food is great. The service is attentive and prompt."
Planned Parenthood - Santa Barbara Health Center,39,"{'negative': 51, 'neutral': 10, 'positive': 38}","If you don't have appointment, NEVER EVER try walk-in service. It's a fake system. front desk staff promise to fit you in because someone does not show up after their appointment time, But also they will make tons of ridiculos reasons to get people out of their door. For example, you take too much time on filling all forms then they cannot fit you into..."
Santa Barbara Museum of Natural History Sea Center,99,"{'negative': 6, 'neutral': 17, 'positive': 77}",This place is only for kids if you want to explore the sea.
Fernando's Churros,43,"{'negative': 12, 'neutral': 0, 'positive': 88}","This place is insane! I'm a churro connoisseur having had churs at many Costco locations, to include Tijuana Costco, and this place takes the cake. Be warned, don't get hooked! I buy two bags every time! $6.00 bucks for a bag of warm, delicious, sweet noodles of fried goodness."
Uptown Bar & Lounge,138,"{'negative': 20, 'neutral': 11, 'positive': 70}",I was here for drinks and to watch sports. It is clean and the staff are attentive. The back patio is always a must.
Guicho's Eatery,180,"{'negative': 4, 'neutral': 8, 'positive': 87}",Guicho's Eatery has been around for a while. It's an Italian eatery with good food and fast service.
Walter Claudio Salon,105,"{'negative': 31, 'neutral': 1, 'positive': 68}","Walter Claudio Salon is a salon and spa in Riverside, CA. The staff at this location is friendly, the salon has excellent customer service and Lauren and Jesse are very good stylists."
First Step Equity,38,"{'negative': 97, 'neutral': 3, 'positive': 0}",-There were 38 reviews of this business. The average score is 4.4 stars out of 5.
The Press Room,109,"{'negative': 9, 'neutral': 6, 'positive': 84}","There are a lot of sports bars in the area, but The Press Room is one of them. It's a sports bar with good food and drinks. Prices are reasonable. They have great jukeboxes."
Santa Barbara Orchid Estate,37,"{'negative': 14, 'neutral': 14, 'positive': 73}","A great place to walk through and enjoy the blooms. It is a retail establishment but no pressure to buy anything. The property it is on is very nice, love the entrance and all the flowers that were in bloom out there. Nice arrangements. Camera worthy. Definitely worth the stop. Our Garden Club loved every minute and left very happy. Thank you Alice!"
Carpinteria Wellness Center,35,"{'negative': 9, 'neutral': 3, 'positive': 89}","The Carpinteria Wellness Center combines the uniqueness of its location, soothing environment, and excellent service with a price that has never been beat."
Fosters Freeze,69,"{'negative': 52, 'neutral': 10, 'positive': 38}","This place has a 1 star rating, so don't think about coming here."
Montecito Gourmet by Village Cheese & Wine,69,"{'negative': 6, 'neutral': 0, 'positive': 94}",Montecito Gourmet by Village Cheese & Wine is a cheese and wine shop located near the Las Vegas Strip
Hotel Californian,164,"{'negative': 30, 'neutral': 7, 'positive': 62}",We found this hotel to be the best hotel in the Funk Zone. The hotel was very nice and had a great selection of amenities. They have 3 bars and a gym.
Rudys,129,"{'negative': 45, 'neutral': 14, 'positive': 41}","Review of Rudy's Mexican food in Carpinteria, CA."
Perry Ford Mazda of Santa Barbara,150,"{'negative': 40, 'neutral': 4, 'positive': 56}",I've been using Perry Ford for service and find the service advisors Jeff and Mike friendly and helpful. They are upfront as to how necessary and how soon repairs or maintenance are-
The Cube Escape Rooms,93,"{'negative': 1, 'neutral': 0, 'positive': 99}","The Cube Escape Rooms are a group of escape room games, and they can be fun for groups of all sizes."
Wake Cup,118,"{'negative': 31, 'neutral': 10, 'positive': 59}",-The service was slow and the drinks were not good. -I'm not really a fan of their milk tea. The food is decent. i just wish they had more smoothies.
Potek Winery,33,"{'negative': 12, 'neutral': 9, 'positive': 79}","-Want to check out Potek as we are Muni co members and wow were we blown away! Let's start off with the atmosphere of the place, it is pretty classy without a snobby feel (woohoo!)"
Santa Barbara Design Center,38,"{'negative': 13, 'neutral': 0, 'positive': 87}",The reviews for Santa Barbara Design Center were mixed.
Belcampo Meat Co Restaurant,35,"{'negative': 20, 'neutral': 11, 'positive': 69}",The customer service is excellent!
Extended Stay America - Santa Barbara - Calle Real,127,"{'negative': 66, 'neutral': 12, 'positive': 22}",The only redeeming factor in this hotel is the price.
Whodidily Cupcakes,62,"{'negative': 18, 'neutral': 8, 'positive': 74}","i went to Whodidily, and i thought that i would like this place because i have an obsession for all things sweet and ive had them for years but i hadn't tried any of the cupcakes yet. i was so excited to try this place out."
Flooring 101 - Goleta,36,"{'negative': 19, 'neutral': 0, 'positive': 81}","The overall positive sentiment is 81.7%, but a 19.8% low score. The negative (-1) and neutral (-9) ratings are the same for this business"
Hotel Goleta,46,"{'negative': 76, 'neutral': 11, 'positive': 13}",The bathroom was awful and the room was dirty...
One Thousand Steps Beach,45,"{'negative': 4, 'neutral': 4, 'positive': 91}","It is a nice little trek to take on a sunny California day at low tide. The pathway down isn't 1000 steps. Though I didn't count, I'd say maybe 150 and the lower 50 can be slippery as they are wet and covered in moss. At the end however you are rewarded with a deserted beach and a great quiet spot to enjoy the view. We went."
Panache Bridal,87,"{'negative': 23, 'neutral': 1, 'positive': 76}","I was so thankful for this bridal shop. It's the best. The dresses are beautiful. They are also very reasonable and have several free alterations. The dress I got from Panache Bridal was an hour+ waiting time before it even arrived. It took over 2 hours for alterations and a few hours to get a confirmation. I tried calling Panache to speak to a manager, but no one ever called back. I was just annoyed that they ""were taking forever to get the product"" and never gave me a refund."
AH Juice Organics,117,"{'negative': 29, 'neutral': 7, 'positive': 64}",The customer service was a little sluggish.
Fox Wine,69,"{'negative': 14, 'neutral': 6, 'positive': 80}",This wine bar in the funk zone is great for those who appreciate quality and an artist-like atmosphere.
Samy's Camera,97,"{'negative': 14, 'neutral': 6, 'positive': 79}","My camera rental place was always friendly, nippy, and helpful. I've been coming here for 20 years now and I have never had a problem, and their prices are awesome."
Mountain Air Sports,35,"{'negative': 14, 'neutral': 0, 'positive': 86}",Extremely friendly staff. Excellent selection of gear.
Antique Center Mall,30,"{'negative': 30, 'neutral': 10, 'positive': 60}","Located in downtown Phoenix, Antique Center Mall is a mixed store with excellent pricing and staff that treats customers fairly."
Chicken Little,61,"{'negative': 18, 'neutral': 7, 'positive': 75}","Great baby supplies store. But, the rude owner is rude."
Staples,50,"{'negative': 38, 'neutral': 8, 'positive': 54}",Great customer service and they have great printers!
Mayo's Carniceria & Tacos,35,"{'negative': 26, 'neutral': 9, 'positive': 66}","The Carnitas are always fresh, the burritos delicious, and the service is always on point."
Metropolitan Camino Real Cinemas,53,"{'negative': 25, 'neutral': 34, 'positive': 42}","The theater is small, but it has good reviews."
Hot Spots Espresso Company,35,"{'negative': 43, 'neutral': 14, 'positive': 43}","i got the coffee, espresso and iced coffee. a little pricey but great coffee."
Wine + Beer,40,"{'negative': 8, 'neutral': 2, 'positive': 90}","This place is a hidden gem in the heart of the Public Market, with high quality selections of craft beer and hors d'oeuvres."
Eat This Shoot That!,79,"{'negative': 3, 'neutral': 3, 'positive': 95}",Eat This Shoot That! is a popular place for lunch in the downtown area.
Metro Entertainment,42,"{'negative': 12, 'neutral': 0, 'positive': 88}","I've been using Metro Entertainment as my main card shop for about 5 months now, and I think I'm finally ready to write a review."
"Jeffrey A. Stratford-Jones, DDS",39,"{'negative': 26, 'neutral': 0, 'positive': 74}","It has been awhile since I've visited the dentist, so I was hoping they would do something new. Well, Jeff Stafford Jones, DDS has a good reputation, and he's great. He won't try to do things that aren't necessary or that don't work."
The Alchemy of Beauty,34,"{'negative': 24, 'neutral': 6, 'positive': 71}",The Alchemy of Beauty received an A on this site.
Studio Plaza Apartments,31,"{'negative': 10, 'neutral': 0, 'positive': 90}",This apartment complex is a bit pricey though.
Destined for Grace Thrift Store Goleta,38,"{'negative': 18, 'neutral': 0, 'positive': 82}","There is a nice selection of clothes at Grace Thrift Store. The staff is friendly and the prices are reasonable. There are also a few stores on the east side of town, but I have not been to these so I can't say for sure."
7 Falls Hike,37,"{'negative': 3, 'neutral': 11, 'positive': 86}","One of my favorite hikes in the hills above Santa Barbara. Part of the Tunnel Trail system, you can wander to your hearts continue to and fro to the Falls and beyond...all the way to the top of Inspiration Point or, on another trail all the way till it ends near the fire damage. The hike is about 2 or 3 miles round trip with an elevation gain of about 800 ft. I prefer adding additional hikes on the surrounding trail."
Chevron,54,"{'negative': 63, 'neutral': 4, 'positive': 33}","Worst service in Santa Barbara, Rude cashier, have a bladder problem and would not let me use the public restrroom until i purchased something."
Zizzo's Brew Pub,36,"{'negative': 25, 'neutral': 17, 'positive': 58}",Zizzo's has a customer rating of 5 out of 5. They serve amazing coffee.
Legends Hair Etc,42,"{'negative': 5, 'neutral': 5, 'positive': 90}",Legends Hair Etc offers a wide variety of hair services. Their stylists are friendly and knowledgeable. The place is clean.
Luxe Transportation,34,"{'negative': 0, 'neutral': 0, 'positive': 100}","Luxe Transportation specializes in luxury transportation, luxury limousines, and luxury charter buses."
Orient Hand Laundry,30,"{'negative': 0, 'neutral': 0, 'positive': 100}","Excellent customer service, and great prices for a small family run business."
Teddy's By The Sea,457,"{'negative': 11, 'neutral': 5, 'positive': 85}","-The food was awesome! The margaritas are fantastic too. Happy hour menu is great as well. Service was also exceptional. We will be coming back, great new spot!"
"Benjamin Laudig, DDS",46,"{'negative': 0, 'neutral': 0, 'positive': 100}",The overall sentiment of the reviews is 100% positive and the overall score is 101%.
Silk Road Transportation and Wine Tours,51,"{'negative': 0, 'neutral': 0, 'positive': 100}","We had a 15 hour wine tour from San Diego to Scottsdale on our honeymoon and Silk Road Transportation was able to accommodate us. I had never met the owner, but we hired him to put together the itinerary for my bachelorette weekend. It was extremely professional, affordable, and everything was perfect. We will be using Silk Road again!"
Bow and Beam Basics,38,"{'negative': 0, 'neutral': 5, 'positive': 95}","I have mixed feelings on this one. Five stars to Nikki, who is a very sweet person who made me comfortable with having a lash lift since it was my first time. However, the results were far less dramatic than I was hoping for and resulted in a slightly better lift of some lashes. Nikk"
Jazzy Maid Service,54,"{'negative': 6, 'neutral': 2, 'positive': 93}","br>I was very impressed with Jazzy Maid Service from booking through cleaning. I was able to book my appointment online and they promptly showed up during the the appointment window. Once they inspected the house, they offered a deep clean for an additional $40, which I gladly accepted. (They explicitly said that it was not required) I will be continuing to use their service on a bi-weekly basis. Their prices were reasonable and they were easy to communicate with. Thank you!"
The Jewelry Mart,41,"{'negative': 10, 'neutral': 0, 'positive': 90}",The Jewelry Mart is a reputable jeweler with knowledgeable and friendly staff.
Cafe Ana,91,"{'negative': 15, 'neutral': 7, 'positive': 78}",Great food and cool atmosphere.
Tyger Tyger,169,"{'negative': 15, 'neutral': 12, 'positive': 73}","Good service, but the food wasn't quite worth it."
Institution Ale Company,155,"{'negative': 8, 'neutral': 7, 'positive': 85}","Institution Ale Company is a new craft brewery located on the West side of Scottsdale. It serves food and drinks and has a small patio. Though the decor is modern, it has funk and is decorated with artworks from rock artists. The beer selection is extensive, especially for the price. Also, there are TVs in the back for watching the games."
Wolf's Head,101,"{'negative': 12, 'neutral': 2, 'positive': 86}",This is a great barber shop with friendly service. The new location has a nice atmosphere.
Thairapy Salon,42,"{'negative': 7, 'neutral': 0, 'positive': 93}",The Thairapy Salon is a salon of hair services with a customer Rating of 93 of 100.
"Sara Yegiyants, MD",49,"{'negative': 8, 'neutral': 0, 'positive': 92}","I'm a plastic surgeon and I have had my fair share of lumpectomies. But after getting breast implants, Dr. Sara Yegiyants made the decision to go around and help me fix what was wrong. She not only did a great job, but she really cared about my goals and dreams."
Fala Bar,71,"{'negative': 7, 'neutral': 1, 'positive': 92}",It's a great spot inside of the Public Market.
Johnson Family Dental,201,"{'negative': 57, 'neutral': 0, 'positive': 42}","Johnson Family Dental has a positive customer service record, and is located in the upper mid-west."
Meet Up Chinese Cuisine,143,"{'negative': 17, 'neutral': 7, 'positive': 76}",The food is good. The service was okay.
Taqueria Santa Barbara,99,"{'negative': 8, 'neutral': 7, 'positive': 85}",Taqueria Santa Barbara reviews are in alphabetical order.
Bristol Farms - Santa Barbara,64,"{'negative': 25, 'neutral': 8, 'positive': 67}",The Bristol Farms in Santa Barbara has been open for two months and I had the crab claws and poke. Both were delicious and I'll return to try some of their other dishes.
Coastal Dispensary - Santa Barbara,58,"{'negative': 36, 'neutral': 2, 'positive': 62}","Positive sentiments are 58.5% positive, 32% negative and 22% neutral."
Chad's,1288,"{'negative': 16, 'neutral': 14, 'positive': 70}",This is the only original breakfast house and it is really good.
Dean: A Coffee Shop,97,"{'negative': 7, 'neutral': 9, 'positive': 84}",Dean: A Coffee Shop is a coffee shop.
Wingstop,42,"{'negative': 31, 'neutral': 12, 'positive': 57}",Wingstop is a chain that has been in business for 20 years. I love wingstop very much. This was the greatest establishment to come to the Santa Barbara county in the past 20 years and the quality of chicken are amazing The Wings were super dry and flavor was underwhelming. Domino's has better wings than Wingstop.
The House of Clues,126,"{'negative': 4, 'neutral': 2, 'positive': 94}",There are other games like The House of Clues that are rated 10/10.
Alessia Patisserie & Cafe,115,"{'negative': 3, 'neutral': 3, 'positive': 95}",This review is for a croissant. The French pastries here are the best in town. It's not as great as it could be though. Prices are inflated and I don't know how their service is.
Timber's Roadhouse,31,"{'negative': 26, 'neutral': 0, 'positive': 74}","Looking for a date in town or for some burgers, this is the place to be. The outdoor seating is nice and the food is superb. I'll keep it full stack here, service was a bit peculiar. The meat, mash, and the sauce were Gas. Enjoy."
Toma Restaurant & Bar,1094,"{'negative': 7, 'neutral': 5, 'positive': 88}","""Toma"" is a great place to have a casual dinner by the river, it's upscale Italian style."
Polished Nail Spa,329,"{'negative': 26, 'neutral': 2, 'positive': 71}","Looks nice, but had to wait a good 25 minutes for a scheduled appointment."
Beachside Bar-Cafe,654,"{'negative': 22, 'neutral': 18, 'positive': 60}",Worst hosts ever!!! They are the most incompetent people I have ever witnessed in a restaurant in my life!!!
Finch & Fork,1428,"{'negative': 10, 'neutral': 9, 'positive': 81}","The Service is great and the prices are reasonable for what you get. -I had lunch with my wife here. It was a birthday dinner, so we were looking for something to do nearby. Finch & Fork is near our house, so I thought it would be fun to try it out. It wasn't. The food was okay, nothing spectacular. The server was great. They also have a nice selection of local wine. It has some very good, and quite expensive, options. I got a bottle that cost around $25, which was ok. I don't know what the """
REI,66,"{'negative': 26, 'neutral': 17, 'positive': 58}",Overall positive and negative reviews for REI.
Mony's Mexican Food,779,"{'negative': 4, 'neutral': 4, 'positive': 93}",Great Taco's and great staff. Go at least once if you are in the town
Hugos Restaurant,147,"{'negative': 10, 'neutral': 8, 'positive': 82}","Hugos Restaurant is a 5 star Mexican restaurant that serves food, drinks, and is family friendly. The food it serves is fresh and very authentic. It's location close to PHX airport is awesome. The service was excellent!"
Cadiz Restaurant & Bar,729,"{'negative': 12, 'neutral': 7, 'positive': 81}",A little bit more expensive and a bit less sophisticated.
On The Alley,509,"{'negative': 9, 'neutral': 9, 'positive': 82}",This place has been rated 7 out of 20 by Yelp users.
The Drunken Crab,613,"{'negative': 14, 'neutral': 7, 'positive': 78}","The Drunken Crab has a high rating for its shrimp. If you are looking for an awesome meal, order the drunken mix, but it's not worth it."
Saigon Vietnamese Restaurant,580,"{'negative': 38, 'neutral': 14, 'positive': 49}","Bad service, small portions, and tiny pho bowls. The only thing that saved me was the friendly staff."
Uncle Chen Restaurant,142,"{'negative': 22, 'neutral': 9, 'positive': 69}",It was not busy and the food was horrible. Had to leave before I could buy dessert which was ok.
Aladdin Cafe,155,"{'negative': 15, 'neutral': 3, 'positive': 83}",Excellent food. It is difficult to find good Middle Eastern cuisine in this city.
Cafe del Sol,36,"{'negative': 19, 'neutral': 22, 'positive': 58}",A great cafe to relax and love the great food.
Mission Tattoo,55,"{'negative': 5, 'neutral': 0, 'positive': 95}","Best tattoos in town, and the workers are very friendly."
Ultimate Bagels,53,"{'negative': 25, 'neutral': 6, 'positive': 70}",The owner and his team are very friendly and the bagels are always hot.
Szechuan Restaurant,241,"{'negative': 22, 'neutral': 10, 'positive': 68}","Definitely worth going to, Szechuan has great Chinese food and delivers."
Alice Keck Park Memorial Gardens,79,"{'negative': 4, 'neutral': 4, 'positive': 92}","Alice Keck Park Memorial Gardens is a beautiful oasis of tranquility that has excellent amenities for all. It is also an absolute treasure for nature lovers, those who are interested in bird watching and those who like to keep themselves busy by taking time out for the day to enjoy this unique setting. For the record, the gardens do not have swimming pool."
Summerland Market & Gas,37,"{'negative': 73, 'neutral': 5, 'positive': 22}","Trying to get gas on the way home, I called to speak to a guy at the pump. He seemed rude and didn't want to help."
The Palace Grill,1532,"{'negative': 8, 'neutral': 10, 'positive': 83}","The Palace Grill serves high quality, gourmet food and drink. Their food is a great value and consistently hits the mark."
Evolutions Medical & Day Spa,112,"{'negative': 16, 'neutral': 2, 'positive': 82}",The Evolutions Medical & Day Spa is a wonderful place for your wellness needs.
Hotel Milo Santa Barbara,839,"{'negative': 44, 'neutral': 15, 'positive': 40}","I love staying at Hotel Milo Santa Barbara. The rooms are always clean, and the location is great. It's a little small, but it has a great patio area. I'll be back for sure."
Test Pilot,253,"{'negative': 7, 'neutral': 10, 'positive': 83}","I love tiki cocktails here! The cocktails are delicious, the atmosphere is cool, and the bartenders are awesome!"
The Black Sheep,1010,"{'negative': 9, 'neutral': 7, 'positive': 84}","Although the food was good, the quality of the service was not as great."
Wendy's,35,"{'negative': 43, 'neutral': 17, 'positive': 40}",This place is o.k. but the food is terrible and the service is not good.
Motel 6,177,"{'negative': 63, 'neutral': 11, 'positive': 26}",The rooms are clean and the bed was comfortable. That's it.
Alcazar Tapas Bar,155,"{'negative': 10, 'neutral': 10, 'positive': 80}",The Alcazar Tapas Bar was closed for renovation.
Himalayan Kitchen,370,"{'negative': 20, 'neutral': 7, 'positive': 73}",The Himalayan Kitchen was great!
Ian's Tire and Auto Repair,145,"{'negative': 8, 'neutral': 1, 'positive': 90}","If you have a trusted mechanic with good reputation, but are willing to pay the price, go to Ian's."
Bunnin Chevrolet,197,"{'negative': 25, 'neutral': 3, 'positive': 72}","Bunnin Chevrolet (formerly Bunny's Chevy) is a Chevrolet dealership offering quality used cars, trucks, and SUVs. Their service department was very knowledgeable and gave us plenty of options."
Dargan's Irish Pub & Restaurant,288,"{'negative': 10, 'neutral': 12, 'positive': 78}",Great happy hour! Good food.
Whiskey Richards,82,"{'negative': 13, 'neutral': 12, 'positive': 74}",The owners were very rude and the service was very bad. I dont want to support this bar.
Sly's,328,"{'negative': 32, 'neutral': 11, 'positive': 57}","The Sly's food is very tasty in comparison to other similar diners I've been to. However, last night was awful. The waitress was always a bit irritated and the service sluggish."
Perry Mazda,63,"{'negative': 40, 'neutral': 2, 'positive': 59}",Service is good and employees friendly.
Western Dental & Orthodontics,146,"{'negative': 70, 'neutral': 2, 'positive': 28}","Western Dental & Orthodontics is a dentistry provider. The company treats patients in Madison, Wisconsin. The majority of the patients are male. Most patients are ages 20 to 44. There are two levels of patients. Aimed at people who want quality dental care and a minority of patients with serious health conditions, the office provides cleanings, and orthodontics (including a series of bonding). The only positive thing about Western Dental is the variety of services the center provides. However, it is not pleasant place to visit. I would rather go to a dentist named Dr. Scott Johnson. Although he"
DV8 Cellars,82,"{'negative': 5, 'neutral': 6, 'positive': 89}","DV8 Cellars is an interesting winery in the Funk Zone. The facility is small, but with nice people and good wines to taste."
Chubbies Hamburgers,148,"{'negative': 13, 'neutral': 14, 'positive': 73}","Chubbies is a little overpriced for hamburgers, but good quality and fast service."
Los Altos Restaurant,164,"{'negative': 12, 'neutral': 8, 'positive': 80}",This restaurant is great. I love the food and atmosphere.
Montecito Cafe,106,"{'negative': 13, 'neutral': 9, 'positive': 77}","A good place for breakfast, but the steaks are mediocre."
Shintori Sushi Factory,187,"{'negative': 22, 'neutral': 11, 'positive': 67}","A small sushi place with a bunch of different options. It isn't the largest, but they have some decent selections and the staff is friendly"
Super Cucas,212,"{'negative': 23, 'neutral': 9, 'positive': 67}",The food is fine.
The Palms Barber Shop,97,"{'negative': 4, 'neutral': 1, 'positive': 95}",The Palms Barber Shop offers a variety of haircut options.
Tacos Don Roge,176,"{'negative': 17, 'neutral': 13, 'positive': 70}","Tacos Don Roge has a good reputation for its tasty food. However, it's not known to be very competitive. Customers have reported mediocre or even bad food."
TLC Nail Lounge,178,"{'negative': 38, 'neutral': 7, 'positive': 55}",TLC Nail Lounge has a 75% low customer rating while others have a 29% and 30% low rating.
El Zarape,85,"{'negative': 18, 'neutral': 4, 'positive': 79}",The food is very authentic and the prices are super cheap.
Pacific Crêpes,254,"{'negative': 21, 'neutral': 13, 'positive': 66}",Great crepes!
Magic Nails,33,"{'negative': 45, 'neutral': 3, 'positive': 52}",Business: Magic Nails include the following labels:
Dutch Garden Restaurant,155,"{'negative': 11, 'neutral': 5, 'positive': 84}",Authentic German food in a bar-like setting.
Ike's Place,164,"{'negative': 16, 'neutral': 7, 'positive': 77}",Ike's Place is a sandwich shop in the heart of UCSB with a great menu! They have some great sandwiches and burgers as well. The service is always fast and friendly.
ByCherry Photography,73,"{'negative': 0, 'neutral': 0, 'positive': 100}",They can't get better than this!
Big Joe's Tacos,36,"{'negative': 17, 'neutral': 3, 'positive': 81}",Big Joe's Tacos is an excellent choice for taco catering.
24 Hour Fitness - Santa Barbara,209,"{'negative': 56, 'neutral': 21, 'positive': 23}","24 Hour Fitness in Santa Barbara, California has been rated average by customers. I've visited this place several times over the past month and the staff are very friendly and helpful. The gym is small and has limited amenities but the prices are affordable for the quality of the equipment and equipment maintenance."
Saks OFF 5TH,34,"{'negative': 50, 'neutral': 12, 'positive': 38}",This store closed in October 2010. The location is not as big as the Saks off 5th locations in the area.
Lane Farms Produce Stand & Patch,40,"{'negative': 28, 'neutral': 5, 'positive': 68}",Lane Farms Produce Stand & Patch is an original Santa Barbara family with history dating back to the mid 1800's with a wide variety of produce.
The Nugget,181,"{'negative': 20, 'neutral': 12, 'positive': 67}",They have a ton of options and a lot of variety.
Sorriso Italiano,137,"{'negative': 16, 'neutral': 7, 'positive': 77}","Not a fancy place (very cleans and cozy) but food was great and super affordable. Owners were nice. Great thing about this place is that you can choose/create whatever you want on the pasta of your choice from their board. They are closed on Mondays and there are instances when they close in the middle of the day after lunch and before dinner. Otherwise, I definitely recommend this place to visitors of the area."
Mercedes Trump,32,"{'negative': 19, 'neutral': 0, 'positive': 81}",Mercedes Trump is simply the best in Santa Barbara for wedding related alterations. She is truly talented and skilled at her craft.
Lovejoy's Pickle Room,76,"{'negative': 13, 'neutral': 1, 'positive': 86}","Lovejoy's Pickle Room is a fun dive bar with good food. It has a hipster vibe and the drink specials are pretty solid, but the bartenders are really hit or miss. I had good luck with the Friday night crew, but it's generally spotty as hell."
Sam's To Go - Isla Vista,134,"{'negative': 16, 'neutral': 16, 'positive': 69}",134 customers gave a negative review of Sam's To Go.
Santa Barbara Winery,411,"{'negative': 15, 'neutral': 13, 'positive': 72}","Located in Santa Barbara, this winery is great! I had a great time tasting and getting to know the staff."
El Pollo Loco,90,"{'negative': 66, 'neutral': 16, 'positive': 19}","The food is good and I have no complaints about that. The salsas were fresh and the corn cake was good. The chicken was dry, bland, and served lukewarm. The sides were also bland, especially the beans, which tasted like they were boiled in water with minimal seasoning. You can do so much better by going to Pollofino to experience juicy and delicious..."
Omni Catering,61,"{'negative': 2, 'neutral': 2, 'positive': 97}",This business is also very good. Their food is always delicious and the service is great! I highly recommend them for your weddings.
Carr Winery,165,"{'negative': 5, 'neutral': 8, 'positive': 87}","Known as Carr Winery, this winery is located on the banks of the Santa Barbara river in downtown Mission Valley. With only 2 locations, it is convenient to other downtown venues such as Pure Order and Telegraph but can be quite pricey."
Root 217,33,"{'negative': 30, 'neutral': 21, 'positive': 48}",I'm disappointed.
Stella Mare's,489,"{'negative': 10, 'neutral': 7, 'positive': 83}",Stella Mare is a French style bistro with great food. The salad bar has many items but my favorite is the tomato and avocado bruschetta. They also have an indoor dining area that is very comfortable.
Area 5.1 Winery,238,"{'negative': 6, 'neutral': 11, 'positive': 83}",Great staff who's able to talk you into their wines.
Marina Beach Motel,136,"{'negative': 7, 'neutral': 9, 'positive': 85}",This motel is very nice and the food is great.
Santa Barbara Classic Weddings,37,"{'negative': 0, 'neutral': 0, 'positive': 100}","Patrice's services are great, the prices are reasonable and the customer service is excellent."
Itsuki Restaurant,70,"{'negative': 10, 'neutral': 13, 'positive': 77}",Itsuki is a great local restaurant with fresh Japanese food.
The Sandman Inn,140,"{'negative': 36, 'neutral': 19, 'positive': 45}","This was one of the more inexpensive places I could find in Santa Barbara (central location) for Memorial Day weekend... Expedia charged $189/nite, which was $10 cheaper than the hotel was charging. This Hotel/Motel was ""acceptable"" and offers the basic amenities along with a DVD Player, mini fridge, microwave and CD alarm clock. However ambiance is non existant, bed uncomfortable, bathroom kinda moldy smelling (think they use well water?). Overall I don't think it was worth the price and will not be retuning anytime soon... if you're."
Launderland,30,"{'negative': 37, 'neutral': 3, 'positive': 60}","Launderland is a laundry service that delivers quick, professional work, and has been the company of choice for many years. Their prices are fair, quality is superb, and they are highly skilled with both men and women's clothes."
El Taco Grande,113,"{'negative': 39, 'neutral': 12, 'positive': 50}",The owners are friendly and the food is great.
Nu-Image Nails & Spa,156,"{'negative': 48, 'neutral': 5, 'positive': 47}",br>
Flavor of India,509,"{'negative': 19, 'neutral': 9, 'positive': 72}","Flavor of India serves Indian food in a casual, fast service dining environment. The restaurant is located on the corner of La Costa and Ocean."
Kiwi's Auto Repair,79,"{'negative': 16, 'neutral': 0, 'positive': 84}",Kiwi's Auto Repair has made a name for themselves by providing outstanding service and having some of the best customer service I've experienced in a long time.
Villa Rosa Inn,208,"{'negative': 53, 'neutral': 12, 'positive': 36}",The reviews on this site are not authentic. The truth is that the actual rooms in this hotel are not even a cheap fraction of what I paid. It's not as nice as some places I've stayed in.
Enjoy Cupcakes,167,"{'negative': 5, 'neutral': 3, 'positive': 92}",Rated 4.5 stars by customers
Inspiration Point,88,"{'negative': 5, 'neutral': 10, 'positive': 85}","For those of people looking for a date course that won't cost any money and kill some time, I highly recommend hiking this spot. You will see the beautiful vista point when you reached the top. There are plenty of street parking spaces right before the entrance."
Fresco Cafe,281,"{'negative': 18, 'neutral': 9, 'positive': 73}",This is a great place for lunch. Its pricey but they do have some unique sandwiches. It can get pretty busy in the afternoon.
Nook,214,"{'negative': 13, 'neutral': 10, 'positive': 77}",The Nook is located at 114 Pacific Ave in Santa Barbara and has a customer rating of 7 out of 10.
Montecito Coffee Shop,37,"{'negative': 30, 'neutral': 5, 'positive': 65}","Good location; poor food, but I'm not sure how it will last."
Old Yacht Club Inn,78,"{'negative': 31, 'neutral': 14, 'positive': 55}","The customer service at Old Yacht Club Inn was terribly bad. The inn keeper did not even give us the keys to our room. We received nothing from the inn when we questioned whether we wanted to stay in their beach house or in their hotel. You couldn't tell that we were not only staying at an inn, but there was more than one inn in the area. The customer care is horrible. There was no time to talk to us and it seemed like we were a nuisance. I have always liked Old Yacht club and would like to return."
Victorian Vogue and The Costume Shoppe,36,"{'negative': 39, 'neutral': 0, 'positive': 61}","I have to agree with the other reviews here. The owner was rude and disrespectful. -I have to say that the costume shoppe is the worst one I've ever been to. They have overly high prices, bad quality merchandise and rude people that treat you like a nuisance. I have never felt better about purchasing from this store."
JAS Productions,73,"{'negative': 3, 'neutral': 1, 'positive': 96}",Justin was awesome
Santa Barbara Screen & Shade,32,"{'negative': 25, 'neutral': 0, 'positive': 75}","Good prices, friendly staff, reasonable price."
Book Ends Cafe,63,"{'negative': 0, 'neutral': 5, 'positive': 95}",Great staff and great food.
805 Deli,43,"{'negative': 14, 'neutral': 9, 'positive': 77}","Great sandwiches, big portions and good customer service."
Elite Disc Jockeys,33,"{'negative': 0, 'neutral': 0, 'positive': 100}",This is just an update to our experiences with Elite Disc Jockeys. Danny was an amazing and professional DJ for our wedding this past weekend. He was so accommodating and easy to work with. We would definitely recommend him to any couple looking for a wedding DJ.
Little Alex's,112,"{'negative': 30, 'neutral': 15, 'positive': 54}","Poor, mediocre food."
Flightline Restaurant,329,"{'negative': 37, 'neutral': 12, 'positive': 51}",Best diner in the country
Giovanni's Pizza,84,"{'negative': 31, 'neutral': 7, 'positive': 62}","Overall, this establishment has a high rating due to its delicious pizzas, service and friendly staff. However, the crust is not very crispy and the sauces are too rich."
Frequency Wine,64,"{'negative': 0, 'neutral': 3, 'positive': 97}","Fast, family owned winery with 97+ reviews and outstanding food"
A1 Laundromutt,64,"{'negative': 19, 'neutral': 5, 'positive': 77}",This salon is highly competitive and has been highly rated on Yelp.
Armada Wine & Beer Merchant,55,"{'negative': 7, 'neutral': 2, 'positive': 91}","They are a little pricey for the selection they offer, but it is in a convenient location."
Deja Vu Cafe IV,105,"{'negative': 50, 'neutral': 17, 'positive': 32}","I was a fan of the food but the service was terrible, and the burgers were unsatisfying."
Lucky Dragon,90,"{'negative': 30, 'neutral': 9, 'positive': 61}",This customer service is poor. We went there to eat a dinner at Lucky Dragon for the first time. The service was pretty awful. I would not recommend this place to anyone.
Rusty's Pizza Parlors,87,"{'negative': 32, 'neutral': 28, 'positive': 40}","The crust is crispy and the toppings are loaded. Beer selection is low however; I don't think you can really go wrong with a beer and this pizza. The location is right in front of the ocean when your eating there are big windows where the amazing sun light comes in and you feel the warmth on your skin. I love this place, there is a bike rental across the way and I enjoy watching the different people go by bikes while eating my pizza. I will definitely be going back. I can almost smell the salty air."
Danny's Deli Bait & Tackle,84,"{'negative': 18, 'neutral': 10, 'positive': 73}",They were very accomodating and the sandwiches were delicious.
Sequel Salon,30,"{'negative': 3, 'neutral': 0, 'positive': 97}",A great place to get a haircut
Car Stereo Guys,70,"{'negative': 24, 'neutral': 3, 'positive': 73}",Car Stereo Guys are a family-owned business which offers quality services for car owners looking for a tinting service.
El Rincon Bohemio,86,"{'negative': 27, 'neutral': 10, 'positive': 63}","Yes, I've come here a few times over the years but was never ""impressed"" or ""wowed."" I know I like their chips and salsa, their service was great but this was never my go to on the regular kinda place. I'm glad I went there recently."
Chaucer's Bookstore,187,"{'negative': 6, 'neutral': 7, 'positive': 87}",The owner of Chaucer's Bookstore is a wonderful person. Very helpful and the store was clean and organized.
Dal Pozzo Tire,62,"{'negative': 10, 'neutral': 0, 'positive': 90}",Dal Pozzo Tire has a wide selection of tires. They have a fair price.
Celebration Cruises,299,"{'negative': 4, 'neutral': 1, 'positive': 95}",Whale watching on the Azure Seas on Sunday afternoon was pretty awesome.
Ralphs Grocery,49,"{'negative': 41, 'neutral': 8, 'positive': 51}","-since they've remodeled this Ralph's, it's so fun to shop there!"
Mick's Macs,33,"{'negative': 15, 'neutral': 3, 'positive': 82}","Service is great, techs are knowledgeable and friendly. Definitely recommend!"
New Si Chuan Garden,76,"{'negative': 21, 'neutral': 3, 'positive': 76}","The best place to enjoy authentic Chinese cuisine in Las Vegas. Get the spicy hot pot and wonton in chili oil for $26.95 per person, 4 people."
Gentle Dental Santa Barbara,59,"{'negative': 71, 'neutral': 3, 'positive': 25}","I'm new to town and gave these guys a shot because they accept my insurance. Why I didn't check reviews here before booking an appt is the dumbest thing I've ever done. Same thing happened to me as with other reviewers - ridiculously long wait, and dr Lu said I needed a deep cleaning (first time I'll ever heard I needed one). Because I had already waited for an hour, I told her I wanted a regular cleaning because I was already running late..."
Costa Terraza,50,"{'negative': 30, 'neutral': 26, 'positive': 44}","As one reviews, I was expecting much worse after reading the reviews, but I've had a great veggie burger with perfectly cooked fries. And they were fast!"
Del Valle Grill,38,"{'negative': 16, 'neutral': 3, 'positive': 82}",Del Valle Grill is a hole-in the wall Mexican restaurant that is affordable and delicious.
Volkswagen Santa Barbara,47,"{'negative': 34, 'neutral': 4, 'positive': 62}",Santa Barbara VW has been in the business for 58 years. The last day of this historic dealership will be November 30th.
Aussie Moving,34,"{'negative': 6, 'neutral': 3, 'positive': 91}",Australian Moving - They are very professional!
Alameda Park,66,"{'negative': 2, 'neutral': 6, 'positive': 92}","There is a lot of variety, but it can be hard to find."
Hughes Auto Body,57,"{'negative': 16, 'neutral': 2, 'positive': 82}",-The people here are the best! Super helpful and attentive. Brought my car in for a repair but they let me know that I could fix it myself and actually helped me do it at no charge! A+ for customer service!! This place is horrible.
White's Pet Hospital,51,"{'negative': 31, 'neutral': 0, 'positive': 69}",White's Pet Hospital has been my regular vet for years. Dr. Casaus is a competent and caring veterinarian. Dr Mary Rose is another good staff member.
Yes I Do!,40,"{'negative': 0, 'neutral': 0, 'positive': 100}",Great officiant who gives back to the community!
Sprint Store,34,"{'negative': 38, 'neutral': 3, 'positive': 59}",this store is excellent! my experience there was the best of all the stores I have been to.
Spa Del Mar,67,"{'negative': 18, 'neutral': 3, 'positive': 79}","Good quality masseurs, and friendly staff."
Bottle Shop,32,"{'negative': 19, 'neutral': 0, 'positive': 81}","The Bottle Shop is a liquor store in Santa Barbara, California. It has liquor and mixers that are available for purchase."
ABS Glass,36,"{'negative': 39, 'neutral': 0, 'positive': 61}","A good place for car body repair. They didn't do my front bumper, but did an excellent job on my car. The office staff was a little unfriendly as well."
Crossroads Trading Co.,69,"{'negative': 39, 'neutral': 10, 'positive': 51}","I went to the Closet for a couple of reasons, one of which was because I'm looking for clothes to give my daughter for Christmas. The store is not very nice and smelly like a thrift shop, but also not as over priced as some consignment/vintage shops. Also, I was disappointed in the quality of clothes that were sold. They were old and cheap, but not really worth that much money."
"Ryu K Richard, MD",31,"{'negative': 32, 'neutral': 0, 'positive': 68}",I have a question about yelp.com and their e-mail service. What do you call me and what does it say?
Treehouse Restaurant,52,"{'negative': 40, 'neutral': 19, 'positive': 40}","Despite it's three stars, the Treehouse Restaurant is a disappointment. The food and service are average, the atmosphere, including the coffee shop, are horrible."
One Carat Mani & Pedi,72,"{'negative': 12, 'neutral': 4, 'positive': 83}",Good looking but lackluster customer service.
Costco Food Court,64,"{'negative': 17, 'neutral': 12, 'positive': 70}",.
Evolation Yoga Santa Barbara,39,"{'negative': 5, 'neutral': 0, 'positive': 95}",Eloquation Yoga is a popular yoga studio in Santa Barbara. Their location has some great views of the ocean and the instructors are very accommodating with beginners. Prices are extremely reasonable and the staff is very friendly.
Brandy Melville,40,"{'negative': 65, 'neutral': 0, 'positive': 35}","Brandy Melville is a trendy boutique store for young women. The employees are great and the prices aren't that much higher than most other stores. However, the customer service here is awful. We had to wait an hour for the check and when we eventually got there, the girls behind the register were not even making eye contact with us. The girls were very rude because they thought their job was to get us drinks and the girls didn't really care about us."
A & E Automotive,81,"{'negative': 20, 'neutral': 1, 'positive': 79}",81 in 346 reviews
Fermie's A-1 Autobody & Paint,30,"{'negative': 10, 'neutral': 3, 'positive': 87}",81 out of 30
Santa Barbara Overhead Door,32,"{'negative': 12, 'neutral': 0, 'positive': 88}","This business is rated one star, but it has a good reviews."
Eric Krebs Auto Repair,47,"{'negative': 21, 'neutral': 6, 'positive': 72}","Despite being an auto repair shop, Eric Krebs Auto Repair has some low ratings."
Kenneth M Hallum,49,"{'negative': 2, 'neutral': 0, 'positive': 98}","Kenneth M Hallum is a local, experienced criminal defense attorney who has helped many clients by getting their speeding tickets dismissed."
MiraMed and Day Spa,34,"{'negative': 12, 'neutral': 9, 'positive': 79}",Salon Mirame has an overall customer rating of 78% and a total of 34 reviews.
Sansum Clinic Pueblo Multi-Specialty Clinic,32,"{'negative': 56, 'neutral': 6, 'positive': 38}",Sansum Clinic Pueblo Multi-Specialty Clinic is rated 3.2 out of 5 stars. This rating was based on a single review.
John Edwards Salon,32,"{'negative': 16, 'neutral': 3, 'positive': 81}",YUCK!.
The Blind Guy,41,"{'negative': 39, 'neutral': 5, 'positive': 56}",One out of four stars is for the person that is willing to support you. The Blind Guy is the real deal.
CrossFit Santa Barbara,39,"{'negative': 3, 'neutral': 3, 'positive': 95}","Great place, good coaches"
Old Town Coffee,320,"{'negative': 18, 'neutral': 4, 'positive': 78}","This independent coffee house is great with great service, great coffee and very friendly staff."
Step-N-Out Instant Shoe Repair,125,"{'negative': 70, 'neutral': 2, 'positive': 29}","I had 2 pairs of Frye boots that needed work. I came in and asked for one pair to be resoled and the other to be stretched. I trusted that the nice woman understood what I needed done. We spoke for a few minutes and she rang me up and told me that you could pick up your boots the following week. When I went to pick up my boots, I noticed that the sole was missing from my shoes. That's not a bad thing because it's good work."
Santa Barbara Cigar & Tobacco,32,"{'negative': 6, 'neutral': 3, 'positive': 91}",The customer service at Santa Barbara Cigar & Tobacco is outstanding with the employees having a wide variety of different items. This shop has great prices and the staff is always attentive to the customers needs. They do not offer a very wide selection of cigarettes or beverages.
Rooter Solutions,51,"{'negative': 24, 'neutral': 2, 'positive': 75}",Rooter Solutions is a plumbing company based in the city of Houston.
Oren's Automotive,57,"{'negative': 2, 'neutral': 0, 'positive': 98}",Oren's Automotive provides honest-valued repair work.
Santa Barbara Behavioral Health,31,"{'negative': 71, 'neutral': 0, 'positive': 29}",Psychiatric care at Santa Barbara Behavioral Health is well managed and highly professional. The staff is friendly and provides efficient follow-up care. Dr. Ferguson is the best I've ever had.
Melville Winery,62,"{'negative': 18, 'neutral': 6, 'positive': 76}","Melville Winery has a customer service rating of 6 out of 10, with 7 reviews."
A's Mobile Dog Grooming,35,"{'negative': 11, 'neutral': 3, 'positive': 86}",A's Mobile Dog Grooming is a mobile dog grooming business with a very high customer satisfaction rating.
Goleta Airport Pet Hospital,39,"{'negative': 23, 'neutral': 0, 'positive': 77}",Goleta Airport Pet Hospital is a vet clinic found by the local newspaper.
Santa Barbara Shoe Repair,64,"{'negative': 22, 'neutral': 0, 'positive': 78}",A great shoe repair shop.
Wecook,40,"{'negative': 48, 'neutral': 8, 'positive': 45}","My friends and I stopped in here for the first time about 8 months ago, on a Tuesday night. It is located outside the strip, but it was nice to have authentic Chinese food. I ordered the beef chow mein ($12), it was ok. The new owners raised the price because they were not happy with the low quality of the food. We had to go through the waiter many times to get a refund. The food itself was pretty solid, relatively high quality Chinese food, especially considering it's in IV. The hot and sour soup definitely had a loooot of white"
Seventh Dimension Dance,32,"{'negative': 0, 'neutral': 0, 'positive': 100}",It's the most amazing experience ever.
Pierre La Fond Market,75,"{'negative': 25, 'neutral': 16, 'positive': 59}","Pierre La Fond Market is a great local grocery store that also sells gourmet foods. It is conveniently located right off of the strip with a small outdoor patio. The food selection is mostly French, usually fresh and healthy, but they have a few Asian options such as Korean, Japanese and Chinese. The prices are a little steep, but the quality of the food is excellent. It's also very close to a couple of nice bars in the area, so you can always get a quick bite before or after attending a show."
Tondi Gelato,105,"{'negative': 1, 'neutral': 0, 'positive': 99}",Tondi Gelato has a rating of 1 stars based on 1 reviews
Schneider Autohaus,30,"{'negative': 3, 'neutral': 0, 'positive': 97}",The quality of the work was poor and the service rude.
Monkeyshine,36,"{'negative': 22, 'neutral': 8, 'positive': 69}",Monkeyshine ice cream is highly recommended by customers. The food is generally good.
Pizza Online Company,107,"{'negative': 8, 'neutral': 6, 'positive': 86}",There are 1 reviews for Pizza Online Company.
Malibu Farm at Miramar,52,"{'negative': 33, 'neutral': 6, 'positive': 62}",The hotel and property are beautiful.
Modern Times Academy of Recreational Sciences,74,"{'negative': 11, 'neutral': 1, 'positive': 88}","I was very pleased with the beer selection, friendly staff, and location."
OPPI’Z Bistro And Natural Pizza,175,"{'negative': 8, 'neutral': 8, 'positive': 84}",OPPI’Z Bistro And Natural Pizza has 84 positive reviews.
Miner's Ace Hardware,36,"{'negative': 22, 'neutral': 8, 'positive': 69}",I'm happy to have a hardware store in Golita that I can depend on. I plan on making this my go to hardware store from now on and suggest the same for anyone who needs to get that important project completed big or small. The houseplants are healthy and well cared for. They have good prices on the plants and they also bring in large specimens.. business: Miner's Ace Hardware include the following labels were detected: 36
Embermill,213,"{'negative': 9, 'neutral': 6, 'positive': 85}",Great vegetarian food. Great service.
Sushi | Bar Montecito,86,"{'negative': 6, 'neutral': 0, 'positive': 94}",Sushi | Bar Montecito is a sushi restaurant that serves sushi in Santa Barbara
Chi Massage Therapy,40,"{'negative': 2, 'neutral': 0, 'positive': 98}",Chi Massage Therapy received a positive review.
La Michoacana Premier,30,"{'negative': 23, 'neutral': 0, 'positive': 77}",The best Palestas and the best ice creams!.
Backstage Dueling Piano Bar,50,"{'negative': 4, 'neutral': 0, 'positive': 96}","I love the service. The food is good. Overall, great experience."
Feast: The Cafe at Field + Fort,34,"{'negative': 21, 'neutral': 12, 'positive': 68}","The Field + Fort Feast: The Cafe at Field + Fort has a high-quality, value-priced brunch menu."
SALTY at the Beach,70,"{'negative': 21, 'neutral': 10, 'positive': 69}","I miss the old endless, but Salty has done a good job updating the space. The food is good and prices are reasonable. But, WHAT HAPPENED TO THE POPCORN MACHINE?!?"
The Liquor & Wine Grotto,46,"{'negative': 2, 'neutral': 0, 'positive': 98}",Great selection of local wines and friendly staff - The Liquor & Wine Grotto
Oakberry Açaí Bowls and Smoothies,76,"{'negative': 9, 'neutral': 4, 'positive': 87}",They serve a variety of flavors and the service is always friendly.
La Paloma Cafe,77,"{'negative': 10, 'neutral': 3, 'positive': 87}","This location is convenient, clean and inexpensive. The food is great and the service is good."
Reunion Kitchen + Drink,62,"{'negative': 2, 'neutral': 8, 'positive': 90}","Reunion Kitchen + Drink is located in Cabrillo on the beach, serves great food, and has a friendly staff."
Romanti-Ezer,297,"{'negative': 21, 'neutral': 11, 'positive': 68}","Excellent food and service, but a little overpriced."
Empty Bowl Gourmet Noodle Bar,723,"{'negative': 10, 'neutral': 9, 'positive': 81}","The food was pretty good, but way overpriced for what it is. The spring roll in particular was tiny and insulting to be priced at $9. This noodle bar is great!"
Nordstrom Paseo Nuevo,146,"{'negative': 32, 'neutral': 10, 'positive': 58}","-amazing...the decor is so beautiful! the quality trumps valleyfair in sj. the Nordstrom is beautiful and its connected to an outside mall! even better! everything is so nice, kinda like san"
Harbor View Inn,308,"{'negative': 25, 'neutral': 7, 'positive': 67}",The receptionist was very disinterested.
Fess Parker's DoubleTree Resort,703,"{'negative': 39, 'neutral': 17, 'positive': 44}",This hotel was a major disappointment and I am sure there are plenty of better options for the price you pay.
Bucatini,281,"{'negative': 31, 'neutral': 17, 'positive': 52}","Service was okay, but food was overcooked and watery."
Pendulum Faire Clock Shop,38,"{'negative': 24, 'neutral': 3, 'positive': 74}",Customer service at its best.
Arlington Tavern,145,"{'negative': 13, 'neutral': 11, 'positive': 76}","Arlington Tavern is a fairly average-rated wine and beer bar with above-average customer satisfaction as well as a unique smoked meats selection. While it may not be for everyone, you won't be dissatisfied."
Longboard's Grill,515,"{'negative': 37, 'neutral': 22, 'positive': 41}",Not sure how this place has 3 stars. We came in for the burger and drink for $9.95 deal. One of the ...
The Blue Owl,543,"{'negative': 8, 'neutral': 8, 'positive': 84}",It's the best restaurant in town. The people here are fabulous and incredibly helpful.
Mama's Bakery & Deli,41,"{'negative': 17, 'neutral': 5, 'positive': 78}",One of the best baked goods in town. Excellent sandwiches.
The Bistro,248,"{'negative': 25, 'neutral': 16, 'positive': 59}",The Bistro has been rated a five out of Five stars by customers.
Coast Village Inn,60,"{'negative': 25, 'neutral': 12, 'positive': 63}",The room smell was musty and overall this hotel did not live up to our expectations. The rooms are spacious and had a cozy feel to them but could have been a little cleaner.
Sharky's Woodfired Mexican Grill,105,"{'negative': 19, 'neutral': 10, 'positive': 70}",This is a one star establishment for the food and for my experience the hostesses had some problems with the order.
Itsuki,260,"{'negative': 42, 'neutral': 19, 'positive': 39}","Itsuki on yelp: ""itsukis"""
Chuck's Waterfront Grill,262,"{'negative': 28, 'neutral': 16, 'positive': 56}","-They apparently don't have room for large parties. We called ahead and the guy that answered the phone said he could accommodate, when we arrived the hostess were marking snarky faces and said the could not seat a party of 9. They didn't give us a wait time they just suggested we go elsewhere. The girls in the front are NOT helpful. Service is OK at Chuck's Waterfront Grill"
Santa Barbara MTD,31,"{'negative': 61, 'neutral': 3, 'positive': 35}",This was the worst bus i have ever had in my life.
The Shop Kitchen,1121,"{'negative': 9, 'neutral': 10, 'positive': 81}","The Shop Kitchen food is good but they don't include any side items. It's pricey and has a ""15%"" tip. The cashier did not know what she was doing when she pre checked my tip."
Finney's Crafthouse,1072,"{'negative': 11, 'neutral': 8, 'positive': 81}",Finney's Crafthouse is a great place to eat and if you are looking for sushi. Their food is tasty and not too expensive. They have great ambiance which is nice even with the long wait times.
Salt Cave Santa Barbara,476,"{'negative': 16, 'neutral': 9, 'positive': 76}","Salt Cave Santa Barbara, located in the heart of downtown Santa Barbara and reminiscent of Mediterranean spas, has been rated by customers with different experiences overall. These reviews describe the spa's various amenities, including:"
Seagrass Restaurant,221,"{'negative': 19, 'neutral': 9, 'positive': 72}",Best Chinese restaurant in L.A.
Galanga Thai Restaurant,303,"{'negative': 26, 'neutral': 12, 'positive': 62}",Friendly staff. Delicious dishes.
Santa Barbara Zoo,686,"{'negative': 11, 'neutral': 12, 'positive': 78}","Compared to the general trend, Santa Barbara Zoo is less positive."
Metropolitan Paseo Nuevo Cinemas,53,"{'negative': 49, 'neutral': 23, 'positive': 28}",Definitely not a Regal Theater. A nice place to see a movie.
Choi's Oriental Market,178,"{'negative': 7, 'neutral': 4, 'positive': 89}",This is where you will find the best of the best in gourmet groceries. Choi's Oriental Market is the place to be.
Summerland Winery,155,"{'negative': 14, 'neutral': 7, 'positive': 79}","My review has been deleted due to the horrible customer service I received. Summerland Winery is a winery that is owned by an English speaking couple, who own a vineyard in California. This winery does not serve food, but has a tasting room with a wide selection of wines including local and international style wine. They are not known for being generous with dessert wines."
Your Choice,355,"{'negative': 11, 'neutral': 11, 'positive': 77}","Your Choice is a Thai restaurant located in Santa Barbara, California. They have a wide selection of food, including spicy hot noodles and panang curry. They are consistently good."
Mission Street Ice Cream and Yogurt - Featuring McConnell's Fine,878,"{'negative': 7, 'neutral': 7, 'positive': 86}",The ice cream was great--as was the yogurt.
Oaxaca Fresh,172,"{'negative': 41, 'neutral': 16, 'positive': 44}",Disappointed with the overall service and food.
Draughtsmen Aleworks,75,"{'negative': 3, 'neutral': 3, 'positive': 95}",The beer selection is great and the staff is super awesome and talkative and nice which makes me want to go back and enjoy a beer at the end of day.
Mar Monte Hotel - Hyatt,784,"{'negative': 54, 'neutral': 14, 'positive': 32}",This hotel is clean with a great location near the beach
Santa Barbara Salon,152,"{'negative': 13, 'neutral': 3, 'positive': 84}",The Santa Barbara Salon received 4 out of 5 stars.
Lilac Pâtisserie,602,"{'negative': 9, 'neutral': 6, 'positive': 85}","There is a Lilac Pâtisserie on South Street. You can buy gluten free friendly food, and the service is top notch. The food was great, but the server was rude and blamed us that he made the wrong coffee twice. If the service was better I would go back and try some of the beautiful pastry treats!."
La Arcada Bistro,144,"{'negative': 35, 'neutral': 10, 'positive': 56}",The business name (or names) of the restaurant is La Arcada Bistro and the medium-sized dishes are based on the aforementioned reviews.
Bouchon,1485,"{'negative': 7, 'neutral': 10, 'positive': 84}","Bouchon is a 5 star restaurant offering fine-dining dining. You can experience the food at this eatery, and enjoy your meal in a nice location with good service. The ambiance is warm and inviting. The menu is fairly extensive, and you can order whatever you want. Their wine list features a wide range of wines, and they have some terrific specials."
Great Pacific Ice Cream,122,"{'negative': 45, 'neutral': 28, 'positive': 27}",Great in the pier area- but it is expensive.
Nathan Nails & Spa,210,"{'negative': 18, 'neutral': 2, 'positive': 80}","This is a nice, expensive nail salon. It's a bit pricey for a gel manicure and pedicure."
La Aroma De Havana Cigar Lounge,74,"{'negative': 5, 'neutral': 1, 'positive': 93}","The cigar lounge La Aroma De Havana Cigar Lounge features a wide selection of premium cigars, beer and TVs for watching sports and smoking."
Casa Blanca Restaurant,675,"{'negative': 34, 'neutral': 15, 'positive': 51}","Not a fan of this place. It's really expensive for what you get, which doesn't even taste very good. They also love to put jalepenos in EVERY THING!! If you don't like jaleponos, watch out."
Your Place Thai Restaurant,440,"{'negative': 19, 'neutral': 11, 'positive': 70}",The fried chili fish is to die for.
Los Tarascos,140,"{'negative': 6, 'neutral': 11, 'positive': 84}","This place looked really good on yelp but its not so good close up. So i went with a party of 5. one person got tacos that were good, another got the chili renos they looked good, my mother got the Chicken mole and i got the molcajete witch when first arrived all my shrimp where raw, witch is hard to under cook shrimp. there was a rather big under cooked cactus steak witch i found inedible. The food was average. A bit on the salty side for my taste. Even though our service was"
Alki Art & Wellness Institute,38,"{'negative': 0, 'neutral': 0, 'positive': 100}",The Alki Wellness Center has the best staff in the valley. I've been coming here for over 30 years and have never had a bad experience with them. They are friendly and fun. There is no pressure or high expectations. They also do acupuncture and other body treatments.
Creamistry,157,"{'negative': 25, 'neutral': 10, 'positive': 64}",-I was impressed with the process. The price was a little on the high side. But this is also a boutique ice cream parlor not Baskin Robins. I was not happy with the young girl working the cash register though. She made me feel like I wasn't ordering fast enough and I was taking up too much of her time. So that's why I'm giving them a lower rating. Out of the 5 people working that day only one had a smile. That kinda took the fun away. Hopefully if we return they -
Le Cafe Stella,271,"{'negative': 22, 'neutral': 15, 'positive': 63}","The food was decent, but it was on a lower margin than previous visits."
Mercury Lounge,157,"{'negative': 14, 'neutral': 3, 'positive': 83}","A pretty cool place, but a little bit pricey."
Firestone Complete Auto Care,78,"{'negative': 51, 'neutral': 3, 'positive': 46}",The customer reviews are mixed .
Rudy's Restaurant No 1,266,"{'negative': 24, 'neutral': 11, 'positive': 66}","Unless you are into eating, skip this place."
Cafe Equilibrium,96,"{'negative': 15, 'neutral': 16, 'positive': 70}",The service was sabotaged.
Edomasa,409,"{'negative': 20, 'neutral': 15, 'positive': 65}",The reviews are accurate and the food is delicious.
Segway of Santa Barbara,168,"{'negative': 1, 'neutral': 0, 'positive': 99}",-None of the other reviews are authentic but the tour was a blast. My friends had a great time
SB Paws and Claws,83,"{'negative': 11, 'neutral': 5, 'positive': 84}","The customer service was good. I had to wait longer than I asked for, but overall it was a decent experience."
Sojourner Cafe,285,"{'negative': 14, 'neutral': 12, 'positive': 74}","The food looks so good, but lacks in flavor. My turkey sandwich was dull, and the garlic spread really didn't enhance anything. Be forewarned that the cucumber and tomatoes side was literally just slices of cucumber and tomato; a little Italian dressing and dicing the cucumber (or tomato) into a small salad would be way better. You might fare a bit better with the drinks here."
Moreton Bay Fig Tree,77,"{'negative': 3, 'neutral': 4, 'positive': 94}","It's near the Amtrak station and in a suburban area. It'd be a short stop for anyone on their way back up or down the 101 freeway. They have a lot to offer because it is a giant, unassuming, very beautiful tree."
Killer Shrimp,146,"{'negative': 19, 'neutral': 18, 'positive': 63}","They have good food, and the prices are affordable."
Michaels,51,"{'negative': 43, 'neutral': 10, 'positive': 47}","We have a Michael's near us and we find it to be just okay. It's a little small and when you walk in, you don't really know what you're looking for. Also, the staff tends to be rude and don' of good demeanor. I hope they improve soon"
Dickey's Barbecue Pit,75,"{'negative': 64, 'neutral': 15, 'positive': 21}","Dickey's Barbecue Pit has a good rating, but the meat is cold and there is not enough sauce."
DropSmashFix,80,"{'negative': 20, 'neutral': 1, 'positive': 79}","My first experience at DropSmashFix was 5 stars, the great service and help with my phone a few weeks ago was worth the money I spent. ."
Papa John's Pizza,55,"{'negative': 62, 'neutral': 4, 'positive': 35}","As a former Papa John's customer, I'm impressed with the quality and consistency of the pizza. However, I am underwhelmed by the treatment when using my Axxess card. If there was an option to exchange the card for a refund, I would do so."
For Paws Salon - State Street,41,"{'negative': 29, 'neutral': 10, 'positive': 61}","Usually I feel satisfied with stylists and a place. But for me this salon seems understaffed, the prices are high and everything is just too much for me to handle."
Quality Inn Santa Barbara,59,"{'negative': 32, 'neutral': 17, 'positive': 51}",I had a few issues with this hotel and would definitely stay here again.
Paul Mitchell The School Santa Barbara,81,"{'negative': 20, 'neutral': 12, 'positive': 68}","I made an appointment here and requested for the best in class because i didnt want to take any chances for mistakes. Well the girl who did my hair told me she had been there for a year and still had a YEAR LEFT even though its an 11 month school, so clearly she never shows up to school..then she left my head in the sink for 15 minutes while she went looking for the conditioner she forgot and a ""clean"" towel."
Angry Wings,55,"{'negative': 29, 'neutral': 18, 'positive': 53}","If you like fried chicken, you have found the best place in town but if you want chicken wings, not so much. Angry Wings has wings that are good, not great, and I will say their waffle fries are pretty flavorful."
Explore Wines Tour,49,"{'negative': 0, 'neutral': 0, 'positive': 100}",Explore Wines Tour was a great way to learn about the wine and get to know Santa Barbara wineries
Beds 4 U,41,"{'negative': 22, 'neutral': 0, 'positive': 78}",Beds 4 U is a bed set store. They deliver and buy. They are known for their friendly service.
Paradise Found,48,"{'negative': 6, 'neutral': 2, 'positive': 92}","This shop is a little pricey, but the owner (Kirstie) is extremely warm and welcoming. She also offers readings and has some good advice. For the type of psychic I'm looking for, this is my place."
Gina's Pizza,66,"{'negative': 21, 'neutral': 23, 'positive': 56}",It's a place with a good selection for some decent pizza. I gave it a 2 1/2 stars because the crust was soggy and the dough tasted like potato with ricotta cheese on top. Their salad was delicious and their toppings on pizza weren't skimpy.
Three Pickles,97,"{'negative': 13, 'neutral': 8, 'positive': 78}",-Good sandwiches. Not that great customer service.
European Sun,54,"{'negative': 30, 'neutral': 2, 'positive': 69}","With a fantastic selection of tanning beds, Euro Sun is the place to go when you are looking to get some colour."
Hair by Pam Peterson,31,"{'negative': 10, 'neutral': 0, 'positive': 90}",Hair by Pam Peterson reviews are selected to reflect how strongly the company is rated.
Nutbelly Pizzeria and Deli,259,"{'negative': 20, 'neutral': 12, 'positive': 68}","Nutbelly pizzeria and deli is a local, healthy pizza place..."
Ally Detail,159,"{'negative': 1, 'neutral': 0, 'positive': 99}","Great job, would hire again."
Holiday Inn Express & Suites Carpinteria,151,"{'negative': 21, 'neutral': 11, 'positive': 68}","The Holiday Inn Express & Suites in Carpinteria, California is the perfect choice for those who are looking for quality, comfortable and affordable accommodation."
Sansum Clinic Allergy & Immunology,35,"{'negative': 60, 'neutral': 6, 'positive': 34}",Not well worth the money.
Surf Dog,49,"{'negative': 0, 'neutral': 0, 'positive': 100}",Great Hotdogs w/ lots of toppings.
Father Jerry Bellamy,40,"{'negative': 0, 'neutral': 2, 'positive': 98}","Father Bellamy officiated my wedding. He was very attentive and personable, and my wedding was absolutely beautiful."
Stacky's Seaside,64,"{'negative': 28, 'neutral': 12, 'positive': 59}",A little pricey but really good food and drinks.
Petrini's Restaurant,76,"{'negative': 54, 'neutral': 11, 'positive': 36}",...
La Hacienda Mexican Restaurant,61,"{'negative': 13, 'neutral': 5, 'positive': 82}","The food was good and the staff was nice. Ambience is wonderful, the place is clean and the back patio is wonderful."
Anchor Woodfire Kitchen,61,"{'negative': 25, 'neutral': 10, 'positive': 66}",Anchor Woodfire Kitchen received a rating of 66% from 61 customer reviews.
Zak Dental - Santa Barbara,122,"{'negative': 50, 'neutral': 2, 'positive': 48}",Zak Dental - Santa Barbara has a 1 out of 5 customer rating.
Rose Garden Inn,89,"{'negative': 83, 'neutral': 7, 'positive': 10}",The location was very good but the room I stayed in wasn't exactly what I had expected.
Massage Envy - Goleta,35,"{'negative': 60, 'neutral': 3, 'positive': 37}","I booked a massage for my girlfriend and it was absolutely amazing. However, I have to say that the masseuses are only half of the story. The cashier made a million dollar deal for me to pay them but I never got the first time back to try the service again."
The Mex Authentic,179,"{'negative': 7, 'neutral': 9, 'positive': 83}","The Mex Authentic offers quick, quality Mexican food at reasonable prices."
Alpha Floral,144,"{'negative': 10, 'neutral': 1, 'positive': 89}","This florist is great! And the flowers are pricey, but they are very pretty!"
The French Table,88,"{'negative': 32, 'neutral': 12, 'positive': 56}","TFT is a French themed restaurant with an amazing crepe breakfast. This restaurant has excellent service and food selection. The location is in the State and not a big draw, but the prices are reasonable for what you get. They also have some awesome happy hour specials."
Butterfly Beach,126,"{'negative': 3, 'neutral': 3, 'positive': 94}",The overall sentiment at Butterfly Beach is 126.
Fresh & Easy,30,"{'negative': 40, 'neutral': 17, 'positive': 43}",Great food selections. A great place to shop.
Just Blow Drys Montecito Formally Shine Blow Dry Bar,62,"{'negative': 29, 'neutral': 5, 'positive': 66}","This place is great! The staff was super friendly. They have a little bit of an attitude, but overall I think the experience was great."
Paloma Restaurant & Tequila Bar,153,"{'negative': 19, 'neutral': 12, 'positive': 69}",This restaurant is a good place to go for Mexican food and drinks.
Land and Sea Shark Tour,122,"{'negative': 37, 'neutral': 7, 'positive': 56}",It was very disappointing in some places.
Cloud 10 Jump Club,49,"{'negative': 33, 'neutral': 14, 'positive': 53}",It is a rip off.
Lily's Nail Spa,73,"{'negative': 41, 'neutral': 7, 'positive': 52}","The staff is friendly and the prices are reasonable. The nail services are also pretty good. I was disappointed today with my manicure. If you are a client of Lily's Nail Spa, this may not be the place for you."
Avia Spa,30,"{'negative': 13, 'neutral': 13, 'positive': 73}",I really enjoyed my full body spa treatment at Avia.
Champs Barbershop,39,"{'negative': 13, 'neutral': 0, 'positive': 87}",This place is a bad haircut: -You can get a shorter cut than you would at most barbershops. -It is not as clean as some places and you wait for 15 or so minutes after you book your appointment. ---Are the reviews unbiased?
New Baja Grill,53,"{'negative': 9, 'neutral': 19, 'positive': 72}",I was not disappointed in any kind of food at New Baja Grill.
212° Hotpot,73,"{'negative': 11, 'neutral': 14, 'positive': 75}",212° Hotpot offers a variety of Chinese Cuisine that is sure to please.
Kogilicious,127,"{'negative': 9, 'neutral': 17, 'positive': 73}",Kogilicious is a small restaurant that caters to people on a tight budget.
Warbler Records & Goods,55,"{'negative': 5, 'neutral': 4, 'positive': 91}","There are a lot of stores that have record players, and Warbler Records has a bunch of them. It's located at 714 N. Laveen St. in Vegas."
Wing's Restaurant,37,"{'negative': 27, 'neutral': 14, 'positive': 59}",wings restaurant is family owned and operated and serves delicious food
Sansum Clinic Pesetas Urgent Care,66,"{'negative': 58, 'neutral': 6, 'positive': 36}","The staff was very friendly and they went out of their way to help. The doctor I saw was ok, but I wouldn't go back."
Tangonadas,69,"{'negative': 4, 'neutral': 3, 'positive': 93}","Despite the location in a small plaza, Tangonadas is an excellent quality place to get your empanada fix. They are often very busy and usually cater to large parties."
Crimson Day Spa,44,"{'negative': 2, 'neutral': 2, 'positive': 95}","great place for a facial, massage and waxing!"
A Quality Autobody,71,"{'negative': 6, 'neutral': 3, 'positive': 92}",A Quality does great work on their customer satisfaction.
The Nugget Bar & Grill,54,"{'negative': 41, 'neutral': 13, 'positive': 46}",Great for the kids.
Chumash Painted Cave State Historic Park,48,"{'negative': 27, 'neutral': 12, 'positive': 60}",A beautiful and unique cave which has been preserved to this day.
Wendy Fereday Swim School,33,"{'negative': 18, 'neutral': 0, 'positive': 82}","This venue is an excellent choice for your child's first swim lessons. They have a staff that is friendly, professional, and accomodating. There are plenty of amenities available for the adult as well as children to enjoy, plus there are special events to enjoy."
Richie's Barber Shop,73,"{'negative': 11, 'neutral': 1, 'positive': 88}",Great haircut. Friendly staff.
Sunny Asian Restaurant,47,"{'negative': 38, 'neutral': 6, 'positive': 55}",The food is over priced for what you get. It is average for Asian restaurants. The service is very slow and rude. The atmosphere is okay.
Movers OnSite,39,"{'negative': 5, 'neutral': 0, 'positive': 95}","We hired On Site to assemble furniture and we're very pleased with the result! They are honest, professional, and good at what they do."
See Me Smile Dental & Orthodontics,114,"{'negative': 22, 'neutral': 2, 'positive': 76}",See Me Smile Dental & Orthodontics in San Diego has an average customer rating of 82.9%.
IV Deli Mart,192,"{'negative': 24, 'neutral': 15, 'positive': 61}",I used to travel to IV every summer and this has always been one of my stops. The food is always good and the shawarma wraps are always great.
"The Pasta Shoppe, LLC",53,"{'negative': 11, 'neutral': 11, 'positive': 77}",The Pasta Shoppe is a nice place with good food. The service and atmosphere are okay but you should be aware of the food burn marks on your pizza's crust.
Rancho San Marcos Golf Course,33,"{'negative': 15, 'neutral': 0, 'positive': 85}",Rancho San Marcos Golf Course has been brought to its knees by the drought. My heart sank when I drove by the course last September and saw just bits of color on the greens and totally dead grass nearly everywhere else. BUT ... the bit of rain they've had this winter has been helpful.
Roof Top Bistro & Bar,79,"{'negative': 24, 'neutral': 11, 'positive': 65}","This business is a good choice for a drink, eat, or lounge-around."
The Appliance Store,30,"{'negative': 83, 'neutral': 0, 'positive': 17}",Dishonest business and rude customer service
Channel Islands Outfitters,108,"{'negative': 0, 'neutral': 4, 'positive': 96}","The Channel Islands Outfitters' tour guides are friendly and knowledgeable, and the food is consistently top of the line."
Minhly's Nails,105,"{'negative': 12, 'neutral': 7, 'positive': 81}",Minhly's Nails is an affordable family nail salon with friendly staff and a great outlook on the environment.
Dude I Need A Truck,56,"{'negative': 5, 'neutral': 4, 'positive': 91}",Dude I Need A Truck is a great alternative to renting a moving truck.
Glen Annie Golf Club,58,"{'negative': 19, 'neutral': 10, 'positive': 71}",The Glen Annie Golf Club has a mixed review score of 1-5 with an average rating of 71% for the overall experience.
Rincon Beach Park,35,"{'negative': 6, 'neutral': 6, 'positive': 89}","Rincon Beach is a free park located in the North Shore area of 'San Diego'. It offers beautiful scenery, and good views of sunsets and the ocean. There are lots of small windmills on site where you can stand and watch the sun set. This park is rated as one of the best places to go with kids."
Zen Massage Place,155,"{'negative': 13, 'neutral': 3, 'positive': 84}",Zen Massage Place is a very nice place to get a massage. Their products are affordable and they are extremely nice!
Natural Nails,36,"{'negative': 69, 'neutral': 8, 'positive': 22}","This nail salon has good reviews on Yelp, and they offer gel manicures and pedicures."
SB Munchiez,187,"{'negative': 22, 'neutral': 9, 'positive': 69}","This place is almost an exact copy of nite bite, but seriously lacking in quality. Mac and Cheese was decent but the French fries were horribly soggy and stuck to all the paper they put at the bottom. I'll take a cab to blue owl instead of ordering from here again."
Precision Motorcycle Service,32,"{'negative': 6, 'neutral': 0, 'positive': 94}",Best motorcycle shop in SB for bike repairs.
Unveiled Makeup & Hair,34,"{'negative': 9, 'neutral': 0, 'positive': 91}",Unveiled Makeup & Hair has the best customer service I've experienced.
Dent Experts,32,"{'negative': 22, 'neutral': 3, 'positive': 75}","The Dent Experts is amazing! Everyone I've worked with there has been so helpful, kind and honest which seems so rare in the car repair industry. Their prices can not be beat, they get your car finished quickly and it always looks as good as new. I just had the very unfortunate incident of having gotten my car repaired and looking brand new again and less than a week later having another accident"
Paradise Campground,36,"{'negative': 28, 'neutral': 25, 'positive': 47}",A place to stay if you want great campsites and great customer service. It's not that I like the sound of people playing loud music all night. The next day I woke up to crows chirping in the morning.
Bayside Watch,38,"{'negative': 37, 'neutral': 3, 'positive': 61}","Aside from the above-mentioned, I would highly recommend this place if you are trying to get your watch back in working order."
Risdon's 76 Service & Carwash,55,"{'negative': 40, 'neutral': 4, 'positive': 56}",This business received an average rating for customer service and quality of the car wash.
Queen of Clean Service,53,"{'negative': 23, 'neutral': 8, 'positive': 70}","The overall sentiment distribution provided by: 53: reviews_detected, result_percentage_positive:70 result_persentence_negative:23 results_precentation_neutral:8 labels were detected"
Mesa Barber Shop,50,"{'negative': 26, 'neutral': 2, 'positive': 72}","br>These people are the best in town. Eric is my guy, but they are all great! Make sure you call for an appointment!. business"
Frankland's Crab,30,"{'negative': 40, 'neutral': 10, 'positive': 50}",It's really hard to get an understanding of the place unless you can't afford it.
SB Volume Lash & Spa,41,"{'negative': 2, 'neutral': 0, 'positive': 98}",Overall positive and the client rating is 81%.
Lafond Winery City Tasting Room,56,"{'negative': 18, 'neutral': 4, 'positive': 79}","The Lafond Winery is a wine tasting room located downtown in Santa Barbara. They have a pricey wine selection and a very nice atmosphere. There are a few negatives: 1 star for the food, but they have the best breadsticks that I have ever tasted!"
Champagne Room,35,"{'negative': 6, 'neutral': 0, 'positive': 94}",The Champagne Room is a hidden gem in Santa Barbara.
Residence Inn by Marriott Santa Barbara Goleta,53,"{'negative': 13, 'neutral': 8, 'positive': 79}","The Residence Inn by Marriott Santa Barbara Goleta is in a convenient location, has great amenities, and is also very clean."
Carpinteria Veterinary Hospital,52,"{'negative': 8, 'neutral': 0, 'positive': 92}","This veterinary hospital is a great place to take your pet. The veterinarians are all great, the kennels are nice, and the overall experience is good. Everyone that works there is very friendly."
A-Frame Surf,62,"{'negative': 6, 'neutral': 0, 'positive': 94}",I was looking for a surf shop in Carp and came across A-frame. Everyone there was very friendly and the shop had a large selection of surfboards and gear. The owner was also a surfer and gave me some advice on where to go when surfing. The shop is not equipped for big gatherings but the owners are nice enough to accommodate that. A-Frame has a good product selection and a decent price.
N&S Expressions,33,"{'negative': 12, 'neutral': 0, 'positive': 88}",Customer service is great. Prices are reasonable and items are well-made.
Alice's Nail Boutique,48,"{'negative': 29, 'neutral': 10, 'positive': 60}",I wish they had better customer service and was less over priced.
Clearview Landscaping,32,"{'negative': 6, 'neutral': 3, 'positive': 91}",Excellent and professional.
Coral Casino Beach & Cabana Club,33,"{'negative': 6, 'neutral': 9, 'positive': 85}",Great place to enjoy the outdoors.
J'aime Skin Spa,48,"{'negative': 2, 'neutral': 0, 'positive': 98}",J'aime Skin Spa was a great place to get my skin & tanning done.
Fantastic Sams Cut and Color,104,"{'negative': 39, 'neutral': 2, 'positive': 59}","Fantastic Sams is a salon that has been popular with customers for the past few years. This is largely due to their friendly, welcoming staff, inexpensive prices, and high customer satisfaction."
Crocker Refrigeration Heating & Air,41,"{'negative': 39, 'neutral': 0, 'positive': 61}",: Crocker Refrigeration Heating & Air is a business with 4 reviews and 42 positive reviews.
Alloy Wheel Repair Specialists of Santa Barbara,30,"{'negative': 7, 'neutral': 0, 'positive': 93}","- My wife and I went in for a car refurbishment. The service was great, the worker was very clean, and it all came out great! The rims are going to look better than they did before!!"
Ardie's Waxing,47,"{'negative': 26, 'neutral': 4, 'positive': 70}","br>blended]brinding/brindling; Ardie's Waxing is a waxing salon that is great for people who are new to waxing, she made me very comfortable and she used the highest quality products available at a killer price.bring out the Bikini Wax"
Los Prietos Campground,48,"{'negative': 31, 'neutral': 29, 'positive': 40}",It was a disappointing experience
Goleta Valley Athletic Club,34,"{'negative': 15, 'neutral': 3, 'positive': 82}",Goleta Valley Athletic Club has 82 reviews.
Drain Charmer-Husted Plumbing and Rooter,35,"{'negative': 17, 'neutral': 0, 'positive': 83}","Drain Charmer - Husted Plumbing and Rooter has been providing plumbing services in the Phoenix, Arizona area for several years. They have consistently provided excellent service and work on all makes and models of plumbing including stainless steel, water heaters, toilets, garbage disposals, tubs, sinks and more. There are some plumbers out there that are not quite as professional as Husted, which is why these reviews are so important to us."
Lizard's Mouth,36,"{'negative': 3, 'neutral': 3, 'positive': 94}","Visited this hiking trail with a group of 6 and had the most rewarding experience ever. The views were amazing, but it got kind of crowded in places. I was hoping for a little bit more solitude and peace."
Santa Barbara Family Chiropractic,36,"{'negative': 3, 'neutral': 0, 'positive': 97}","Very positive and experienced staff, very affordable prices"
Just 4 Fun Party Rentals,43,"{'negative': 14, 'neutral': 2, 'positive': 84}",One of the worst parties I've ever been to.
Same Day Junk Hauling By Ignacio,74,"{'negative': 9, 'neutral': 1, 'positive': 89}",Ignacio's services do not cater to people moving out of their houses.
Surf Country,37,"{'negative': 19, 'neutral': 0, 'positive': 81}",The surf shop in town is better than the average
Magnolia Event Design,41,"{'negative': 5, 'neutral': 0, 'positive': 95}","Lindsey does a good job at her craft, and does it well, but that's not enough to compensate for the fact that she is less than dedicated to the business."
Platinum Movers,70,"{'negative': 3, 'neutral': 0, 'positive': 97}",This service is excellent and a solid option for moving in Santa Barbara.
Barb's Pies,169,"{'negative': 4, 'neutral': 2, 'positive': 94}","The menu may not be industrial, but they have good food. If you don't mind a little more music, then this is the place for you."
Bettina,325,"{'negative': 12, 'neutral': 6, 'positive': 82}","As the old saying goes, the smallest is the biggest. It's that simple at Bettina. The food is consistently good, and the service is prompt and attentive. There are about 5-4 restaurants in downtown town, but with a big, lively atmosphere, a small price range, comfortable chairs, and an average of around $10 for entrees and sides, it's hard to complain."
Haley Hotel,59,"{'negative': 29, 'neutral': 5, 'positive': 66}",Positive reviews of Haley Hotel. Negative reviews about Haley hotel.
The Rooter Man,82,"{'negative': 2, 'neutral': 1, 'positive': 96}",Excellent job done and very pricey.
Hanamura Cantonese Dim Sum,41,"{'negative': 54, 'neutral': 12, 'positive': 34}",The staff was very friendly and the food was decent.
Farmacy - Santa Barbara,50,"{'negative': 20, 'neutral': 10, 'positive': 70}","This place is beautiful, with a large variety of high quality products and the staff is friendly. You can tell products have been carefully curated and a lot of thought has gone into making this a welcoming and pleasant environment."
La Cocina Mexican Restaurant,74,"{'negative': 15, 'neutral': 7, 'positive': 78}","A must stop for Mexican food, this restaurant has a 75% positive rating and an average of 5 stars out of 7."
Modern Times Kitchen,54,"{'negative': 7, 'neutral': 0, 'positive': 93}","Modern Times Kitchen is an excellent bar food and brewing establishment located in the heart of downtown, next to Kim's Service Station."
Appfolio Property Manager,108,"{'negative': 91, 'neutral': 0, 'positive': 9}","As anyone who owns a rental property knows, you can always count on the property manager offering some form of support. Unfortunately, for me, Appfolio lacks the expertise to respond to customer support requests. I've gotten some response..."
Pearl Social Santa Barbara,38,"{'negative': 11, 'neutral': 8, 'positive': 82}",The most positive thing about Pearl Social is it's great atmosphere and its drinks. The only negative thing is the prices are a little too high.
Field + Fort,32,"{'negative': 12, 'neutral': 9, 'positive': 78}","Field + Fort - The place to be for coffee, treats, and unique gifts!"
Beachside Inn,56,"{'negative': 59, 'neutral': 4, 'positive': 38}","Beachside Inn is a good place to stay for a short trip or weekend in San Diego. The hotel is very clean, has comfortable rooms and staff. Parking is free, so you could save upto $30 per day."
Hochaya,35,"{'negative': 3, 'neutral': 3, 'positive': 94}","This new boba shop has saved Santa Barbara!! Since moving here from LA, I haven't found a store that I've particularly enjoyed."
Crush Bar and Tap,34,"{'negative': 0, 'neutral': 0, 'positive': 100}","Crush Bar and Tap offers happy hour specials on their taps. The service is great and the location is convenient to both SM and the airport. They offer decent food, too."
Mesa Burger - Montecito,56,"{'negative': 20, 'neutral': 9, 'positive': 71}","Mesa Burger has a customer rating of 71/100. It's located in Montecito, CA. You can visit their website to find out what reviews they have received."
Ca’Dario - Montecito,34,"{'negative': 26, 'neutral': 3, 'positive': 71}","Ca’Dario - Montecito is a restaurant located in Montecristo, California. It has an average customer rating of 71 out of 91."
The Lark,1557,"{'negative': 12, 'neutral': 10, 'positive': 78}","The lark by the lake is a great place for sushi and dinner. The food is good, but you will be disappointed because the waiter was awful."
Freebirds,1286,"{'negative': 10, 'neutral': 13, 'positive': 77}","It's a bit pricey, but worth it."
Malai Thai Massage,61,"{'negative': 13, 'neutral': 5, 'positive': 82}",This business offers Thai massage.
Jeannine's Bakery & Restaurant,657,"{'negative': 9, 'neutral': 8, 'positive': 82}","Jeannine's Bakery & Restaurant is the ultimate for delicious coffee drinks, fresh and flaky pastries, and a huge amount of baked treats along with wonderful food! On top of the excellent drinks, food and pastries..... The best of the bunch???"
D'Angelo's Bakery,438,"{'negative': 21, 'neutral': 15, 'positive': 64}",Good selection but it doesn't seem to be getting the job done.
Joe's Cafe,744,"{'negative': 24, 'neutral': 17, 'positive': 60}","Food was good, but the service was slow."
Mesa Appliance Service,53,"{'negative': 8, 'neutral': 2, 'positive': 91}","Mesa Appliance Service - Good service, prices, quality"
Carlyle Salon and Style Bar,179,"{'negative': 8, 'neutral': 1, 'positive': 91}","Posted by joelcyrd on October 26, 2012, this place is awesome."
Cody's Cafe,306,"{'negative': 21, 'neutral': 15, 'positive': 64}",A great breakfast spot with a variety of options. Great service. And the food is really good!
Hotel Santa Barbara,269,"{'negative': 30, 'neutral': 10, 'positive': 59}","***Plain and small room.*** Parking behind the hotel is $7 per night. A simple breakfast of pastries, juices, coffees, teas, and waffles is included. The best thing about this hotel is the location and the fact that it is not a chain."
Andersen's Danish Bakery & Restaurant,1122,"{'negative': 19, 'neutral': 10, 'positive': 71}","Service was good, but the food was not worth the money."
Garrett's Old Fashioned Restaurant,512,"{'negative': 9, 'neutral': 10, 'positive': 80}","The decor is authentic, and the food is delicious. The staff member who took our order was very nice and helpful. The omelettes were great too."
Riley's Flowers,119,"{'negative': 38, 'neutral': 3, 'positive': 59}","Riley's Flowers are fairly decent. Not bad, but no aweful, beautiful and very reasonable prices..."
Empress Palace,201,"{'negative': 37, 'neutral': 17, 'positive': 46}","Overall, this place is pretty good. We ordered the orange peel beef, salt and pepper squid, and mu-shu chicken. The standout dish of the three was definitely the salt and..."
Island Brewing Company,270,"{'negative': 6, 'neutral': 7, 'positive': 88}","The overall sentiment of this place: 88.6% positive, 88 Positive, and 8 Negative."
Wine Cask,327,"{'negative': 10, 'neutral': 12, 'positive': 78}","Disappointing food, poor service, and crowded"
El Torito,182,"{'negative': 51, 'neutral': 20, 'positive': 29}",The customer service is horrible and the prices are more than you bargain for.
Coffee Collaborative,60,"{'negative': 22, 'neutral': 13, 'positive': 65}",The food is great but the decor is pretty dirty
Woody's BBQ,295,"{'negative': 49, 'neutral': 12, 'positive': 39}","They are very good!! But, the food tastes like it was reheated or out of the dryer."
Julienne,305,"{'negative': 19, 'neutral': 10, 'positive': 71}","We had the seared albacore appetizer and it was fantastic. The porkbelly was good, but not very juicy."
Bree'osh,504,"{'negative': 5, 'neutral': 5, 'positive': 90}",- I love their croissants and their coffee.
Giovanni's Pizza Carpinteria,197,"{'negative': 43, 'neutral': 20, 'positive': 38}","I think the salad was just ok, with a water that was too much for me to drink."
Honeys,109,"{'negative': 7, 'neutral': 3, 'positive': 90}","Honey's waxing services are very friendly and helpful. Prices are reasonable. I received a Brazilian and sugar wax and the price was comparable to most other places in Charlotte. However, it took awhile to get what I would need. I have been waxing my eyebrows for over 10 years now and have never experienced any negative experiences. The shop is cute and welcoming."
The Good Lion,350,"{'negative': 5, 'neutral': 5, 'positive': 90}","Located in Downtown Phoenix, The Good Lion features the best pizza I have ever had."
Isla Vista Market,32,"{'negative': 66, 'neutral': 12, 'positive': 22}","Isla Vista Market is a grocery store located in Isle Vista, California. It features several products such as wine and beer. Additionally, it has some pretty good meat products. However, the quality is poor."
Figueroa Mountain Brewing Co.,437,"{'negative': 14, 'neutral': 7, 'positive': 79}","Excellent beer selection, friendly staff, cheap prices"
Lux Nails & Spa,362,"{'negative': 26, 'neutral': 5, 'positive': 70}",Lux Nails & Spa has received 5 stars because of its excellent customer service and a quick turnaround time.
Santa Barbara Wine Therapy,256,"{'negative': 16, 'neutral': 6, 'positive': 77}",Santa Barbara Wine Therapy offers board games.
Kanaloa Seafood,228,"{'negative': 15, 'neutral': 10, 'positive': 75}",One star is a good description of the food. The only thing that is not really great is the fish.
Dave's Dogs Grill,379,"{'negative': 8, 'neutral': 3, 'positive': 89}","Dave's Dogs Grill is a fantastic hot dog place. They serve tons of different types of hot dogs, and have some unique options. The customer service is great, and the fries are a big hit. Save room for dessert!"
Zaytoon,1185,"{'negative': 12, 'neutral': 9, 'positive': 80}","Good food, but the main thing is service."
Luckys Steakhouse,404,"{'negative': 22, 'neutral': 8, 'positive': 70}","This restaurant received a score of 70 / 100, based on 7 reviews. The prices were high but the food was excellent."
Pure Order Brewing,86,"{'negative': 5, 'neutral': 7, 'positive': 88}","Pure Order Brewing is a family friendly place that sells craft beers and is family friendly. It is rated eight out ten by customers, and has an 82% customer satisfaction rating."
Zizzo's Coffeehouse,167,"{'negative': 24, 'neutral': 14, 'positive': 62}","Zizzo's Coffeehouse is a drive-thru coffee shop. It has very competitive prices and fast service, but the quality of the coffee can be disappointing."
Patxi's Pizza,747,"{'negative': 18, 'neutral': 9, 'positive': 73}","A good ambiance, decent pizza, nice staff, and they're thin crust."
Outback Steakhouse,116,"{'negative': 45, 'neutral': 18, 'positive': 37}","It's not my favorite Outback, but the food is always good and the service here is a joke.. I had the baby back ribs and spring chicken combo.... Excellent! We also had the buffalo chicken strips to start us off, they were pretty good as well."
Petit Valentien,355,"{'negative': 13, 'neutral': 9, 'positive': 77}","Petit Valentien is a French, Ethiopian and Ethiopian food place with decent reviews."
Best Western Beachside Inn,133,"{'negative': 35, 'neutral': 11, 'positive': 54}",I love this hotel! But their management doesn't care about the customers.
Darin Jon Studio,69,"{'negative': 14, 'neutral': 1, 'positive': 84}",The overall positive and negative experience with the staff appointment setting was really poor. The clerk was outrageously rude and antagonistic to.
South Coast Deli-Goleta,358,"{'negative': 14, 'neutral': 4, 'positive': 82}","This place has some great food! The pulled pork is my go to favorite. When I do, I am always satisfied."
Lucky Penny,654,"{'negative': 13, 'neutral': 9, 'positive': 78}",Great food and atmosphere. Great happy hour prices.
El  Sitio,144,"{'negative': 15, 'neutral': 8, 'positive': 76}",Best Burrito in the Valley!
Men's Wearhouse,69,"{'negative': 28, 'neutral': 4, 'positive': 68}",Good customer service.
Cafe Luna,89,"{'negative': 17, 'neutral': 16, 'positive': 67}",Cafe Luna is my go-to lunch/breakfast Shack. Their food is delicious!
Uncle Roccos Famous NY Pizza,330,"{'negative': 51, 'neutral': 10, 'positive': 39}",The pizza is amazing but the service is terrible. The food was okay
China Palace,206,"{'negative': 26, 'neutral': 12, 'positive': 62}",China Palace is a popular place for Chinese food in the Las Vegas area
City of Santa Barbara,74,"{'negative': 24, 'neutral': 7, 'positive': 69}","We went to the Santa Barbara city of Santa Barbara to visit friends for a group outing. There was plenty to do while we were there, but it wasn't what we expected. The people were homeless, the shops weren't too friendly, and the town is very nice"
Agave Inn,185,"{'negative': 8, 'neutral': 9, 'positive': 83}","Quite nice and clean. The rooms were all very comfortable. The bathroom was quite small, but the shower did not disappoint."
Oreana Winery,243,"{'negative': 23, 'neutral': 16, 'positive': 62}",It is not the place for you.
Beachbreak Cafe,142,"{'negative': 25, 'neutral': 20, 'positive': 54}",It is a good breakfast but not all that great.
Grassini Family Vineyards,165,"{'negative': 4, 'neutral': 3, 'positive': 93}","Grassini Family Vineyards is the most beautiful tasting room in Santa Barbara. Elegant wines, knowledgeable staff, and the Grazzini family has a fantastic story that makes all the wines even better than they already are. I joined their wine club so I could get regular shipments of their wine and I can't wait until my first shipment!"
Once In A Lifetime,48,"{'negative': 0, 'neutral': 0, 'positive': 100}",Dalina is a lovely person and made my daughter's wedding day very special.
China Pavilion,352,"{'negative': 28, 'neutral': 12, 'positive': 59}","Best Chinese food in Santa Barbara, rated 5 out of 5."
San Ysidro Ranch,132,"{'negative': 12, 'neutral': 3, 'positive': 85}","Excellent food, and excellent service."
Restaurant OPEN,106,"{'negative': 11, 'neutral': 6, 'positive': 83}","A bit of a drive from where I live. Service was good, food was okay."
University Of California - Santa Barbara,121,"{'negative': 10, 'neutral': 4, 'positive': 86}",A University Of California - Santa Barbara student shares their experience of college life.
Union Ale,208,"{'negative': 27, 'neutral': 18, 'positive': 54}",Union Ale offers a great selection of beers and bar food.
Truckee River RV Park,53,"{'negative': 15, 'neutral': 9, 'positive': 75}",This campground is located near Boca Reservoir with a variety of amenities including a covered outdoor patio with bbq grill. Also offers plenty of shade and clean bathrooms.
Los Gallos,54,"{'negative': 13, 'neutral': 15, 'positive': 72}","For a Mexican restaurant in a trendy Santa Barbara location, try Los Gallos. Great atmosphere, food, and service."
Costco,171,"{'negative': 23, 'neutral': 12, 'positive': 65}",Best Costco at a good price.
Green Table,333,"{'negative': 11, 'neutral': 9, 'positive': 80}",Very tasty and healthy. Nice atmosphere. Good food.
Sustainable Wine Tours,365,"{'negative': 0, 'neutral': 0, 'positive': 99}",This tour is great. It's one of the best tours I've ever had.
Brazilian by Brazilian,89,"{'negative': 1, 'neutral': 0, 'positive': 99}","Whether you're looking for waxing, or a facial or massage, Lica is the place to go."
Yoga Soup,78,"{'negative': 4, 'neutral': 1, 'positive': 95}","Excellent instructors, friendly atmosphere (with a healthy dose of humor), and many different styles."
Saigon Noodle House,330,"{'negative': 42, 'neutral': 15, 'positive': 43}","The food was ok, but not good. The service was bad. I don't understand the positive reviews."
Municipal Winemakers,262,"{'negative': 8, 'neutral': 8, 'positive': 84}","Located next to the Planet Hollywood hotel, the Metropolitan Winemakers is a great place to grab a drink with friends or family."
Old Town Tavern,41,"{'negative': 17, 'neutral': 20, 'positive': 63}","This is a great dive bar for couples. It has great food, and karaoke is surprisingly fun."
Upham Hotel,159,"{'negative': 18, 'neutral': 13, 'positive': 70}",It's a stone's throw from State Street and the beach but you still feel like you're off the beaten path and have been transported back in time. The Upham is a great place to stay in Santa Barbara with its impeccable charm.
Santa Barbara Amtrak Station,106,"{'negative': 40, 'neutral': 11, 'positive': 49}",-Amtrak sucks. It's filled with obnoxious families and the people they have selling booze are borderline teetotalers. The story is all you need to know about Amtrak:
La Carreta,39,"{'negative': 5, 'neutral': 18, 'positive': 77}",The food at La Carreta is excellent.
Sama Sama Kitchen,491,"{'negative': 19, 'neutral': 10, 'positive': 70}","The food is great, but the service is slow and portions are small."
Indo-China Market,71,"{'negative': 24, 'neutral': 7, 'positive': 69}","Indo-China is a nice store with a wide selection of items, but not really what I needed."
Tee-Off Restaurant and Lounge,224,"{'negative': 18, 'neutral': 12, 'positive': 71}",A great local place off the beaten path with an old-school bar/restaurant in a strip.
Jack's Bistro & Famous Bagels,211,"{'negative': 29, 'neutral': 15, 'positive': 56}","Jack's Bistro and Famous Bagels is a great place for breakfast, but it's not like a real restaurant. Food was good, but the waiter wasn't very nice."
Auto Dentist,43,"{'negative': 0, 'neutral': 0, 'positive': 100}",Excellent !
Town & Country Inn,77,"{'negative': 75, 'neutral': 9, 'positive': 16}",Pricey for the area and not very clean.
Mosto,96,"{'negative': 16, 'neutral': 6, 'positive': 78}","Highly recommended for tasty, authentic Italian food."
La Playa Azul Cafe,326,"{'negative': 15, 'neutral': 11, 'positive': 75}","In general, the food is delicious, though a little expensive. It's a nice place and the service is friendly. However, the fish tacos are overshadowed by all the accompaniments."
Lao Ma Tou,83,"{'negative': 28, 'neutral': 11, 'positive': 61}",Lao Ma Tou has a very poor rating.
Inn On Summerhill,99,"{'negative': 21, 'neutral': 8, 'positive': 71}","The staff and grounds are amazing at Inn On Summerhill and the overall experience was exceptional from the moment we checked in until we walked out. We had to upgrade rooms to larger rooms, but they were all very clean, comfortable and delicious!"
B&E Photography,65,"{'negative': 2, 'neutral': 0, 'positive': 98}",Highly recommended!
Arnoldi's Cafe,298,"{'negative': 16, 'neutral': 13, 'positive': 70}","The food was flavorless, quick to the table not sure the freshness of the ingredients. The service is horrible felt rushed to eat and get out. Won't come back for the price it was extremely disappointing."
Ty Lounge,31,"{'negative': 10, 'neutral': 13, 'positive': 77}",-Ty Lounge was great for happy hour drinks
Eller's Donut House,48,"{'negative': 6, 'neutral': 4, 'positive': 90}",Eller's Donut House has excellent donuts and large portions. The only complaint is that the service is spotty.
Plum Goods,63,"{'negative': 8, 'neutral': 5, 'positive': 87}",63 people are positive about this store.
The Daily Grind,103,"{'negative': 24, 'neutral': 10, 'positive': 66}",This is a good coffee shop with lots of parking and a nice neighborhood vibe.
Tri-County Locksmiths,70,"{'negative': 26, 'neutral': 0, 'positive': 74}",This company is poorly run & the lack of customer service is most apparent.
Float Luxury Spa,276,"{'negative': 13, 'neutral': 8, 'positive': 78}","The Float Luxury Spa is my new spa. Great customer service, good product selection, and friendly staff."
Square One,42,"{'negative': 17, 'neutral': 5, 'positive': 79}",I can not wait to try the $100 burger!
Gandolfos New York Deli,38,"{'negative': 58, 'neutral': 5, 'positive': 37}","Gandolfos New York Deli, with its authentic Reuben and the dill pickle is a great place for a bite to eat. The service is slow and the food can be quite expensive."
I'a Fish Market and Cafe,67,"{'negative': 6, 'neutral': 9, 'positive': 85}","This is a small fresh fish market located inside the Santa Barbara Public Market. They have an assortment of fresh fish and shellfish dishes such as pastas, sandwiches, and oysters. We were a bit stuffed already from our food adventure but we couldn't resist the urge to try their lobster roll. For $18, it's not too out of the ordinary. The 10% discount also helped! Although the lobster roll was solid--huge lobster chunks galore--it's a very small roll. Literally several bites and you're done. The sandwich comes with fries,"
The India Club,150,"{'negative': 23, 'neutral': 9, 'positive': 69}","Good food, reasonable prices, and good customer service."
Montecito Pet Shop,38,"{'negative': 26, 'neutral': 3, 'positive': 71}","I think this place is ok, but it is small and has nice cats."
The Wayfarer,141,"{'negative': 21, 'neutral': 8, 'positive': 71}","The Wayfarer is a hotel that is close to the beach, state street, etc."
McVeigh Massage,78,"{'negative': 5, 'neutral': 0, 'positive': 95}",Went here for a massage. Excellent. Very professional and kind. Will come back.
East Beach,56,"{'negative': 2, 'neutral': 16, 'positive': 82}","There are two locations, both with the same amenities. Both have plenty of parking, and both are located in an urban area. East Beach has a very long boardwalk that is great for walking, bicycling, and rollerblading. The beach itself is extremely clean."
Dumpling King,55,"{'negative': 20, 'neutral': 16, 'positive': 64}","Dumpling King is a dumpling place, but it's not so great as other reviewers have said. It is the kind of place where you can buy dumpling skin from a store and it is still great. The only thing is that it is really hard to find a decent table here."
Kalyra Winery,144,"{'negative': 21, 'neutral': 17, 'positive': 62}","Excellent wine selection. Great service, great food."
The Savoy,60,"{'negative': 25, 'neutral': 15, 'positive': 60}",It is a great night club in Santa Barbara. The entertainment is good and the people are friendly. They keep you entertained. The food is average. I highly recommend the duck philly with figs and cranberry sauce.
Santa Barbara Wine Collective,84,"{'negative': 26, 'neutral': 6, 'positive': 68}","Terrible attitude from the staff. Expect to wait for extremely long periods of time between tastings. On the positive side, the wine is decent. On a negative side, The staff were very friendly and very knowledgeable about the various wines."
KB Events,37,"{'negative': 0, 'neutral': 0, 'positive': 100}",Katie is an excellent wedding planning artist.
Mishay Salon & Spa,98,"{'negative': 10, 'neutral': 0, 'positive': 90}",The business is fine for a small boutique salon in the City Center.
Zugan Health Urgent Care,77,"{'negative': 26, 'neutral': 0, 'positive': 74}","The doctor is good, the office has a pretty clean feel."
Santa Barbara Golf Club,43,"{'negative': 37, 'neutral': 21, 'positive': 42}","I think the gal in the restaurant should run the pro shop, she has a great personality. The older Marshall is a keeper, but not the white earbud one, he needs to go. As for the course, it was my first time playing here. You can easily see they are doing their part to conserve water. The greens were a little rough looking but played ok. I have also never been to an all dirt driving range. It was an absolute joy to golf. I will be back."
Eco Friendly Cleaners,69,"{'negative': 30, 'neutral': 3, 'positive': 67}",Eco Friendly Cleaners with the best prices and the best quality.
Goleta Barbers,35,"{'negative': 23, 'neutral': 3, 'positive': 74}","A good barbershop, the haircut was very good and they have a place for ladies."
Nona's Italian Deli,38,"{'negative': 47, 'neutral': 3, 'positive': 50}","This place offers Italian sandwiches, a variety of salads and desserts, and is open late."
The Garden,93,"{'negative': 40, 'neutral': 16, 'positive': 44}",The Garden is one of the best places in town to grab a beer. Since it's located in the Public Market you have a variety of food choices for lunch and dinner that pair well with the 42 beers and ciders they have on tap. Staff has been very accommodating. The atmosphere is also top notch.
The Home Depot,175,"{'negative': 71, 'neutral': 5, 'positive': 24}",i can't believe my experience at home depot.
Goleta Valley Optical,32,"{'negative': 16, 'neutral': 6, 'positive': 78}","Goleta Valley Optical is an optical store with reasonable prices and great customer service. They have a wide selection of frames, including designer, as well as an extensive lens selection."
Varsity Bike Shop,55,"{'negative': 7, 'neutral': 0, 'positive': 93}",- I came to this store for some bike parts. Their customer service is excellent and their prices are reasonable. I would recommend their store
Santa Barbara International Marathon,34,"{'negative': 65, 'neutral': 6, 'positive': 29}",Santa Barbara International Marathon has four stars out of four. I ran the race in 2014 (My third marathon). The route - 4 stars - the first half is running through neighborhoods and honestly isn't scenic at all. The payoff comes at the end when you get the coastal view which is great.
Sal's Pizza,84,"{'negative': 20, 'neutral': 11, 'positive': 69}",Sal's Pizza is a family business that specializes in delicious pizza.
Santa Barbara Nissan,71,"{'negative': 31, 'neutral': 1, 'positive': 68}","The Nissan service center charges 4-5 times as much as any other auto repair shop in Santa Barbara. Their work is fine, but if you don't want to blow a few hundred for a job that takes less than an hour, you're better off going somewhere else."
The James Joyce,166,"{'negative': 17, 'neutral': 14, 'positive': 69}",The James Joyce is a good place for a quick lunch or drinks.
RockStar Transportation,156,"{'negative': 53, 'neutral': 1, 'positive': 46}",RockStar Transportation was great!
The Little Things Bakery,134,"{'negative': 6, 'neutral': 1, 'positive': 93}","The Little Things Bakery, a bakery made by Wayne and Ana that makes awesome cakes."
Santa Barbara Taste,49,"{'negative': 0, 'neutral': 0, 'positive': 100}","Excellent service , large bus , professional drivers and delicious food."
Sunshine Auto Spa & Mobile Detailing,72,"{'negative': 8, 'neutral': 3, 'positive': 89}",Sunshine Auto Spa & Mobile Detailing has an average customer rating of 91% based on 21 reviews.
Zip Kleen Dry Cleaners,32,"{'negative': 16, 'neutral': 6, 'positive': 78}","Zip Kleen is very professional at making your clothes clean and beautiful. They are great for tailoring shirts and wedding dresses. I took my costume to be fitted for the big day. They take care of it well. The service was good (especially with their prices), as well."
Dublin's Sports Grill,36,"{'negative': 53, 'neutral': 17, 'positive': 31}",This place could have great potential especially considering its location. Definitely a dive bar. Bartenders can pour beer and make simple cocktails IF they have ingredients
Nick’s Appliance Services of Santa Barbara,199,"{'negative': 8, 'neutral': 1, 'positive': 91}","a review for Nick’s Appliance Services of Santa Barbara, this business has been customer service minded and they got my washing machine to work."
Santa Barbara Museum of Art,101,"{'negative': 9, 'neutral': 20, 'positive': 71}","The Santa Barbara Museum of Art was a worthwhile place to view a well balanced mix of contemporary & classical art. Back in 2009 I recall spending an hour or so here taking in a pretty extensive permanent collection that included everything from ancient Chinese & Indian art to Matisses. Perhaps that collection still exists but I didn't get to see it. For $10 (full priced) admission, I got to see the ""highlights"" of the permanent collection and one -Small museum, but there's an intimacy that's nice. We had some time to kill, and this was"
Jill's Place,329,"{'negative': 14, 'neutral': 9, 'positive': 77}","A lot of people liked the food here - especially the steaks, but I found the short rib to be dry and the other beef not as good."
Evan's Relaxing Station,96,"{'negative': 22, 'neutral': 6, 'positive': 72}","Evan's Relaxing Station is located on the corner of W 88th St and Loyal Dr. It is located in the shopping center next to the YMCA and just north of the airport, about 2 blocks away."
David M Kim - Village Properties,53,"{'negative': 2, 'neutral': 0, 'positive': 98}",David M Kim was fantastic to work with!
Modern Nails,201,"{'negative': 22, 'neutral': 8, 'positive': 69}",Modern Nails has a customer rating of 69.3% with a 5 star rating.
Cielo,40,"{'negative': 48, 'neutral': 10, 'positive': 42}","Cielo isn't exactly a restaurant, but it's a great place for lunch and dinner."
Santa Barbara Sailing Center,136,"{'negative': 19, 'neutral': 5, 'positive': 76}",Santa Barbara Sailing Center is a good choice for a casual sail boating experience. The facility is well maintained and the staff is friendly.
Here's the Scoop,110,"{'negative': 27, 'neutral': 9, 'positive': 64}",This place is great for the sweet tooth and is a great way to end an eventful day.
Elite Nails,45,"{'negative': 38, 'neutral': 4, 'positive': 58}","Bad customer service. One of the manicurists took the gel color samples out of my hand without explanation. It's a nail salon, so not that much to go around."
Vegan GreenGO,280,"{'negative': 16, 'neutral': 10, 'positive': 74}",A vegan place called GreenGO has been rated 3 stars out of 5 and specializes in vegan Mexican food.
Santa Barbara Nails,30,"{'negative': 13, 'neutral': 3, 'positive': 83}",One star for the nail salon.
Lookout Park,49,"{'negative': 16, 'neutral': 4, 'positive': 80}","This little Clifftop park have a great view of the Pacific and the coastline both north and south. The park itself as restrooms, some small volleyball area, grassy areas, and a walking trail down to the beach. The beach itself is a mixture of sand and rocks, seasonal depending on currents, tide, and longshore drift. Like many beaches in Santa Barbara County, some folks ride horses up and down the coast, although there are time restrictions on equestrian activities on the beach, specifically between May and November. Due to all the asphalt seeps in the area, you will"
Camp Canine,107,"{'negative': 18, 'neutral': 2, 'positive': 80}",I would highly recommend Camp Canine to everybody.
Roto-Rooter Plumbing & Water Cleanup,57,"{'negative': 49, 'neutral': 4, 'positive': 47}",Roto-Rooter has the right attitude and experience but the rooter isn't enough.
Greek House Cafe,40,"{'negative': 12, 'neutral': 20, 'positive': 68}",Greek House Cafe has a customer rating of 5 out of 5 stars.
Freeman's Flying Chicken,33,"{'negative': 33, 'neutral': 0, 'positive': 67}","I had been curious about Freeman's for a bit since I saw them pop up on Axxess, and seen coupons in the ads you get in the mail. So, one nice when we didn't feel like cooking, we decided to check them out. They have a variety of different side dish options (all of which sounded delicious) and we decided on the BBQ meal (the meal because of the great axxed deal). We decided to pick up the food because we were curious about the location at Earl Warren"
Haik's German Autohaus,37,"{'negative': 27, 'neutral': 0, 'positive': 73}","The friendly, courteous staff is what makes Haik's so great."
Santa Barbara Yoga Center,43,"{'negative': 7, 'neutral': 5, 'positive': 88}",The staff at Santa Barbara Yoga Center are friendly and the place is nice.
Kotuku Elixir Bar & Superfood Store,39,"{'negative': 13, 'neutral': 5, 'positive': 82}","For a healthy alternative to typical fast food and chain restaurants, Kotuku offers quality ingredients."
Mels,32,"{'negative': 25, 'neutral': 9, 'positive': 66}",As long as there is a dive bar I will continue to keep in mind Mel's.
Honor Market,60,"{'negative': 13, 'neutral': 5, 'positive': 82}","Great pizza, great prices!"
Ceremonies By Nanette,82,"{'negative': 1, 'neutral': 0, 'positive': 99}","Nanette is the absolute BEST! She was our wedding officiant and made our special day even more special than we imagined! She initially planned to have a private ceremony at the SB Courthouse and thought we would use the service of the courthouse staff to marry us. We decided (a week before our wedding) that we wanted a longer & more personal ceremony than the quickie that the court house provides. Nanette returned our initial phone call immediately and wowed us with my very first conversation. She totally ""got us"" and knew exactly what we were looking for! Such a great connection"
"Kendall, Rohde, & Associates",37,"{'negative': 8, 'neutral': 0, 'positive': 92}","Fantastic staff, fantastic dentist, and outstanding results"
August Ridge Vineyards,34,"{'negative': 0, 'neutral': 0, 'positive': 100}","A place to sample some of Santa Barbara's best wine, August Ridge is a great choice for those who do not live near the area."
Fastrack Bicycles,53,"{'negative': 4, 'neutral': 2, 'positive': 94}",Great service and great prices.
Blue Agave,156,"{'negative': 27, 'neutral': 12, 'positive': 62}","We thought that we would give it a shot as our favorite place in Vegas. Then we realized that the food was horrible. We had been there before and liked it but last night was horrible! It was like the waitress was out of line, asked if we wanted chips and salsa and they said no. That was terribly rude! We had to order a special. The food was okay and we had guava blood orange mixed margaritas. The waitress should have asked us if the drink was OK or not. She just said she couldn't make anything for us. I feel"
Fiesta Inn & Suites,31,"{'negative': 84, 'neutral': 10, 'positive': 6}",I don't know how Expedia rated it.
Above & Beyond Body Arts,80,"{'negative': 19, 'neutral': 6, 'positive': 75}","Above & Beyond Body Arts is an art studio, artist studio, and jewelry gallery in the heart of the San Diego Bay Area. The owners of Above 'n' Beyond have great customer service skills and a friendly, helpful interior."
7 Day Nursery,30,"{'negative': 23, 'neutral': 7, 'positive': 70}",7 Day Nursery is an incredibly diverse selection of plants for the indoor and outdoor gardener. Although a small location it has a very diverse selection from natives to Moroccan imports and they have incredibly affordable prices. The employees are incredibly helpful with aesthetically creative garden ideas.
Arlington Theatre,139,"{'negative': 22, 'neutral': 9, 'positive': 70}","-Staff is friendly, sound system is decent, but seats are tight and too noisy."
Nail Palace,35,"{'negative': 57, 'neutral': 3, 'positive': 40}",The overall score for Nail Palace is 32% positive and 45% negative.
Earl Warren Showgrounds,30,"{'negative': 23, 'neutral': 10, 'positive': 67}","Despite the positive reviews, there are some negative traits about the show grounds."
brewLAB,51,"{'negative': 4, 'neutral': 0, 'positive': 96}","brewLAB is my favorite place to go for beer! I love their beers, atmosphere, and staff."
Night Lizard Brewing Company,136,"{'negative': 4, 'neutral': 2, 'positive': 94}",Great selection of craft beers and awesome trivia nights.
Mollie's,137,"{'negative': 31, 'neutral': 4, 'positive': 65}","My wife and I recently visited MOLlie's for our anniversary. I really enjoyed the food at this place, especially the fresh pasta dishes. The place is very clean and the staff is great. I would definitely recommend this place to anyone who loves great Italian food."
Moto Loco,31,"{'negative': 48, 'neutral': 3, 'positive': 48}","Bad service, not worth the price."
Open Air Photobooth,31,"{'negative': 0, 'neutral': 0, 'positive': 100}",Open Air Photobooth has 31 reviews.
Santa Barbara Harbor,32,"{'negative': 9, 'neutral': 3, 'positive': 88}","The harbor isn't big, but it's cute, has a fun atmosphere, quiet, fun people and activities, small stores"
Michelle K Montecito Brow Studio,37,"{'negative': 3, 'neutral': 0, 'positive': 97}","Michelle K Montecito Brow Studio is a highly highly rated and highly regarded eyebrow waxing salon. All of their staff are professional, friendly, and experienced."
VCA Noah's Ark Animal Hospital,62,"{'negative': 35, 'neutral': 8, 'positive': 56}","VCA Noah's Ark Animal Hospital is in the city, near the airport and is a good vet clinic. I go there because my dog kept getting ticks and it's a big deal when you have to get a check up at 75 dollars. The staff are friendly and they keep me informed so I know exactly what is going on."
Cat & Bird Clinic,60,"{'negative': 18, 'neutral': 3, 'positive': 78}","I have had my cats and Birds at the Cat & Bird Clinic for over 20 years, and have never been disappointed. I recommend Dr. Christine Sellers as your vet. She works in the animal and birds' health care arena, and is very knowledgeable of their medical procedures. I have only gotten one bad experience with Dr. Sellers (although she is an excellent veterinarian)."
Au Bon Climat Winery,81,"{'negative': 15, 'neutral': 10, 'positive': 75}","Authentic, authentic, authentic. This is the most unique wine tasting I've been to."
The Clear Choice,34,"{'negative': 6, 'neutral': 0, 'positive': 94}",The Clear Choice have been my window cleaners for over 2 years. They are highly reliable and do a wonderful job.
Santa Barbara Locksmiths,43,"{'negative': 35, 'neutral': 0, 'positive': 65}","Located in Santa Barbara, California, this company has been providing locksmith services for over 15 years."
Whitcraft Winery,34,"{'negative': 21, 'neutral': 9, 'positive': 71}",The winery is a little pricey for the quality of the wine.
AC4 Fitness,34,"{'negative': 24, 'neutral': 9, 'positive': 68}","Located near Macy's, Ross, and soon a Target. Very convenient location."
Melodie Girard Aesthetics,41,"{'negative': 0, 'neutral': 2, 'positive': 98}",Melodie Girard Aesthetics uses a unique approach to facial hair removal.
Airport Animal Hospital,30,"{'negative': 53, 'neutral': 3, 'positive': 43}","Angie's review is for the grooming salon, not the vet."
WDC Kitchen & Bath - Santa Barbara,68,"{'negative': 56, 'neutral': 0, 'positive': 44}",WDC Kitchen & Bath sells cheap quality appliances.
About Faces Skincare,60,"{'negative': 10, 'neutral': 2, 'positive': 88}","About Faces Skincare are not good for a haircut, they have one stylist at a time with bad service."
Sunny Smiles Dentistry for Children and Young Adults,34,"{'negative': 6, 'neutral': 0, 'positive': 94}",Sunny Smiles Dentistry for Children and Young Adults welcomes customers of all ages.
Kelly Marsh - Cornerstone Home Lending,47,"{'negative': 0, 'neutral': 0, 'positive': 100}",Kelly Marsh & her amazing team at Cornerstone Home Lending
Nikka Japanese Market,41,"{'negative': 2, 'neutral': 5, 'positive': 93}",This is a great Japanese grocery store in the Goleta area with many items available. The prices are very reasonable and the staff is friendly.
Rudy's,97,"{'negative': 21, 'neutral': 7, 'positive': 72}","The original owner, Rudy's is a very popular and respected establishment. It is not easy to find due to the chain restaurants in the area. However, there are few choices for Mexican food downtown. I went to Rudy’s to have lunch on a busy Saturday with some friends. Rudy serves food at fair prices. Their enchiladas are also very tasty. The service was great. Rudi's has quite a bit of space inside. It's not very spacious but it's an enjoyable place to sit and eat."
Vishions Smoke Shop,52,"{'negative': 27, 'neutral': 4, 'positive': 69}","Vishions Smoke Shop has a very good smoke shop, but the customer service is terrible and there are many customers who are unhappy."
Santa Barbara Dental Care,47,"{'negative': 23, 'neutral': 4, 'positive': 72}",There are 47 reviews for Santa Barbara Dental Care with the average rating of 72 and a 20% negative feedback. The overall positive and negative ratings are the same.
​Silent Stay Meditation & Retreat Center,35,"{'negative': 0, 'neutral': 3, 'positive': 97}",The silence is at its best here.
EZ Automotive,61,"{'negative': 3, 'neutral': 0, 'positive': 97}",The average customer review for this business is a negative one.
Keg 'n' Bottle,34,"{'negative': 29, 'neutral': 18, 'positive': 53}","Excellent service, but the food is mostly bar food. It's a bit pricey for what you get, and not the finest food or drink you'll see at any other local pub."
Ferris Orthodontic Group,43,"{'negative': 0, 'neutral': 0, 'positive': 100}","Excellent service, friendly staff, and prices are reasonable."
Little Caesars Pizza,40,"{'negative': 40, 'neutral': 15, 'positive': 45}",Terrible service and cold pizza.
Milpas Motors,34,"{'negative': 24, 'neutral': 0, 'positive': 76}","This used car dealership is great, friendly and does a great job."
Tint Works Window Tinting,65,"{'negative': 0, 'neutral': 0, 'positive': 100}",Excellent job on my car
Uber,32,"{'negative': 78, 'neutral': 3, 'positive': 19}",A bad experience.
Los Padres Outfitters,35,"{'negative': 6, 'neutral': 0, 'positive': 94}",I had the pleasure of riding this group during a vacation. The horses were very nice and walked nicely. It was very enjoyable and everyone enjoyed their time.
AC4 Fitness - Goleta,34,"{'negative': 21, 'neutral': 3, 'positive': 76}","AC4 Fitness is a low-cost gym. The gym itself is clean and the staff is friendly. It is located next to my work, so I can workout during lunch."
805 Roadside Towing,34,"{'negative': 21, 'neutral': 0, 'positive': 79}",This company has excellent customer service.
Spa Escape,38,"{'negative': 16, 'neutral': 0, 'positive': 84}","Excellent massages, great selection of products, affordable."
T J Paws Self-Serve Dog Wash,90,"{'negative': 4, 'neutral': 0, 'positive': 96}",T J Paws Self-Serve Dog Wash has a 96 percent customer satisfaction rating and is highly recommended.
Associated Hand Surgeons,37,"{'negative': 46, 'neutral': 3, 'positive': 51}","The overall sentiment for this place was 37.6% positive, which was the highest score out of all of the places we visited."
Regenerate Health Medical Center,36,"{'negative': 22, 'neutral': 0, 'positive': 78}","The Regenerate Health Medical Center is an expensive, high quality medical center that provides a variety of therapies. I don't know how they can have so many positive reviews, but there is one."
Uncorked Wine Tasting and Kitchen,157,"{'negative': 1, 'neutral': 1, 'positive': 98}",The Uncorked Wine Tasting and Kitchen is a nice place to go for wine tasting. It has a few of the best wines in town and is not as busy as other places.
Renaud's Pattiserie,58,"{'negative': 28, 'neutral': 10, 'positive': 62}","Renaud's Pattiserie is a bakery in Montecito, California. It has a rating of 4 stars based on 1 reviews."
Glass House-Cocktail Garden,58,"{'negative': 10, 'neutral': 0, 'positive': 90}",58 percent of people are satisfied with this bar and the service is great.
Ike’s Love & Sandwiches,100,"{'negative': 22, 'neutral': 8, 'positive': 70}",Excellent quality food and great service.
Skyenna Wine Lounge,92,"{'negative': 3, 'neutral': 1, 'positive': 96}",Skyenna Wine Lounge has high-quality wine and friendly service.
Nails Uptown,44,"{'negative': 16, 'neutral': 7, 'positive': 77}",The pedi massage was just ok.
Oku,434,"{'negative': 14, 'neutral': 9, 'positive': 77}",Service was excellent. Sushi and burgers were great. We had the salmon sandwich with avocado on the side. It was just OK.
Express-Rooter,31,"{'negative': 3, 'neutral': 0, 'positive': 97}",Customer service is lacking. Especially when it comes to service.
LOKUM Turkish Delight & Baklava,233,"{'negative': 9, 'neutral': 7, 'positive': 85}",This business is rated 2.3 stars based on 333 reviews with an average rating of 9 stars.
Dave’s Dogs,53,"{'negative': 6, 'neutral': 4, 'positive': 91}","Dave’s Dogs is a very nice restaurant with great food. It is located in North East, near the Santa Barbara Airport"
Insomnia Cookies,76,"{'negative': 21, 'neutral': 18, 'positive': 61}","If you want a good deal, go to Insomnia Cookies."
Rejuvenation Spa & Nails,60,"{'negative': 28, 'neutral': 5, 'positive': 67}",Rejuvenation Spa & Nails is located in the North Las Vegas area and has a average customer satisfaction score of 73.6%.
Biergarten,104,"{'negative': 12, 'neutral': 8, 'positive': 80}","I really like this place. It has great atmosphere, great beer, and the service is fantastic."
JJ’s Diner,65,"{'negative': 6, 'neutral': 8, 'positive': 86}",This new place looks great and it's a small diner-style restaurant. It's one of the few places that is not as high-end as some of the other diners in the area.
Yona Redz,124,"{'negative': 13, 'neutral': 5, 'positive': 82}",Yona Redz has been rated very highly for Birria Tacos and the owner is very friendly.
Corner Tap Room,44,"{'negative': 0, 'neutral': 5, 'positive': 95}",A new favorite neighborhood spot for drinks and food.
Mesa Verde,1849,"{'negative': 4, 'neutral': 4, 'positive': 92}",- Great selection of food and great service.
Ablitt's Fine Cleaners,129,"{'negative': 20, 'neutral': 7, 'positive': 73}","With over 100 years experience, Ablitt's Fine Cleaners is the best one on the block."
Boathouse at Hendry's Beach,2575,"{'negative': 14, 'neutral': 11, 'positive': 75}","Excellent food, service and a wonderful view! This is my favorite place to get lunch on the bay!"
Four Seasons Resort The Biltmore Santa Barbara,519,"{'negative': 13, 'neutral': 8, 'positive': 80}",Four Seasons Resort The Biltmore is a family friendly resort with an excellent location.
Ramada by Wyndham Santa Barbara,223,"{'negative': 37, 'neutral': 19, 'positive': 44}",". You get what you pay for I suppose. The manager was really nice, but that couldn't make up for the building itself. The rooms seem to have gotten a bit better. But only a little. The first room they gave me had a door that connected it to another room -I traveled for work often. This was the first Ramada I've ever stayed in. No work approved rates in Santa Barbara! Shocking. This is the only option."
Charming Nails,50,"{'negative': 40, 'neutral': 6, 'positive': 54}",Charming Nails has a customer rating of 5.0 stars based on 4 reviews.
A White Jasmine Inn,127,"{'negative': 13, 'neutral': 11, 'positive': 76}","While the quality of the breakfast was quite good, I did not like the fact that the massage was no longer available and that I did sign up for a promo code for 5% discount."
The Honor Bar,571,"{'negative': 10, 'neutral': 7, 'positive': 83}",There is a really good selection of wine and spirits.
Hoffmann Brat Haus,426,"{'negative': 16, 'neutral': 12, 'positive': 73}",The overall sentiment for this place was: 426 out of 5 stars
Via Maestra 42,603,"{'negative': 10, 'neutral': 7, 'positive': 83}","- Great service, authentic Italian food. A bit loud, but nice & cozy & casual. I looooved the pumpkin ravioli & my Italian red wine. Wow!!!"
Tupelo Junction Cafe,1032,"{'negative': 12, 'neutral': 14, 'positive': 73}",Tupelo Junction Cafe has a rating of 72% and a customer rating of 73.
Goat Tree,320,"{'negative': 29, 'neutral': 10, 'positive': 60}","The Goat Tree is a sushi and sushi bar. It is located in the heart of town near the casino. It offers lots of variety, as well as sushi and steaks. They have a nice atmosphere with an average customer rating. I will not be returning here though."
Nikka Ramen,575,"{'negative': 7, 'neutral': 9, 'positive': 84}",A new Japanese place in a neighborhood that lacks good Asian food.
Pattaya Thai Restaurant,241,"{'negative': 20, 'neutral': 17, 'positive': 63}","This is a fairly well-reviewed place, but it's not as good as the average Thai restaurant in Goleta. The service is slow, but the food is great. The mango and sticky rice desserts are amazing."
Olio Pizzeria,637,"{'negative': 14, 'neutral': 10, 'positive': 76}","Despite the poor customer service and a poor selection with more than 35 choices to choose from, Olio Pizzeria offers an eclectic menu."
Beach House Inn,99,"{'negative': 4, 'neutral': 2, 'positive': 94}","Beach House Inn is a hotel in Santa Barbara, California. It is not pet friendly, but it has a great customer rating. The owner is very nice and does not treat the guests negatively. The property has 74 guest rooms with separate living spaces, which means you can accommodate more people."
Yellow Belly,353,"{'negative': 10, 'neutral': 8, 'positive': 81}",This review is about Yellow Belly in Santa Barbara.
Mesa Burger - Santa Barbara,464,"{'negative': 14, 'neutral': 11, 'positive': 75}",Mesa Burger is rated as average by customers. This may indicate that there are other places to eat in the area.
Pizza Guru,302,"{'negative': 24, 'neutral': 10, 'positive': 66}",Pizza Guru is an enjoyable place for a lunch/dinner date. The food is well priced and the service can be sporadic.
South Coast Deli- Chapala,344,"{'negative': 7, 'neutral': 5, 'positive': 88}",a very good place to go eat food and drinks with a lot of food because its not expensive
Cesar's Place,115,"{'negative': 21, 'neutral': 8, 'positive': 71}",There is a nice little Mexican restaurant near the Rio Hotel.
Giessinger Winery By the Sea,96,"{'negative': 38, 'neutral': 12, 'positive': 50}",This is a wine tasting room with a fair amount of positive feedback and a fairly low customer satisfaction rate.
"Douglas J Mackenzie, MD, FACS",31,"{'negative': 29, 'neutral': 0, 'positive': 71}",Great doctor and great office.
Naan Stop,328,"{'negative': 25, 'neutral': 15, 'positive': 60}",Excellent indian food for a reasonable price.
Carpinteria State Beach,243,"{'negative': 23, 'neutral': 13, 'positive': 65}",243 reviews and opinions for Carpinteria State Beach.
Moby Dick Restaurant,883,"{'negative': 44, 'neutral': 17, 'positive': 39}","Moby Dick Restaurant is a sushi restaurant offering average, non-expensive sushi."
Apiary,85,"{'negative': 0, 'neutral': 2, 'positive': 98}",The best I have ever had. Service is great and the food is amazing. I highly recommend this place.
Lemon Tree Inn,269,"{'negative': 50, 'neutral': 10, 'positive': 40}","The Lemon Tree Inn is one of the more expensive motels in Santa Barbara. That's probably why it's rated so poorly! The rooms are very small and very dark. They have dirty, sticky carpets and have terrible soundproofing. The staff is rude to customers who need help."
Vices & Spices From Around the World,83,"{'negative': 10, 'neutral': 7, 'positive': 83}","This coffee shop is not as big and fancy as other popular places in town but it's still fun and has a great selection of tea, cookies for your best friend, coffee and unique gifts."
Peebee & Jays,149,"{'negative': 9, 'neutral': 11, 'positive': 81}","The quality of the food is great IF they can get my order RIGHT!! I am a local. And thought I would give them a 3rd chance. I get a create your own with only 4 things and they STILL can't get it right. I order a COLD NON TOASTED pastrami on ciabatta with cheddar, loads of onion and balsamic. Pretty simple?! I think not."
Muddy Waters Cafe,47,"{'negative': 11, 'neutral': 9, 'positive': 81}","There are lots of people in the back smoking, they have a high cigarette smoke level, and there is some bad service."
Higgins Muffler & Brake,33,"{'negative': 24, 'neutral': 3, 'positive': 73}",A one-star rating for the customer service and fair price of muffler repair.
Goodland Guns,47,"{'negative': 21, 'neutral': 0, 'positive': 79}","Goodland Guns have great inventory, friendly staff and the ammo is superb!"
Viva Modern Mexican,665,"{'negative': 25, 'neutral': 8, 'positive': 67}","As one of Las Vegas's oldest restaurants, Viva Modern Mexican is the place to be on Sunday!"
Savoy Cafe & Deli,585,"{'negative': 9, 'neutral': 5, 'positive': 86}","I really wanted to like this place. My husband and I went in for our first time and it took a few minutes before anyone greeted us ( even though there were 3 people working) Since it was my first time, I asked a couple of general questions and I honestly felt like I was burdening the three guys that were working there. With only one other couple in the restaurant, it still took about 20 minutes for them to do me a piece of salmon...which unfortunately was not worth the wait. Again, I really want to like but we won't be going back."
Zookers Cafe,329,"{'negative': 8, 'neutral': 8, 'positive': 84}","Zookers Cafe is a great, local restaurant with a very friendly, and attentive staff in Vegas."
Elsie's,155,"{'negative': 11, 'neutral': 10, 'positive': 79}",Elsie's has a good atmosphere but the food isn't very tasty and the prices are high.
Anthony Sorosky,30,"{'negative': 0, 'neutral': 0, 'positive': 100}","Anthony Sorosky is a dog trainer in Phoenix, Arizona. He has worked with dogs for over 20 years. His reviews have been overwhelmingly positive and frequently compliment his training knowledge."
Ala Mar Motel,143,"{'negative': 73, 'neutral': 8, 'positive': 18}",This place sucks!
Elephant Bar Restaurant,85,"{'negative': 44, 'neutral': 27, 'positive': 29}","I don't understand why people think this place is any good. I'd rather go to the hawaiian style, not as much of an effort as it is."
The Massage Place,108,"{'negative': 19, 'neutral': 7, 'positive': 73}","This massage place sells a variety of different types of massaging, but the ones I had were not very relaxing. The first time I had the massage this place was recommended by a friend and I felt like he should have been careful not to get too engrossed."
Apple State Street,239,"{'negative': 58, 'neutral': 3, 'positive': 39}","This place is great! I eat here twice a week for lunch and it's always wonderful service too, but the food was stale. They have a nice variety of different salads as well."
Loquita,928,"{'negative': 8, 'neutral': 6, 'positive': 85}","Loquita is a great place to get tex-mex food, a really good bar, and great service"
Yanni's Greek & American Deli,59,"{'negative': 10, 'neutral': 5, 'positive': 85}","Yanni's is a delicious down-home Greek and American Deli. There are a few dings to clear from the main entrance, but the food is great."
Tina's Salon,112,"{'negative': 34, 'neutral': 7, 'positive': 59}","Best customer service, great music. But my experience was not the same as my other reviews. I had some services that went south. It was disappointing since while I was receiving services they seemed pleasant but really didn't care about client!"
Truong & Company Jeweler,61,"{'negative': 0, 'neutral': 0, 'positive': 100}",My wife and I had the most expensive engagement ring ever. The store is very clean and has an excellent staff who are friendly. We are pleased with the quality of the jewelry we purchased.
Grapeline Wine Tours,113,"{'negative': 3, 'neutral': 1, 'positive': 96}",Grapeline Wine Tours offer wine tours.
Blue Tavern,146,"{'negative': 18, 'neutral': 9, 'positive': 73}","Blue Tavern has a fairly limited menu. They serve food that isn't very good. They don't have any breakfast items, but they have lunch items. I liked the food, but the service was a bit off."
Patrick Butler Entertainment,41,"{'negative': 0, 'neutral': 0, 'positive': 100}",Thank you to Patrick Butler Entertainment for your high quality service on my wedding day.
Harbor House Inn,328,"{'negative': 3, 'neutral': 3, 'positive': 95}",This hotel is great! We got a double suite and it was clean and the staff were super friendly. The only negative was that the room we got wasn't that spacious.
Fairview Barbers,49,"{'negative': 27, 'neutral': 8, 'positive': 65}","Best barbershops in the valley. If you're a sports fan, check out this place. Otherwise, head to Richie's for great haircuts and great conversation."
Captain Jack's Tours & Events,317,"{'negative': 10, 'neutral': 4, 'positive': 85}","Overall, the positive reviews are for this company."
Reynaldo's  Bakery,131,"{'negative': 13, 'neutral': 3, 'positive': 84}",Negative reviews.
Santa Barbara Public Market,271,"{'negative': 11, 'neutral': 15, 'positive': 74}","-An upscale market at not so upscale prices. Nice concept, nice people. Nice choices. Check it out!"
Classic Collision Santa Barbara,54,"{'negative': 19, 'neutral': 0, 'positive': 81}","Classic Collision Santa Barbara provides a variety of services, including: -Damage repairs. They are rated well by customers. -Small shop. However, the prices are reasonable."
Ana-Maria-Bridal Boutique,53,"{'negative': 26, 'neutral': 2, 'positive': 72}",Love their customer service. I've been getting my dresses here for about a year now and everyone has been very pleased.
Channel Islands Expeditions,80,"{'negative': 4, 'neutral': 2, 'positive': 94}",This is one of the best kayak trips in Los Angeles and it's a must-do!
The Creekside Restaurant & Bar,306,"{'negative': 19, 'neutral': 8, 'positive': 73}",The Creekside Restaurant & Bar has average food but the service is subpar.
Goodland Barber Shop,76,"{'negative': 25, 'neutral': 3, 'positive': 72}",Goodland Barber Shop has been voted by the Yelp community as one of the best barbers in town.
Jane At The Marketplace,309,"{'negative': 18, 'neutral': 8, 'positive': 73}","Jane, is a great place for lunch or dinner. The pizza is always topped with cheese and the service is always spot on. I also like that they serve beer and wine."
Shalhoob’s Butcher Shop,64,"{'negative': 3, 'neutral': 0, 'positive': 97}","Great place with great food, beer, and atmosphere in the Funk Zone."
Rockin' Yogurt,147,"{'negative': 9, 'neutral': 6, 'positive': 85}","Great yogurt, excellent crepes, and staff is very friendly."
Crushcakes Cafe & Simply Pies,163,"{'negative': 27, 'neutral': 12, 'positive': 61}",A big disappointment.
Burgundy Blue Photography,178,"{'negative': 1, 'neutral': 0, 'positive': 99}",Burgundy Blue Photography's reviews consistently rank them among the best in their field.
Dunkin',96,"{'negative': 45, 'neutral': 17, 'positive': 39}",This is a great place for donuts. The coffee taste great and they have an excellent selection of sweet treats.
Bev Mo,38,"{'negative': 47, 'neutral': 13, 'positive': 39}","BevMo! is a newer, but still very good, bar in the Santa Barbara area. It's a wine and spirits store with some nice prices."
Le Macaron French Pastries,51,"{'negative': 22, 'neutral': 12, 'positive': 67}","For dessert, the macarons are delicious. For gelato, this shop is on par with many."
Fairview Car Wash,143,"{'negative': 57, 'neutral': 7, 'positive': 36}",Terrible customer service.
Jack's Bistro and Famous Bagels,221,"{'negative': 25, 'neutral': 11, 'positive': 63}",Jack's is a well-liked inexpensive breakfast spot in Santa Barbara.
Best Western Plus South Coast Inn,132,"{'negative': 25, 'neutral': 15, 'positive': 60}",We tried to stay at this hotel but were told that pets are not allowed. All of the other Best Western Hotels we've ever stayed at accept small dogs so we were surprised.
Cabo's Baja Grill & Cantina,69,"{'negative': 42, 'neutral': 13, 'positive': 45}","Cabo's Baja Grill & Cantina has a nice atmosphere with a great menu, but the food and service are subpar."
Luminous Dermatology - Santa Barbara,46,"{'negative': 24, 'neutral': 7, 'positive': 70}","I love this place, Dr Gammon is amazing! He is extremely friendly, along with all the staff. Should any dermatological issues arise in the future, I will definitely choose to revisit Dr. Gammon and highly recommend his office to anyone looking for a dermatologist."
Antique Alley,46,"{'negative': 11, 'neutral': 2, 'positive': 87}","Antique Alley is a very good place to browse antiques and furniture. They offer great prices on items as well as interesting finds. It is surprisingly clean and well-organized. The store itself is remarkably quaint. The owner, the older, lady, is charming."
Goleta Coffee Co and Loca Vivant Kitchen,192,"{'negative': 17, 'neutral': 12, 'positive': 70}",Goleta Coffee Co is a local favorite. There are plenty of tables and chairs for people who want to be comfortable while they study. The drinks are pretty good too.
Catering Connection,49,"{'negative': 2, 'neutral': 0, 'positive': 98}",Excellent service!
Truth Aquatics,33,"{'negative': 6, 'neutral': 0, 'positive': 94}","The Truth offers dive trips to Santa Cruz, Anacapa Islands, and the nearby San Diego area. It has great reviews from past customers with positive reviews (see ratings and reviews for each location)."
Kaleidoscope Flowers,73,"{'negative': 19, 'neutral': 3, 'positive': 78}","Kaleidoscope Flowers are an excellent choice for wedding flowers. They were able to get a good price on flowers, even though prices could be quite high. The experience was great, the flowers look good, and they are very flexible. Highly recommend"
Orange Tree Inn,107,"{'negative': 61, 'neutral': 15, 'positive': 24}",Orange Tree Inn has a low customer satisfaction rating.
Ralphs Fresh Fare,118,"{'negative': 66, 'neutral': 6, 'positive': 28}",Ralph's used to be my favorite grocery store in the area until recently. Let me explain....
Isla Vista Bicycle Boutique,38,"{'negative': 29, 'neutral': 0, 'positive': 71}",Isla Vista Bicycle Boutique is a high-end bike shop in the South Bay. It offers quality bikes for rentals and repairs. I have always had great service here.
Globe,56,"{'negative': 25, 'neutral': 12, 'positive': 62}",The bartenders are rude.
Salon U,46,"{'negative': 13, 'neutral': 0, 'positive': 87}",Salon U is located in the sb valley and has excellent service and hair stylists.
Jitters Coffee,63,"{'negative': 19, 'neutral': 11, 'positive': 70}","Jitters is a coffee shop that offers drinks for $1.25. It is located by the beach off of US 101. The place is quiet, but it has a great vibe and there are plenty of seats to get comfortable. Their almond milk chai tea latte is the best I have ever had."
Kyoto,264,"{'negative': 19, 'neutral': 17, 'positive': 64}",The sushi is quality. Service is terrible and the price is high.
Corktree Cellars Wine Bar & Bistro,242,"{'negative': 19, 'neutral': 13, 'positive': 68}","""Corktree Cellars Wine Bar & Bistro is an innovative wine bar in Carpinia, California that serves fresh food and cocktails from local microbrewers."""
Color Services,35,"{'negative': 11, 'neutral': 6, 'positive': 83}","Color Services is a small business in the area of New Haven, Connecticut. They offer an array of services that include film processing, printing and greeting cards."
Trattoria Mollie,212,"{'negative': 29, 'neutral': 9, 'positive': 62}","The waitress, the seafood in lobster broth, the wine, and the excellent food makes this restaurant so memorable to me."
Art Essentials,35,"{'negative': 17, 'neutral': 11, 'positive': 71}","Its in Santa Barbara, it has a local feel and has e..."
Convivo Restaurant and Bar,460,"{'negative': 19, 'neutral': 12, 'positive': 69}",I sent my wife's anniversary here with Convivo. The food and service was fabulous. The hotel is also very nice.
Relaxing Station,92,"{'negative': 15, 'neutral': 5, 'positive': 79}",This is the place to go for a full body massage. It is a great alternative to getting a facial.
Santa Barbara Home Improvement Center,113,"{'negative': 35, 'neutral': 10, 'positive': 55}",This place is great for the kids. The employees are knowledgeable and friendly. They'll help you purchase things and give advice on what should be done to your home.
Jamie Slone Wines,211,"{'negative': 5, 'neutral': 3, 'positive': 91}","Great winery with friendly host and friendly owners. The whites and reds are great, especially the super Tuscan."
Eller's Doughnut House & Bakery,75,"{'negative': 41, 'neutral': 13, 'positive': 45}","Eller's Doughnut House & Bakery is a bakery providing donuts, cakes, and pastries."
Holdren's Grill,49,"{'negative': 53, 'neutral': 14, 'positive': 33}","Consistent with food and service and I don't mean it as a good thing. In my opinion, the lobster cioppino is not worth its price."
L&L Hawaiian Barbeque,150,"{'negative': 19, 'neutral': 20, 'positive': 61}",L&L Hawaiian Barbeque has a variety of items for sale and in many cases is a great place to find bargains on a wide range of food.
Blackbird,156,"{'negative': 20, 'neutral': 6, 'positive': 74}",The Blackbird is a traditional place with good food.
McMaster's Steak & Hoagie,60,"{'negative': 8, 'neutral': 7, 'positive': 85}","I had the philly cheesesteak hoagie. It was decent, but not the best. It's also hard to find in such a congested area. Other sandwiches with less flavor."
Kim Nails & Spa,65,"{'negative': 29, 'neutral': 3, 'positive': 68}",Kim Nails & Spa is a salon that offers gel nails and mani/pedis. It has a rating of 5 out of 5. The staff is friendly and the place is clean.
Statemynt,36,"{'negative': 33, 'neutral': 14, 'positive': 53}",I was in town visiting family and decided to check out this new bar. I had the Long Island iced tea and it was delicious! The DJ was great!!!
Captain Fatty's Brewery,115,"{'negative': 8, 'neutral': 7, 'positive': 85}","This location is a little small, but it does have a good selection of beers. Overall, it's a nice place to hang out and enjoy beer"
Shang Hai,205,"{'negative': 10, 'neutral': 9, 'positive': 81}",Exceptional Chinese food.
Buena Onda,419,"{'negative': 2, 'neutral': 2, 'positive': 96}","Excellent food, great service."
Oat Bakery,124,"{'negative': 4, 'neutral': 2, 'positive': 94}","Oat Bakery is located in the old Hana Kitchen at 5 West Haley , in a new location. It has delicious bread and tasty spreads. The staff is always very friendly and helpful."
The Barbecue Company,77,"{'negative': 36, 'neutral': 12, 'positive': 52}",The Barbecue Company has a very average score of 1 out of 10 from our friends
Pike’s Surf & Sk8 School,44,"{'negative': 0, 'neutral': 0, 'positive': 100}",Loved our lessons!
Underground Hair Artists,147,"{'negative': 11, 'neutral': 2, 'positive': 87}","I've been to this salon several times, but the last time I had my hair done a couple of weeks back was horrible. The stylist had no idea what she was doing and never explained the difference before they were done"
Hollister Smoke & Vape Shop,64,"{'negative': 27, 'neutral': 0, 'positive': 73}",I came to Hollister Smoke & Vape Shop to get Nic salts juice.
Cali Color Beauty Bar,51,"{'negative': 12, 'neutral': 0, 'positive': 88}",This business does not have a good reputation and the customer service is also mediocre.
Kyle London Photography,32,"{'negative': 0, 'neutral': 0, 'positive': 100}","-Kyle was amazing - He was flexible, and laid back, perfect for what we needed and wanted for our photos! The pictures were absolutely gorgeous, and he was very generous about sharing them all with us. He is great, and affordable! A perfect combination of posed and spontaneous moments from our special day! We are from the east coast and did a wedding in Santa Barbara and looked through a bunch of photographers but we felt the best vibe with Kyle."
La Hacienda,50,"{'negative': 14, 'neutral': 12, 'positive': 74}",The restaurant La Hacienda has a rating of 1 star.
Santa Barbara Inn,181,"{'negative': 14, 'neutral': 9, 'positive': 77}","The Santa Barbara Inn is located in the city with beaches, shops, restaurants, and great views of the Pacific Ocean."
Pollofino's,125,"{'negative': 9, 'neutral': 10, 'positive': 81}","I'm a fan of this place, and have been for many years. Very good food, fast service, very friendly and helpful staff."
Le Reve Organic Day  Spa & Boutique,98,"{'negative': 21, 'neutral': 2, 'positive': 77}","As a customer I'm happy to have this spa and the quality of service is great for the prices, but the facial was horrible. I got a face wash and massage."
Spiritland Bistro,52,"{'negative': 15, 'neutral': 10, 'positive': 75}",The food was good but I was disappointed with the atmosphere.
Sunset Motel,61,"{'negative': 56, 'neutral': 8, 'positive': 36}",The Sunset is a nice but uninviting motel.
iGeeks iPhone Repair,192,"{'negative': 8, 'neutral': 3, 'positive': 90}",I was not disappointed. The technicians are good and the prices are reasonable.
Mr. Rooter Plumbing of Santa Barbara County,39,"{'negative': 72, 'neutral': 3, 'positive': 26}",The majority of reviews are negative but at least 26 are positive and the majority are negative.
Phresh Teas,106,"{'negative': 19, 'neutral': 8, 'positive': 73}","Phresh tea is a new coffee shop, but it's pretty good. I had a rose green tea and it was delicious."
Summerland Inn,58,"{'negative': 71, 'neutral': 7, 'positive': 22}","The property's customer reviews are highly condescending and highly negative. Summerland Inn is a good choice for the price it offers, but it is dirty, musty, and unusable."
Precision Auto Body,122,"{'negative': 6, 'neutral': 1, 'positive': 93}",Precision Auto Body is a one on one body shop that provides excellent service.
Santa Barbara Skin Care,45,"{'negative': 47, 'neutral': 0, 'positive': 53}",The staff here was fantastic.
Santa Barbara Cider Company,94,"{'negative': 0, 'neutral': 2, 'positive': 98}",I'm so happy to know that the Santa Barbara Cider Company has been voted the best cider in town by Yelp! Their brews are just as smooth and flavorful as grocery store breweries.
Santa Barbara Running Company,30,"{'negative': 20, 'neutral': 7, 'positive': 73}",This place is a great place to buy running gear. They have a big selection of shoes and will fit you. The service was friendly and the staff were helpful.
Bryant & Sons,37,"{'negative': 22, 'neutral': 0, 'positive': 78}","The customer service is great but if you are looking for a watch, don't go there!"
Walgreens,78,"{'negative': 82, 'neutral': 6, 'positive': 12}",The pharmacy was a total surprise. Got a refill on my prescription without waiting 20 minutes. It's a very nice place.
Deux Bakery,52,"{'negative': 4, 'neutral': 4, 'positive': 92}","Deux Bakery has a small menu, but they have a delicious bakery."
Mother Stearns Candy,41,"{'negative': 29, 'neutral': 27, 'positive': 44}","I'm not a connosiuer(sp) of taffy, or a lot of candy for that matter, but, after lunch on the pier, I needed a sugar rush. I had noticed this place walking through the  Pier. They had a million different flavors of ..."
Santa Barbara Auto Group,123,"{'negative': 24, 'neutral': 4, 'positive': 72}","Best service, best prices, and best quality."
Grocery Outlet Bargain Market,30,"{'negative': 10, 'neutral': 10, 'positive': 80}","Grocery Outlet Bargain Market is a grocery store located off of De La Vina in the neighborhood of Chandler. It offers fresh foods and products with low prices. The stores are quite large, which is why it can be very hectic during holidays or for special occasions."
Goleta Valley Cottage Hospital Emergency Room,33,"{'negative': 48, 'neutral': 9, 'positive': 42}","- This is a really bad hospital. The hospital is small, it is not the first choice for everyone. It is one mile down the street from my house. It does not have enough resources to accommodate the patients in there. I have a fever of 110 degrees and my doctor did nothing. He said he's sorry but there are no doctors there."
The Book Den,55,"{'negative': 5, 'neutral': 0, 'positive': 95}",I like this store. It is supposedly California's Oldest Used Bookstore and I believe it!
Tent Merchant,36,"{'negative': 19, 'neutral': 3, 'positive': 78}","The Tent Merchant is a great resource for preparing for the unexpected with decorations that will truly transform any event. They offer tips on staging a wedding, picking out props, and provide a service that is friendly and helpful."
Sol Seek Yoga Studio,64,"{'negative': 5, 'neutral': 2, 'positive': 94}",Excellent ambiance in the studio and plenty of positive reviews.
Riviera Pest and Termite Control,54,"{'negative': 6, 'neutral': 2, 'positive': 93}","An excellent pest control company. The technicians are all friendly and the prices are reasonable. We have not had any issues with them either, just ants. We would highly recommend them."
805 Rolfing and Massage,53,"{'negative': 6, 'neutral': 0, 'positive': 94}","I've been getting a massage here at 805 Rolfing and Massage for years, and I haven't been disappointed. Hector is excellent, and has consistently given me the best massages I'm ever known."
Santa Barbara Tourist Hostel,30,"{'negative': 60, 'neutral': 20, 'positive': 20}","The place itself is fine, but the staff is not very friendly. Also, a little pricey for a hostel. We ended up spending over 70 dollars for just one night, and we didn't even end up staying there! Crashed at a friend's house instead. I suggest you do the same. Any of the college kids in Isla Vista would be happy to take you in for the night. Worst hostel we've encountered on this cross country roadtrip, by far."
CrossFit Pacific Coast,37,"{'negative': 5, 'neutral': 0, 'positive': 95}",CrossFit Pacific Coast has a high rating for membership and customer service.
Smog-It,41,"{'negative': 41, 'neutral': 2, 'positive': 56}",- My experiences here have always been positive. I've gone to Smog It for years since I was a student at UCSB. Folks are polite and professional. The wait is never more than 20-30 mins...
Tri-County Auto Glass Experts,47,"{'negative': 15, 'neutral': 2, 'positive': 83}",The overall sentiment distribution provided by Tri-County Auto Glass Experts includes the following labels: 27 % good reviews 8 % negative reviews 2 % neutral
Mark Nargi,37,"{'negative': 0, 'neutral': 0, 'positive': 100}","""Excellent cook, great service."""
Gold Coast Limousines,39,"{'negative': 5, 'neutral': 0, 'positive': 95}",Very dependable and very friendly.
BMW Santa Barbara,51,"{'negative': 25, 'neutral': 4, 'positive': 71}",The BMW of Santa Barbara was very convenient.
Uptown Barber Shop,57,"{'negative': 5, 'neutral': 2, 'positive': 93}","The Uptown Barber Shop is not a place to get bad hair cut. The shop is clean, the owner Jorge is friendly and attentive. They offer haircuts from $35 to $50."
Break Time,54,"{'negative': 17, 'neutral': 7, 'positive': 76}","This is a great dive bar with high ratings. The food is good, the drink prices are reasonable, and the staff is friendly."
Social Cycle,66,"{'negative': 5, 'neutral': 0, 'positive': 95}",Social Cycle is an easy and affordable bar-hopping bike tour. Their guides are friendly and knowledgeable and their fun is guaranteed to make you feel comfortable and happy.
"Stuart R Winthrop, MD",71,"{'negative': 10, 'neutral': 1, 'positive': 89}","This is one of the most honest office I have been to, with a staff that always listens and respects you. I had my eye operation done at this location and they have always been very friendly."
Pat Fish's LuckyFish,33,"{'negative': 21, 'neutral': 3, 'positive': 76}","Very friendly, helpful staff. Beautiful tattooer."
Massage By Sharon,42,"{'negative': 12, 'neutral': 2, 'positive': 86}",A great massage by a fantastic therapist.
Whodelicious,41,"{'negative': 32, 'neutral': 15, 'positive': 54}","Best cupcakes I've ever had, and the owners are great!"
Med Center,130,"{'negative': 70, 'neutral': 3, 'positive': 27}","I think the name is a little misleading. I have always been satisfied with Med Center, but for some reason I can't recall why I've only been there once."
Mesa Lane Steps,42,"{'negative': 5, 'neutral': 14, 'positive': 81}",A great little beach! Very quaint. Not crowded. Friendly people and dogs! Loved it.
"Walter C Dukes, DDS",32,"{'negative': 0, 'neutral': 0, 'positive': 100}",I am a dentist and I am looking for the best. This place truly is excellent. My wife and I came to this location because we noticed that these reviews were being written by other yelpers. They are very unbiased. The staff is very friendly and helpful. It can be very scary when you come to a new dentist. We are happy with our experience so far. I had an emergency which was handled quickly and without much trouble.
Blue Sands Inn,39,"{'negative': 36, 'neutral': 10, 'positive': 54}","Very unfriendly staff, very bad location, horrible facilities, and a bed bug infestation."
Elite Pup Training,46,"{'negative': 0, 'neutral': 0, 'positive': 100}",My personal training experience has been excellent with Ricky Rojas!
The Koto Group,36,"{'negative': 86, 'neutral': 0, 'positive': 14}","The Koto Group apartments are clean, comfortable, and reasonably priced."
Lilsy Wood Fired Pizza,45,"{'negative': 18, 'neutral': 2, 'positive': 80}","Lilsy Wood Fired Pizza offers reasonably priced and tasty pizza. Great, friendly staff"
Hook And Press Donuts,223,"{'negative': 7, 'neutral': 11, 'positive': 83}",The Hook And Press Donuts have a high customer satisfaction rating of 92%.
"Total Heating, Air & Fireplaces",35,"{'negative': 74, 'neutral': 0, 'positive': 26}","Total Heating, Air & Fireplaces is a chain of fireplace and heater places. They can be found across the Southeast with over 100 full-service stations and gas and propane furnaces."
Chicken in a Barrel BBQ-Goleta,119,"{'negative': 13, 'neutral': 9, 'positive': 77}","Chicken in a Barrel BBQ is a place to get the BBQ. It is small, so it isn't busy at all. It has a variety of tasty food options with a lot of BBQ sauces and marinades."
Masala Spice Indian Cuisine,254,"{'negative': 19, 'neutral': 7, 'positive': 74}",Masala Spice Indian Cuisine offers a great selection of Indian food at an affordable price. One star is the average rating they get for the food by customers.
Goleta Valley Self Storage,35,"{'negative': 3, 'neutral': 0, 'positive': 97}",Goleta Valley Self Storage is a family run business with customer service that shows!
Ca'Dario Pizzeria Veloce,34,"{'negative': 35, 'neutral': 15, 'positive': 50}",I did not enjoy working here at all and I can honestly say that the constant harassment of one of my coworkers forced me to resign.
Caruso's,91,"{'negative': 19, 'neutral': 4, 'positive': 77}","I wrote a review of Rosewood's Malibu farm restaurant a short time ago and I was a little negative on the service, but Caruso's is a different story."
Cubaneo,134,"{'negative': 12, 'neutral': 13, 'positive': 75}",134 people have reviewed this place.
33 Jewels,47,"{'negative': 36, 'neutral': 2, 'positive': 62}",... this is about jewelry.
Wingman Rodeo - Milpas Street,153,"{'negative': 16, 'neutral': 14, 'positive': 71}",Wingman Rodeo is a Buffalo Wings on Milpas Street.
Wabi Sabi,87,"{'negative': 11, 'neutral': 7, 'positive': 82}",Wabi Sabi received a 1 out of 5 rating.
Appellation Wine Tours,47,"{'negative': 0, 'neutral': 0, 'positive': 100}","This business would like a 100-star review, but the location is not near the center of the city."
The Daisy Restaurant,102,"{'negative': 4, 'neutral': 2, 'positive': 94}",The Daisy is a restaurant in Santa Barbara that serves good food and has good service.
Sushi Bar 29,98,"{'negative': 8, 'neutral': 4, 'positive': 88}","Sushi Bar 29 is a sushi restaurant with a great menu. The food is average, but the staff is very accommodating. Sushi is topped with fresh ingredients and the prices are reasonable."
Glow Nails & Spa,31,"{'negative': 19, 'neutral': 0, 'positive': 81}","The customer rating for Glow Nails & Spa is 31, the staff members are excellent, the location is convenient, and prices are reasonable."
Noemi Pizza Romana,41,"{'negative': 7, 'neutral': 0, 'positive': 93}",Several of his customers have reported that the pizzas are good. It's rare for such positive reviews about pizza to be accompanied with negative reviews.
Karen D Photography,37,"{'negative': 0, 'neutral': 0, 'positive': 100}","Great service. Professional, friendly and affordable. Fantastic. Love the photos."
C & L Heating and Air Conditioning,39,"{'negative': 5, 'neutral': 0, 'positive': 95}","C & L Heating and Air Conditioning are professional, on time and extraordinarily knowledgeable about HVAC. They have just replaced a 25 year older water heater and they will be installing Central Air in one house and a small split HVAC in my ADU. I could not be happier that I found them and their company. His sub-contractors are knowledgeable and courteous, as well. I highly recommend his services"
