business_name,matching_business_id_count,review_count,anger,disgust,fear,joy,neutral,sadness,surprise
'O' Bar + Kitchen,1,28,0.008567911622646621,0.1201628005988563,0.019607489766453205,0.474068698857861,0.2495691493220095,0.04903975803089057,0.07898419791100808
1-800-GOT-JUNK? Central Coast,1,25,0.019160523265600166,0.027137872269377063,0.0397893033851869,0.3462904001586139,0.4422896438837051,0.011892658905126108,0.11343958475627
1-800-GOT-JUNK? Santa Barbara,1,14,0.1192876373284629,0.015259990451990429,0.008297621642538708,0.368604424708922,0.30721942016056597,0.030960905049661386,0.15036999610518767
101 Deli,1,28,0.015960019167063574,0.03529588202945883,0.005824393823006907,0.4290381752154125,0.3013311276445165,0.014924862085276106,0.19762554990925957
101 Property Mgmt,1,8,0.0062818199367029245,0.004992286318156363,0.0030008129251654623,0.6314010685309768,0.2914278787793591,0.0053345384803833,0.05756163701880721
1114 Sports Bar & Games,1,145,0.013933306868621584,0.07493072448314388,0.004606961160255872,0.5366905596940216,0.2106612709993175,0.06307252810802305,0.09610464183798313
1329 Salon and Spa,1,86,0.029272449623148972,0.0522533599409101,0.02907030980121664,0.49877546041213017,0.19511985075172725,0.029801432909660516,0.16570714181613952
19 Blue Salon,1,112,0.01915731442776238,0.04078667538150118,0.05712918381790842,0.5098960598448424,0.19271704089728048,0.04222205847950781,0.138091663940161
212° Hotpot,1,73,0.016594623089512785,0.0877051604831948,0.0041790654143630595,0.39679389129104153,0.2936304860289068,0.06164693624923026,0.13944983574695727
24 Hour Fitness - Santa Barbara,1,209,0.04424512552144225,0.3760358871344553,0.030027773327630805,0.11643562304010859,0.2506418666489306,0.07821732371907374,0.1043964025495422
3 Day Blinds,1,9,0.03498813134825061,0.07103149762325399,0.009579784463211422,0.22196667235241163,0.2808661506407791,0.1485638919855571,0.23300388434694874
33 Jewels,1,47,0.07681922758483581,0.0905743663154661,0.015521280474321702,0.3755882883028306,0.2299149867464253,0.052156889484204466,0.15942495074519447
4 Eggs & Pizza,1,61,0.005752131540412187,0.01596082080934252,0.011002271652286517,0.584021750562748,0.22973036416806278,0.012305390030588361,0.14122727419417655
6831 AA Hollister Ave,1,17,0.023402458399205472,0.13840018193620968,0.02024991850039972,0.22262375921298583,0.5038558089119547,0.0532322408193174,0.03823562459472343
7 Day Nursery,1,30,0.036210315464995764,0.10066254458700613,0.00601738466260329,0.248664401632656,0.2667019659653305,0.07424314488889645,0.26750024932747085
7 Falls Hike,1,37,0.015911862493266073,0.01888516764125052,0.06409444654127579,0.21772078980968607,0.5183957899241028,0.0632352142129093,0.10175672577492686
7-Eleven,10,120,0.13980730546366732,0.24881375470091974,0.04165692716633198,0.16909029482970556,0.2498848993646485,0.0374224446122146,0.1133243717141643
76 Gas Station,1,8,0.09599949204130095,0.23038685391657052,0.006703422477585212,0.025373222015332375,0.25380762969143683,0.07654744619503613,0.3111819288460538
76 Self Serve Gasoline,1,11,0.04113495464182707,0.16882147584957152,0.07254043120933183,0.15396269019269804,0.3994580971034752,0.06091286026110698,0.10316949349362398
781 EDN,1,9,0.16204923567258647,0.3144985819235444,0.027722752847087848,0.08961717151881504,0.33699754294421935,0.023175401457895803,0.045939339324831914
805 Boba,1,251,0.03485596622317186,0.21558685518768278,0.008110961307487605,0.29630352084029116,0.27258871125884765,0.06932799384764121,0.10322598579100355
805 Camera Bus,1,6,0.005783482105471166,0.0029913560526134333,0.0012825579081739166,0.7876330216725668,0.09058865190794067,0.0029564033805702834,0.10876452674468355
805 Deli,1,43,0.019641312846350758,0.07891132558295283,0.0054020816818973,0.4936403663352478,0.2502284258344145,0.03593734193723211,0.11623913629067148
805 Ink,1,71,0.03173036088029076,0.09360668614127958,0.02999903980095728,0.41340938230409136,0.2631123003543315,0.037987677795274635,0.13015455218740327
805 Junk Removal & Recycling,1,17,0.047016883323736,0.03351995028445821,0.10026830360156425,0.11016532902003207,0.5490683023543919,0.031640174079631565,0.12832105228239118
805 Kabob,1,66,0.019371277615639577,0.209601862539509,0.006647334079113458,0.3558288621147353,0.2838197437284345,0.04937284857486229,0.07535806482227403
805 Makeup,1,19,0.008828155377781657,0.005513393767423095,0.008864002553500958,0.6227053611686355,0.16574176356784603,0.007214039600895368,0.18113328232184833
805 Roadside Towing,1,34,0.09965530825395352,0.09118026850388983,0.0888344662277685,0.2590421271940131,0.30530388077364906,0.029339340114829034,0.12664461195441507
805 Rolfing and Massage,1,53,0.008844848800195725,0.01915349358833337,0.044947879868867,0.4138169848746708,0.32691649426618274,0.05478884155405153,0.13153146086524253
805 Street Bites,1,9,0.014163046066338768,0.0775433388900839,0.0037813670027793556,0.31985844449243606,0.41543116420507425,0.1069519340526312,0.06227072680162054
"911 Legal Team, PC",1,23,0.08282172108453735,0.026018252426697638,0.22579135155145824,0.3248313767228113,0.1162428779163114,0.05880820846347051,0.16548620094545183
911 Restoration of Santa Barbara,1,5,0.0090218069031834,0.0031301176757551202,0.00475944066420192,0.5700208242982626,0.17752510756254195,0.00954355746507638,0.2259991336613893
99 Cents Discount Store,1,12,0.19076023506931958,0.31732134132956463,0.05914053239393974,0.017559950923896336,0.22274407457249856,0.0865319645478545,0.10594192075465492
99 Cents Only Stores,1,50,0.07704497973434622,0.20218402675585817,0.03300320947018913,0.10543899140786377,0.2764313784148544,0.04733818308450277,0.2585592379258014
9Round Fitness,1,11,0.04733808383091602,0.0083289899947968,0.02432522829622026,0.4852163110097701,0.22325553033839568,0.0750997581265189,0.13643611561168317
A & A Import Service,1,6,0.012857718781257632,0.007501505431719066,0.14271993801230562,0.37795497104525566,0.413432227447629,0.008486824071345184,0.037046832653383384
A & B Glass,1,25,0.07524503023363645,0.03567690661409864,0.026732625516597133,0.3418652049731463,0.2902863800525665,0.11447546850424256,0.11571837227791544
A & B Hitech Auto Care & Smog,1,27,0.12024405227404912,0.13039179315307622,0.019199677680498278,0.18424805378782802,0.3984320682507974,0.04851549266647819,0.09896886178844226
A & E Automotive,1,81,0.061538425910884445,0.05550302833643519,0.030693636058088065,0.29544369333472537,0.3606142399884346,0.057664575625101716,0.13854240656565917
A Crimson Holiday,1,5,0.0033953773090615405,0.00252920521888878,0.00079034498194228,0.8355916142463684,0.1180943919345736,0.00447614595759656,0.03512287447229022
A Healthy Life,1,10,0.009616834670305201,0.10060357362963254,0.005744237249018579,0.38425765539286655,0.41236977092921734,0.00428129899082702,0.08312666951678686
A New Edge Dog Salon,1,21,0.011198892391153695,0.019923698927630577,0.22546537221309593,0.3456086908699944,0.3086201560550502,0.011612726619378396,0.0775704567342819
A Piece of Cake,1,12,0.05072493455372746,0.20092608343111348,0.009028206055518209,0.13801087384247993,0.1740676752912501,0.11984169933324056,0.30740054299045977
A Quality Autobody,1,71,0.04257052019074502,0.04092987166868491,0.03936131611920587,0.4230526694142535,0.29820759354395343,0.025817324823870363,0.13006071334140712
A Slice of Woodstock's,1,10,0.02033269754610952,0.0807108600623905,0.00296199287986378,0.24387748334556814,0.5100090697407722,0.0630424853879958,0.07906541549600657
A Tropical Affair Lingerie & Bikinis,1,29,0.02788115834720942,0.06830981888021498,0.06381872174699368,0.4050906767169463,0.19404213721382205,0.08114249514142884,0.15971499069690187
A White Jasmine Inn,1,127,0.018306621896674972,0.05398352388164214,0.020766264026825028,0.4979080428194262,0.24760411594679033,0.05565383932259898,0.1057775883521063
A and J Limousine,1,17,0.014515820822185405,0.03921024746480667,0.009221411628566404,0.4690512235495536,0.36052633821964264,0.05150675094302959,0.05596821144332776
A to Z Roofing,1,10,0.1151704655960202,0.14239985554013396,0.00632545029511671,0.2692136087687686,0.2761913210153579,0.04756121675018218,0.14313804756384338
A's Mobile Dog Grooming,1,35,0.04338926363935955,0.06598364175297315,0.028361304081876575,0.4313408043967294,0.3216512008304042,0.04424186738740116,0.06503193369135257
A+ Refrigeration Heating & Air Conditioning,1,18,0.12130889863086239,0.07856958578082003,0.024792129348497782,0.1918869972060848,0.43941499458418953,0.04058675316628064,0.10344064204643165
A-1 Appliance Repair,1,27,0.07152945516389549,0.08316596487485281,0.03910078405816518,0.18805446295947248,0.394567443885737,0.09872763678948908,0.12485426038296683
A-1 Auto Repair,1,21,0.0360021414567849,0.01516438283891013,0.07160044665769891,0.2663748698929945,0.5047274496228922,0.027688598448765384,0.0784421151370874
A-American Self Storage,2,19,0.012758544955623136,0.05871709293416255,0.04824375069553125,0.3050930550763089,0.40951145611899464,0.037141232371428246,0.12853486496514002
A-Frame Surf,1,62,0.027801759195544024,0.024194058268368495,0.01696134709110929,0.5496754059981134,0.25187341540661307,0.021439154559160508,0.10805485671716587
A-OK Power Equipment,1,16,0.1879818356974283,0.16555661122220042,0.006575097751010563,0.11643278172414279,0.3056625572789926,0.08124443728593173,0.1365467096038628
A1 Fingerprinting Plus,1,11,0.09733066414694552,0.021314734593033745,0.026206911144651082,0.30148815369995474,0.41925772618163715,0.0188747980758886,0.11552700408819043
A1 Laundromutt,1,64,0.05142344198338828,0.08075251876653051,0.11487136898858803,0.45651404475574964,0.13855713513476073,0.044705193246045334,0.11317629762379508
AA Appliance Repair,1,13,0.0984763853395214,0.09540181697453726,0.1432421170175075,0.09432378704122336,0.28607039461628747,0.12962982568961492,0.15285564960840226
AAA - Automobile Club of Southern California,1,46,0.11981302723490994,0.04484385237636789,0.04975484217183013,0.29169564890300687,0.27442974453468033,0.061201686920274154,0.15826119325103477
AAMCO Transmissions & Total Car Care,1,24,0.08173419700081767,0.05452490332633408,0.08777398371967134,0.12661970801612668,0.3611359400092624,0.04524139572943867,0.2429698656487744
ABC Mobile Pet Grooming,1,8,0.011037946998840161,0.02725876840122505,0.021366321452660424,0.41134726986638265,0.17462350788991896,0.08743444418360011,0.2669317451072856
ABS Glass,1,36,0.13151952316467128,0.0892750886325504,0.026443633571034252,0.1495320544692933,0.31732579514694703,0.06588965080057578,0.22001426581280403
AC4 Fitness,1,34,0.0706359623582102,0.09241829692687398,0.03312724673014596,0.3054907283649834,0.33778773226282177,0.013228965789654847,0.14731106410309777
AC4 Fitness - Goleta,1,34,0.034495579876580834,0.06572841498521426,0.05024640415007628,0.3732531763483113,0.27804522436824347,0.06454852970166347,0.13368267558090496
ADT Security Services,1,11,0.180370520546355,0.2572382504374466,0.1749802839688279,0.003960989198689718,0.1143231435932896,0.13379501729187637,0.13533180786974047
AGS Rebuilders,1,12,0.019426761544309508,0.0074468806900161244,0.0019469581457087165,0.29182734765345225,0.4232745891204104,0.051039878434191104,0.2050375901162624
AH Juice Organics,1,117,0.054122976848306324,0.15391128100196103,0.014895609219789328,0.36212765542306724,0.24034216006994882,0.056075779023643885,0.1185245452026844
ANGL,1,19,0.222860248514304,0.30546700077033356,0.018465880715092097,0.02869488638948253,0.17843683522292653,0.0701168433787595,0.17595831076859642
APEX Smoke & Vape,1,11,0.03332897153979331,0.09168833897406738,0.0018416575621813,0.4053719804029573,0.37510366788641974,0.021531738616018082,0.07113368271596049
AR Catering,1,5,0.00424780356697734,0.01431864425539964,0.00140582669991994,0.8097562551498413,0.14328114986419674,0.00300702024251218,0.023983273841440618
ARC Handyman Services,1,14,0.06731968995050655,0.00887217318605892,0.0037451679568870216,0.3153583822422661,0.35366550334064023,0.07928594585142228,0.1717531545353787
ARCO,3,47,0.17215867620456882,0.1997784231368333,0.027550323430369457,0.04900986149268061,0.376146742677752,0.0666127952033693,0.10874316607294798
ASAP Animal Shelter Assistance Program,1,12,0.009350743649216958,0.020449667489932183,0.0017561871597232418,0.5699622706451919,0.25692920285897947,0.0159853199923721,0.12556663840465865
ASIE,1,151,0.04361057539959279,0.2779697187218679,0.0343183732045342,0.31213801680152015,0.17483930792104427,0.07233478201843102,0.0847892233630062
AT&T,1,28,0.07313133983240858,0.1299595824686028,0.014376042824421422,0.32087991521569037,0.3190449481563908,0.035949724431182876,0.10665843652428257
AT&T Store,3,83,0.12200639189672596,0.17018568521948998,0.052872728155953876,0.15338639321832365,0.23920760516088496,0.07595431155255845,0.1863868715099889
ATG Auto Repair,1,38,0.07031455912357681,0.028360670633111585,0.060095795784084284,0.2635552727182297,0.3941737205329302,0.06787326625137781,0.11562670141115387
Aae Santa Barbara,1,7,0.015472345120672628,0.15806064215887863,0.006430646121901014,0.14506490202620623,0.4782433871046773,0.01653240694265277,0.18019569458972126
Aaron Brothers Art & Framing,1,11,0.03653567576442247,0.03912054476412855,0.01293434503763401,0.33458046117712825,0.3321420023725791,0.010481308849359062,0.23420568733391434
Aaron Gilles - Village Properties,1,7,0.03814117627085316,0.006288394764331786,0.0034384120871046426,0.45610515986170086,0.46014581993222237,0.006662440652559857,0.0292185621469148
Aaron Jorgensen Plumbing,1,5,0.00930364113301034,0.01602975928690276,0.00287505356827746,0.4181643858551979,0.5289270393550396,0.011981821432709639,0.01271835649386042
Abbeys Carpet City,1,15,0.030422732265045195,0.08388281268998976,0.0032171711616683267,0.2828239076014142,0.290496395714581,0.048962402033309115,0.260194572682182
"Abby Rappoport, LAC, CMQ",1,7,0.0044714162192706,0.011093974778694728,0.008230738774208029,0.313429656405268,0.3202896525285074,0.061834664350109377,0.28064992431817304
Abc Locksmith,1,4,0.27982654818333685,0.16403619508491823,0.007610954402480225,0.21010858481167813,0.17448043776676053,0.05693756532855328,0.10699972760630767
Abe Nursery,1,8,0.07517305304645557,0.0664749466668581,0.0021569880482274375,0.26135998754762113,0.3913899620529264,0.011217488296097113,0.19222756294766438
Abercrombie & Fitch,1,11,0.08468054876853284,0.23403749509121885,0.06394768171859054,0.20539650409905744,0.15439368526197286,0.1933246144008907,0.06421947094019159
Ablitt's Fine Cleaners,1,129,0.059449954080222085,0.07040086233796179,0.011916154694821015,0.3445766055022453,0.34519339826809914,0.0337995526014444,0.1346634663370719
About Face Make Up Artistry,1,9,0.0197438212215072,0.02765175896800221,0.0031973937034813446,0.39057555034135777,0.4256020196610027,0.01839451887644822,0.11483491450134246
About Faces Skincare,1,60,0.037872464105991294,0.05482096963193418,0.01348262304648713,0.5057735171673509,0.26518740800675,0.02138460115529592,0.10147840968371985
About Justice,1,10,0.0809307005954906,0.00976065294817085,0.13044804280507374,0.09658023840747768,0.6033603396266699,0.02255208017304536,0.056367951049469366
About the Children,1,6,0.4069861148794492,0.2279844976340731,0.02878797263838345,0.0037184732888514336,0.2184737349549929,0.07298476404199992,0.041064450051635434
Above & Beyond Body Arts,1,80,0.07834934994098144,0.08740489697374865,0.05645584255762509,0.28374676839703167,0.31549097733804954,0.05932972013179092,0.11922245119640133
Above All Aviation,1,20,0.0728347239491995,0.0298203676618868,0.03846889282722255,0.4554529751301743,0.21850154697895047,0.013103127217618698,0.17181836352683602
Absolute Cab,1,16,0.13155898710829203,0.19736155874852554,0.04806949151679868,0.20153955831119671,0.3055437389411963,0.027206076018046543,0.0887205931867356
Absolute Carpet Care,1,27,0.14369117535857687,0.2600697117374727,0.014111308005845348,0.057649044813674444,0.2814850926795905,0.036847890587523524,0.20614578542989434
Absolutely Fabulous Glamour Studio,1,17,0.011625049053691282,0.011966978901695848,0.07054685217136622,0.5543742495972444,0.19508580956608054,0.08226381779155305,0.07413724733187867
Academy Koei-Kan Karate DO,1,5,0.01757818667683744,0.00472654158947984,0.0040844191098585204,0.6865222752094269,0.17728547714650628,0.012865896243601998,0.09693720927461978
Ace Appliance Service,1,11,0.10577095630155364,0.052003684411333344,0.005507969477383219,0.11936619398395781,0.35552761627530505,0.163806941952895,0.19801663120531218
Ace Handyman Services,1,8,0.07952294073766095,0.03542736756207881,0.003691376747155975,0.2369149658916285,0.5346186105161905,0.03799868770875034,0.07182606286369261
Ace Plumbing,1,21,0.026927752775095716,0.017678281929831723,0.07853080019898087,0.24399690760210863,0.5014100679684252,0.024773484040495133,0.10668270547120337
Ace Rivington,1,36,0.013819822954246719,0.01474298392066778,0.009958010976131595,0.5620958218351007,0.24983389815315604,0.008420613183665764,0.14112884211095256
Acme Bail Bonds,1,7,0.010068370129114757,0.005730249220505314,0.004220292354667771,0.3028252763407571,0.4848556843187128,0.008697222585656772,0.18360295093485285
Acme Detection,1,12,0.03966772304071729,0.043823044281452846,0.007424978219205458,0.1703774345417817,0.6462156561513742,0.029242341135007597,0.063248828286305
Action Photo Booth,1,5,0.012795091979205562,0.00452850498259064,0.0013547849957830601,0.7848461747169495,0.13737892061471937,0.0051695074886083,0.05392697453498836
Action Roofing,1,19,0.02465750772113859,0.021241301842229884,0.09010505901134913,0.1535481242462992,0.540041560405179,0.05522841470021946,0.11517799971625205
Action Tree Care,1,11,0.14736269253560086,0.1168871609261259,0.022235824144445308,0.16759552602359853,0.32209373197772284,0.11326397625221443,0.11056106711145146
Active Student Housing,1,6,0.04603135849659635,0.22830912222464875,0.04814541650315124,0.41042432317044586,0.18687658198177814,0.0431373696774244,0.037075866634647014
Acupuncture Integration,1,6,0.006198558025062033,0.01829643415597575,0.0064672428804138675,0.37847082534184057,0.3804847927143176,0.04334003742163373,0.1667420976640035
Acura Santa Barbara,1,12,0.09940233640372749,0.02256035397294905,0.1552328256705853,0.2730280767621783,0.21083151828497645,0.0163147736069125,0.22263014037162066
Adama Vegan Comfort Cuisine,1,245,0.02505303889831371,0.10210870074474115,0.015715769133696815,0.48286764464728366,0.21936181674388291,0.03773523319788197,0.117157801787597
Adams Printing & Graphics,1,7,0.0985548503563872,0.0215516494187925,0.0032248792288425286,0.24310785821372907,0.45017710807068007,0.0074177136578197425,0.1759659493608134
Adobe Pet Hospital,1,43,0.05061312164125829,0.09706079836821091,0.07552683169122368,0.25671624435317636,0.3238221294419883,0.10930985993662369,0.08695102141910163
Adore Organic Innovation,1,18,0.23360109133904589,0.18037527498219988,0.06393514699043909,0.06286053414805788,0.18798714653692308,0.08644221470846478,0.18479860376100982
Adore Organic Innovations,1,21,0.10316495402782619,0.1753935791008795,0.10203083262257717,0.3698993078294387,0.09928904253146828,0.015909076147224886,0.13431317700694
Adorn Esthetics,1,14,0.07336420747118864,0.029553777937378154,0.09794332551453924,0.31145232506761594,0.3696270600027804,0.010007198351169214,0.10805211735091035
Adriana Zazueta,1,5,0.00911546300631012,0.00476114616030822,0.0014420745836104798,0.7314038217067719,0.1488825781270861,0.00406544548459348,0.10032942742109294
Advanced Air & Heating,1,13,0.013460662681609368,0.008522018790244992,0.2625304015863758,0.16757005478183806,0.36640419997274876,0.004835413706202284,0.17667722759338522
Advanced Automotive,1,9,0.06336386165478158,0.014303238208716056,0.0910205354254382,0.2516813082620501,0.3488174089127117,0.03167489678081534,0.19913873335139615
Advanced Chiropractic Group,1,28,0.05835736093909609,0.06606679613884932,0.04407094706922566,0.44692202010940363,0.2650185547037316,0.03875008494027753,0.08081424809227293
Advanced Eyecare Optometry,1,11,0.1322869721122763,0.12879551218991925,0.029090901709754317,0.08078270171641962,0.15997695287858893,0.31293481943959534,0.15613212753933936
Advanced Veterinary Specialists,1,124,0.049375019068153704,0.10686030804607713,0.12215801722308121,0.21672211819755063,0.27792761161746904,0.09790026544707808,0.1290566550150904
Aesthetic Center for Plastic Surgery,1,12,0.013343365765952768,0.15855908472925268,0.09882981850387292,0.5103611330899488,0.17258522287011144,0.020029895706102207,0.026291456025016133
Aesthetics Montecito,1,18,0.01657883487900507,0.05448341736337166,0.05755714800195867,0.49677591926107806,0.22634481835282505,0.03665093155319074,0.11160893008733784
Affordable Hardwood Floors,1,21,0.025243181652123328,0.015657954583210558,0.0030012971817215857,0.5129593681277973,0.2940414099333187,0.07660290204720302,0.07249389183042301
Aficionauto,1,16,0.012943296620505819,0.010137477947864631,0.0025454686765442125,0.26428871188545594,0.32946729264222085,0.006613281890167806,0.37400447309482837
After Hours Emergency Dental Care,1,12,0.07421304275824994,0.03793247181844583,0.2612661930519001,0.2553074041303868,0.1569754452599833,0.03091308072907845,0.1833923828671686
Agave Inn,1,185,0.00671555496645281,0.06006485721398442,0.022959560684142333,0.49024571064180017,0.26621074383021204,0.024208807300247603,0.12959476496546046
Ageless Men's Health,1,7,0.033038218006757714,0.04462605495271934,0.0123413289714205,0.17002493961315066,0.5719519965350628,0.03842388499262073,0.1295935733776007
Agri-Turf Supplies,1,6,0.13346650463063267,0.09132824993381894,0.0038431318632016,0.2857912748198335,0.45805050681034726,0.013489173104365615,0.01403113687410945
Agápe Films,1,26,0.03120990398411562,0.008335063840674476,0.0018508793157077116,0.5992596670268819,0.2153301348802275,0.015596891157866336,0.12841746861186734
Ahi Sushi,1,141,0.020203809410743102,0.14646959102568904,0.009976581510995196,0.290808457120178,0.2617865481136485,0.0802611634828784,0.19049385263822335
Aikido Kenkyukai Santa Barbara,1,6,0.008944242610596067,0.00739460578188295,0.120937483026258,0.5001569637097418,0.3270835553606351,0.0036000382388009997,0.031883083574939484
Aimee's Bail Bonds,1,5,0.01487472336739296,0.01184286642819638,0.19151543593034148,0.3593798522604629,0.3476648163050413,0.053731031762435974,0.020991315972059922
Airplant Alchemy,1,10,0.00620508289430285,0.00414345393655817,0.10219219533610155,0.5171040577813983,0.1774068227037787,0.00481743492418894,0.1881309385411441
Airport Animal Hospital,1,30,0.08070687818496174,0.1705273969467574,0.06117243702271171,0.23957843277215335,0.22608277510541178,0.11660383560229089,0.10532824563949054
Airport Motors,1,64,0.06523785350600517,0.08051364799939616,0.041344611060594574,0.25642901053288364,0.4222534563050431,0.03200280313467369,0.10221862230173424
Akari Hair Salon,1,5,0.017737502465024542,0.01407901134807612,0.006990861846134,0.3074542641639709,0.35772923901677134,0.05319554712623352,0.2428135389462113
Aksum Restaurant,1,9,0.0040262517027763334,0.007214753642781689,0.0015159249726113223,0.7907044092814127,0.12729475523034728,0.0038830738954452443,0.06536083658122349
Al Williams Carburetor & Electric,1,8,0.05928829440381374,0.06814793612284116,0.03235814291838319,0.1123670237138867,0.4241403879132121,0.09981288743438195,0.2038852858240716
Al's Roofing & Gutters,1,13,0.07744554189356184,0.0185152042137745,0.004422332560912154,0.3032072594192309,0.4646585485539757,0.09414880661866981,0.03760231501207896
Ala Mar Motel,1,143,0.06870564568048612,0.34472176282409367,0.05602753573134732,0.12043787521726147,0.2214991525190042,0.07915629800311384,0.10945173268453898
Aladdin Cafe,1,155,0.014644082458764867,0.11355302128565282,0.006329306605977949,0.4860143122024789,0.24851848852309966,0.02937620577567643,0.1015645798374598
Alameda Park,1,66,0.008701332817453781,0.0474963888436005,0.024536909687219874,0.5349457597917397,0.2537727051795544,0.02118995481269486,0.10935694252486534
Alamo Rent A Car,1,11,0.16717060210860585,0.11672226661308241,0.08047987683676179,0.11964737130752337,0.14573836766860698,0.0757413916289806,0.2945001186294989
Alamo Self Storage,1,7,0.012281965564138072,0.009988571284338771,0.0015701994000534428,0.6643675885030201,0.27950593775936533,0.004294291637571743,0.027991415932774485
Alan H Fenton Attorney At Law,1,6,0.016906836341756035,0.01307960681151595,0.1468398499807032,0.3819410127277176,0.3955431527768572,0.018277718413931582,0.027411855019939414
"Alan Moelleken, MD - The Spine and Orthopedic Center",1,27,0.07019091472547083,0.08302408916427301,0.08939613789833077,0.28014811926900784,0.2700564115722146,0.07093769392964461,0.13624664818592092
"Alan Schroeder, DC",1,15,0.03846171173887943,0.0963690924768646,0.03271357635191327,0.15566419915606577,0.45052886524548136,0.08051402702306702,0.1457485251439114
Alaris Fitness,1,8,0.009889776760246575,0.03714025086082979,0.04427380545530463,0.472869561985135,0.36735953111201525,0.034089917462551925,0.0343771484913304
Alaska Airlines,1,8,0.19840880547417322,0.06139502477890341,0.004620106919901387,0.30827382943243714,0.1016378421336412,0.16791599048883651,0.15774838428478685
Albertsons,5,228,0.1061010676055223,0.17349860393401362,0.027604034921719048,0.1623428680931714,0.3091581769587815,0.07553865628678494,0.1457565972906243
Alcazar Tapas Bar,1,155,0.010161347018044033,0.05457307581203955,0.005291049349151745,0.6032235936547119,0.19595580258737164,0.028327218725556283,0.10246791521147369
Alcazar Theatre,1,8,0.002564830778283025,0.0036582844040821873,0.001147531394963125,0.8674035370349884,0.06424759444780642,0.018750549788819577,0.04222767113242295
Alchemy Cafe,1,12,0.013576565717812584,0.08184826700016852,0.02933229620490839,0.40999912418192247,0.2407990864788492,0.07655066849353408,0.14789400075096634
Alchemy Wellness Spa,1,59,0.012025525898996189,0.06853898097583389,0.02763459586461417,0.531123246664134,0.2190538375022805,0.025291070486103153,0.11633273137543915
Aldo's Italian Restaurant,1,307,0.02079754099132282,0.193257286804895,0.01927969621330213,0.356515045694708,0.2137367540639779,0.07810173003406469,0.11831194535788926
Alegre Dental and Braces,1,7,0.18145703005471397,0.17663044655429463,0.006784031167626328,0.24921428678291183,0.2250352718734315,0.00876642364476403,0.15211250034293955
Alegria By Design,1,27,0.012570739456417889,0.005644648297068915,0.004115527767377552,0.50896064799141,0.3026674801690711,0.004388432035705504,0.1616525283704201
"Alejandro Roberto Soffici, MD",1,26,0.12217212823004674,0.08139914617193142,0.09307899352055612,0.2271347816903681,0.2900750863437469,0.029957032314716563,0.15618281976248205
Alessia Patisserie & Cafe,1,115,0.014740910702486188,0.010018122699314111,0.0063497307178887845,0.5604200664452156,0.21708350287264452,0.030873540713978152,0.16051412307981236
Alex's Beauty Bar,1,29,0.025127961296299094,0.029731440713131305,0.0858241216668955,0.36305189265163035,0.2614122228696942,0.02471611428010304,0.2101362692834488
Alexander Gardens Assisted Living,1,9,0.1011704603184221,0.05270007017275521,0.02333423285098328,0.479778236308549,0.24091790626860327,0.08462314514650235,0.017475962431894365
Alexander's Mobile Waterless Car Wash,1,6,0.01614311391798155,0.0242388519303252,0.0026637210200229997,0.1681766044348478,0.4697529748082161,0.006172592053189816,0.3128521364803115
"Alexandra Rogers, MD",1,9,0.0631198880857684,0.021209732189567496,0.0058902772531533665,0.5036954501281596,0.33452119181553525,0.010747185804777622,0.06081622075806884
Alfred's Tailoring,1,28,0.034886034637955636,0.05911522324354983,0.02146179449274698,0.31462049861771185,0.3902045102523906,0.05870909471663508,0.12100283580366518
Ali Evans -Berkshire Hathaway HomeServices California Properties,1,26,0.01174824891719389,0.005542803383342731,0.005832848566709619,0.4735834260399525,0.3789903152948962,0.007010419512740646,0.11729192357653605
Alice Keck Park Memorial Gardens,1,79,0.015207022408618764,0.05422091954372984,0.021766813830921928,0.5721245102313217,0.21070178433121,0.034117528352344106,0.0918614335853276
Alice's Nail Boutique,1,48,0.06815888836960458,0.09084806479222603,0.024288223163239253,0.311902023192791,0.23199987979023715,0.0554659079498378,0.21733702519365272
Aligned Pilates Studio,1,5,0.004540356306824781,0.007978666911367279,0.045378179399995076,0.7131508409976959,0.19989650030620393,0.0035166018642484803,0.025538860168308003
Alisa Pepper,1,11,0.04368327672339292,0.0059972213136709,0.011638076489113908,0.5492638728835366,0.3060381812128154,0.005054637027735,0.07832472126888616
Alison Bryan Destinations,1,8,0.016906049277167726,0.02503426693147044,0.004374661395559025,0.35478242952376604,0.4143219101242721,0.06918279698584225,0.11539789312519129
Alito’s,1,18,0.007389701993411572,0.1852131652154235,0.04198009993221296,0.437368985766726,0.21824322092450324,0.07374858141540441,0.03605626651551569
Alki Art & Wellness Institute,1,38,0.010798008573290508,0.012931668573353195,0.04765962127835093,0.43977675100445357,0.33788858471732386,0.051590624731034,0.0993547489266156
All Heart Rentals,1,8,0.06126632590894581,0.042025188944535274,0.0027704027270373877,0.6016375196923036,0.224824778502807,0.003949709265725638,0.06352610024623567
All India Cafe,1,87,0.047955517657101106,0.238287064792781,0.02167181603626568,0.26333109401373844,0.25733179792804617,0.07181442354473913,0.09960828861422383
All Natural Carpet Cleaning,1,29,0.013123486110747843,0.0384760303683739,0.01375930312747966,0.3804885172445712,0.32274780526821467,0.036343311031894907,0.19506155782989384
All Saints-by-the-Sea Episcopal Church,1,6,0.0020656204239154334,0.0053986504984398,0.0015146900356436167,0.7702048080973327,0.042106253405412,0.15534342965111134,0.0233665753039531
All Seasons Chem-Dry,1,9,0.04070486387030941,0.1700009098793897,0.011733588089959434,0.23203243094030768,0.33582966443565154,0.02485537513469652,0.1848431641442908
Allen & Sons Appliance,1,8,0.07846118765883142,0.11502888199174773,0.1593324822024442,0.07427882470074106,0.35806303191930056,0.042300240980694036,0.17253533285111183
Alley Pets,1,18,0.031049106489970398,0.05436687182777349,0.0024080358820759945,0.570007529129119,0.2413911446411576,0.030867989291436932,0.06990932986243728
Alloy Wheel Repair Specialists of Santa Barbara,1,30,0.020046806226794858,0.012612982792779746,0.06891346643096762,0.3111662586452439,0.3325844591173033,0.08428461641694104,0.17039141876933472
Allstate Insurance: Douglas A. Harlow,1,11,0.10486954975534563,0.0357356438074599,0.15226186500248412,0.14592599879357618,0.43133430343798607,0.03806668936952266,0.09180595687675201
Ally Detail,1,159,0.028241378008446505,0.06393411912356423,0.03357787873799492,0.25188023878979704,0.3389727996351818,0.02097609608306738,0.26241749270786907
Alma Aesthetics,1,5,0.01110553105827416,0.020996175566688122,0.00132500308682208,0.7797457277774811,0.1418260900303721,0.00959890179801726,0.03540258957073086
Aloe Dermatology,1,29,0.13713181841363806,0.12803103965666976,0.06580962118359504,0.29580587431475325,0.24365376084561233,0.04878140965492685,0.08078646877427292
Aloha Moving,1,13,0.034627021111261334,0.08101775167653189,0.050857273915495965,0.279972731296976,0.34040875919163227,0.009087714169604232,0.20402873200006202
Alpha Floral,1,144,0.03109591768508022,0.03150733896008099,0.015214607795415811,0.4828026894950502,0.1859732919773604,0.04375223110077458,0.20965392638026967
Alpha Gamma Brain,1,8,0.06933667128032533,0.009891288675134962,0.004429194414115,0.5281516698014457,0.22972427145577964,0.016707970993593287,0.1417589336633682
Alpha Thrift Store,3,131,0.09457662837039534,0.1500015520985693,0.018235407739687477,0.2238437148221619,0.2754688089667243,0.04964482881047026,0.18822905686968325
Alphie's Restaurant,1,177,0.034725009265097896,0.1993279146365321,0.01738255481481663,0.30746350429279956,0.30183084703992397,0.0403691140210024,0.09890106111820152
Alphonse Mobile Mechanics,1,7,0.029050907485985284,0.13532517948520498,0.141317026174095,0.24972287279420663,0.2453962054901889,0.11484973415333243,0.08433806410591511
Alphonso's Transmission,1,17,0.019760951564154177,0.021556193584247495,0.05127789491362974,0.4088153832811205,0.3551273522898554,0.017519442583708154,0.12594276661162862
Alston Face & Body,1,23,0.013945961439394866,0.020253478210297902,0.059875200419059055,0.5932118728270998,0.2153573140562714,0.010292425296147826,0.08706372928724661
Alta Orthopaedics,1,70,0.09719476100539652,0.143244806972299,0.052625085735676896,0.22678401522072292,0.2955161576159298,0.10271147421028992,0.08192370116843704
Altamirano Mexican Restaurant,1,25,0.011865543331950851,0.13474521303549403,0.002173537262715352,0.33313155378564263,0.3475142142176628,0.05876817113719875,0.11180177769623693
Altamiranos Restaurant,1,128,0.007721738788404715,0.08548893098804906,0.006146618163938859,0.4612598044036531,0.2850775655260804,0.07180590016105266,0.08249943391115262
Alterations,1,12,0.030035856179892975,0.053845842106966246,0.0033672764499593747,0.3209589221902812,0.34048085659742355,0.10565091531801342,0.14566032681614158
Alternative Digital Printing,1,5,0.0111501848790794,0.0340016585076227,0.00393038364709352,0.20902230595238502,0.4043951230123639,0.07508608992211516,0.26241427725180977
Alvarez Automotive Repair,1,29,0.04428217757557482,0.05804897184836963,0.023396402735921404,0.2652701486126873,0.45037256990527286,0.059016741651656254,0.09961299574933942
Amador Matchmaking,1,5,0.017492833966389263,0.012423038063570781,0.1969908517145086,0.33287591598927974,0.41005009058862923,0.00432543882634486,0.0258418058045208
Amara Spa By The Sea,1,6,0.01299340200300015,0.009042732572803849,0.0022756867498780003,0.32456329449390364,0.23588932429750756,0.0049504589987918336,0.4102850981677572
Amazing Days Events,1,87,0.028876047717921127,0.007708991870375026,0.011681146653109431,0.5441375059428913,0.2605553205531818,0.014429719714533443,0.1326112661928195
America's Tire,1,93,0.043437048647632794,0.02673092442101504,0.01838466670049315,0.3694682305263135,0.29793694408570404,0.031149964430369388,0.21289221891852952
American Airlines,1,14,0.1482404116541147,0.16152442502789197,0.021550127338351894,0.04500420861378573,0.2769818594679236,0.17865317131924838,0.16804577988971553
American Ale,2,214,0.024700848146060994,0.10683451021915932,0.02057891061543656,0.43862524000894076,0.25835673447924656,0.037044298375965366,0.11385945938135902
American Apparel,1,5,0.057021025847643556,0.25115773286670445,0.013028548914007801,0.1931965296156704,0.32797642089426515,0.02090319283306592,0.13671654723584648
American Cleaners & Tailoring,1,20,0.09211358974571336,0.12438816412177398,0.00842195912264283,0.27499234934948613,0.28402845233213153,0.017402434546966057,0.19865306315477932
American Cleaners and Laundry,1,6,0.1442335311633845,0.32821670834285516,0.07357464135081192,0.014778051729081134,0.2599345237637559,0.07100642728619273,0.10825611782881119
American Document Destruction,1,26,0.05613335247527661,0.02713119983896967,0.0037405606842814227,0.38045194244030145,0.43849669373594224,0.007073605567431742,0.08697264322724477
American Eagle Outfitters,1,16,0.11662693323160052,0.06955945460140352,0.0066570482376846,0.4006088574988098,0.13008771758177315,0.05689250811701635,0.21956750751996873
American Indian Health & Services,1,19,0.11643047040132311,0.24349123324071495,0.13947485361285014,0.09325319787144264,0.19748004785689863,0.1335219766111358,0.07634819867579555
American Laser Skincare,1,16,0.07783281007868932,0.06338628835510457,0.026514094242884263,0.12803955681010845,0.3413294131460134,0.12207920823129821,0.24081864123581906
American Riviera Bank - Santa Barbara,1,15,0.02500393482235565,0.07298244509341502,0.0030615755162822266,0.3573462474353921,0.3191035258583724,0.10300149502387887,0.11950077624060211
American Tire Depot - Santa Barbara,1,162,0.059611944824508864,0.051315198319728354,0.06927951783686297,0.31649174367132976,0.30322663672843275,0.04919794715371806,0.1508770073256685
Amie's Therapeutic Massage,1,8,0.006541947834193662,0.0075163660658290245,0.01489869788201755,0.5499682556837797,0.22851136489771304,0.02200161949440366,0.17056176660116756
Ams Events,1,53,0.02002504905070753,0.019023432993804466,0.00908647232001449,0.48064602130391404,0.31726364951299607,0.018132125550248387,0.1358232413032004
Amy J Baird Real Estate,1,7,0.026566877362451342,0.012568912801465772,0.10011162643786516,0.1783003586211375,0.5544219740799495,0.006656737299635957,0.12137349907840997
Amy's Skin Care,1,46,0.029608334229914823,0.059037989810230576,0.02811979729955525,0.29536619582011,0.35516582276550646,0.026297973985176328,0.20640389116116512
Ana's Taco Bar,1,87,0.037299235355397954,0.17427724921853738,0.035707752773807146,0.3000608377028845,0.2691305428368692,0.06829616153778653,0.11522821307813895
Ana-Maria-Bridal Boutique,1,53,0.06266857916928542,0.09354405934737885,0.06554705110205034,0.28086390778123627,0.2908140263731046,0.04877698312531097,0.15778538415138166
Anacapa Auto Body & Paint,1,52,0.03510259808703822,0.04266277096646188,0.009954206599594185,0.2631074699412028,0.3655236764416958,0.041406037915014404,0.24224324839619488
Anacapa Plumbing,1,104,0.05199557195345938,0.031043179706522542,0.05497567828709944,0.26116688779662717,0.4000383853529526,0.06466670196095943,0.13611359989086985
Anacapa Vapor,1,24,0.0070253158337436165,0.01387333609454794,0.0850103530780567,0.4072635450429516,0.3555902410298586,0.03244181780125165,0.0987953977261592
Anchor Woodfire Kitchen,1,61,0.00703750521929349,0.06769678113241599,0.004038151880329213,0.47397008257418044,0.2553245183996489,0.06533932733754089,0.12659362301260962
Andersen's Danish Bakery & Restaurant,1,1122,0.02562503115580713,0.10312506369416351,0.01035113639546395,0.458875447086425,0.2333996571665181,0.05014796022016761,0.1184757050666223
Andrade Law Offices,1,8,0.019058582140132736,0.0073661452042869625,0.12082127180474342,0.3815245771256741,0.29889253526926035,0.0100964725716039,0.16224039220833214
Andrea Mae Beauty,1,13,0.03832453888697688,0.02558981875727809,0.09320504085357799,0.34002012179161495,0.3368834677295616,0.023262537684506483,0.14271449319158605
Andrea Villa Hair,1,5,0.01411644313484424,0.00796973230317232,0.13920612510992209,0.4978489875793457,0.20705346763133997,0.00623619062826032,0.12756902948021884
Andres Hair Salon,1,6,0.007872971007600383,0.009279630884217667,0.005987696204101633,0.3861570209264755,0.3081291552322606,0.004832001335065151,0.2777415287370483
"Andrew Mester, MD",1,14,0.07483849689430953,0.16318296032425544,0.05468569684308017,0.20178519912795825,0.2531382223325116,0.050184129072087115,0.20218527606422346
Andros Floor Design,1,29,0.09203468707936073,0.22170802360352385,0.0279050560925027,0.08575889622744425,0.3065692921618706,0.09606838969369254,0.1699556603240941
André Fox Photography & Filmmaking,1,7,0.009345108543389559,0.0076820890618753855,0.0010948943256932286,0.6305324147854533,0.2715670753802572,0.0047468209439622,0.07503162084945604
Andrée Clark Bird Refuge,1,11,0.008255904148840728,0.315862134268338,0.006284927192609718,0.3344539449634877,0.22680239125408905,0.09453006998889822,0.013810652096501756
Andy the Wildlife Trapper,1,6,0.1407124845621486,0.15594204522979752,0.012448895916653135,0.13709382454787067,0.46687063823143643,0.06055617060822741,0.02637591259554022
Angel,1,9,0.11810329535122335,0.25317067281705224,0.0033371500677376893,0.2598258445569728,0.25812480950521094,0.011172804438198555,0.09626544852896281
Angel Oak,1,205,0.017600045685383738,0.10899469501980599,0.00744480017938919,0.47180876401025895,0.22213252173373246,0.042523017074492506,0.12949615567752223
Angel Veterinary Hospital,1,8,0.10646873991936442,0.24245836405316365,0.009385945581016087,0.08803683924634238,0.10040257708169514,0.2313372400822118,0.2219102765666321
Angela's Super Grooms,1,12,0.011320181501408367,0.0615011124076166,0.006129362394858575,0.593080172179422,0.17578198372696832,0.013345433554301617,0.1388417581135096
Angelo's Liquor Store,1,15,0.2518544718933602,0.2435893286640445,0.025370738224592015,0.11056432236606871,0.15548669255028166,0.013300883901926328,0.19983355867055552
Angels Antiques,1,12,0.025187624773631453,0.10635945371662571,0.0175979460861223,0.33329388495379436,0.20371741056442258,0.053290422967014146,0.2605532731395215
Angels Nail & Spa,1,189,0.038571782818830294,0.05688233060913806,0.019138134914563017,0.48633745761859853,0.20987142238608267,0.05597524206146652,0.1332236343099139
Angl,1,8,0.19045738645945673,0.20192235862486993,0.062101511648506795,0.33266704512789147,0.13559042895212767,0.04100299190031361,0.0362582620582543
Angry Wings,1,55,0.046549483147365074,0.20992828117768192,0.004792974138928699,0.25721479291942984,0.31430675380609246,0.02713671798436813,0.14007099626839836
Animal Medical Clinic,1,20,0.06314557353616687,0.08058090012636962,0.01110440455231577,0.37001002818578854,0.34069340846035623,0.06341364346444603,0.07105202572420236
Ann Johnson Events,1,13,0.015698229061224676,0.0059781186909486,0.009793085538638854,0.42783867304499906,0.2350794015667186,0.07620073051657522,0.22941174515737933
Ann Zafiratos - Berkshire Hathaway HomeServices,1,7,0.01412812583813706,0.004038029816001614,0.01911673782160501,0.3981085793514337,0.28935560317976133,0.10490177879442589,0.17035112184073237
Anna Delores Photography,1,59,0.021835330646816524,0.0058073977618162045,0.015498981864874257,0.6337439631096135,0.1718271438869,0.039358444423099014,0.11192873801436208
Anna J Photography,1,18,0.009130550014863972,0.012633420863292243,0.014189108021026952,0.5081189979488651,0.19220959333082036,0.02225461205105395,0.2414637190393275
"Anna M. Szymkowiak, DDS",1,8,0.019112607027636775,0.0992458990658633,0.15711666761490045,0.4446575944893993,0.23734564241021872,0.02284771899576295,0.01967384901945475
Anna's Aesthetics,1,9,0.031719441732598636,0.021152898539892453,0.001956016727490289,0.548584796074364,0.19895033641821802,0.006201150930590055,0.191435400241365
Anna's Marketplace Bakery,1,213,0.02495560059848591,0.11274903107482602,0.004918702354325598,0.43796489351951545,0.26146806780021514,0.0576378946977409,0.10030581046031355
Annual Greek Festival,1,8,0.0079169911332428,0.051713910477701526,0.0034386471015750127,0.3064168837154284,0.22437175363302228,0.2653847145847976,0.14075711485929782
"Anthony C Romero, MD MS",1,7,0.022155293662633187,0.03625113033090845,0.04801969220196559,0.23609191062860188,0.39364401570388247,0.024349286370644572,0.23948867379554678
"Anthony Kar, L.Ac.",1,14,0.04904289995153829,0.01490687725267235,0.04881734841702767,0.29061716878121446,0.3557853330192821,0.08924413357661766,0.15158626250922677
Anthony Kastenek,1,6,0.10405931497613584,0.019088171655312132,0.15594883561910436,0.1284246317421396,0.5666094406042248,0.016985145242263817,0.008884480378280034
Anthony Sorosky,1,30,0.04222082284589604,0.02574467780068512,0.1683544432201112,0.21015196037478742,0.4142021213968594,0.09026608990194893,0.049059887649491395
Anthony's Christmas Trees,1,13,0.07799121565543683,0.11355253366323614,0.007623200340626277,0.3735772583884402,0.13618205584442383,0.04774363169697323,0.24333010994506854
Anthropologie,1,45,0.050179160269908554,0.07605211265488628,0.0066605931639463845,0.44562846946969836,0.22346788803115483,0.058976200067748584,0.13903557014548112
Antique Alley,1,46,0.051059468456989346,0.04872393346538398,0.024845365188135116,0.37990881714453595,0.2321671458345878,0.05201648022604939,0.21127877747336318
Antique Center Mall,1,30,0.04367332785041066,0.05811042325221928,0.008812002290505874,0.3755619419855066,0.2886086420000841,0.030302198405843184,0.19493144867010412
Antoinette,1,5,0.03800866082310672,0.02470828350633378,0.035998725390527356,0.3601536594796925,0.37906492799520486,0.01789458575658496,0.14417113102972506
AnyTech CA,1,19,0.046780185112239456,0.039539646780069285,0.05900127726827596,0.18813713483732974,0.44519546250567626,0.06062345695681865,0.16072283547959826
Aperitivo,1,47,0.0042554163510237,0.005960308432707793,0.025430411023602953,0.674176715512542,0.14235882705790878,0.004094549962517532,0.1437237574372123
Apero,1,15,0.014195369641917394,0.06633139932528133,0.013282300613354845,0.5720765948606034,0.19699289264778294,0.07051163419770692,0.06660978716487681
Apex Plumbing Services,1,17,0.025370920405668327,0.008178418467971724,0.002038271508782171,0.20936772753210622,0.48278129550025745,0.0256235072293373,0.24663985608255162
Apiary,1,85,0.005789576146258544,0.028090611108414345,0.008232085877919857,0.5855874066871097,0.24909560370313766,0.024469084306346096,0.098735639628242
Apna Indian Kitchen,1,255,0.01664483909467778,0.04389367850963021,0.01178126261927931,0.5689932985509764,0.21674385921226116,0.039464521448712236,0.10247854588315909
Apollo Painting and Construction,1,10,0.04184970348142083,0.2340856531169265,0.042182465898804325,0.053287102549802456,0.4159443754702806,0.11388086648657914,0.09876983105204995
Appellation Wine Tours,1,47,0.006956225001015354,0.004930812656195749,0.03964658952293358,0.5530522897879177,0.1757490529500423,0.03277422837477094,0.18689079744186488
Appfolio Property Manager,1,108,0.18038381011596083,0.2599795309468862,0.06904863955882046,0.015585478485499337,0.2574847867643391,0.10623337201023884,0.11128437745598295
Apple State Street,1,239,0.11220199928183501,0.1854206024001549,0.05483089696538482,0.13528199465134347,0.259215414798799,0.0923273133459329,0.16072178301771625
AppleOne Employment Services,1,22,0.014057161514012267,0.0457724449568724,0.008971568691777022,0.5353693446377292,0.17964415633204303,0.07874413900373668,0.13744120280766348
Appliance Repair Santa Barbara,1,6,0.07432907687810554,0.20593543269205838,0.02398327239401013,0.0023638426403824997,0.16028503328561783,0.11938428052235393,0.4137190884600083
Aqua Nail Bar,2,111,0.05361657967971348,0.11653343626001199,0.0544629285669453,0.3192320162921238,0.2263256305081954,0.08486438450416092,0.14496502502368308
Aqua-Flo Supply,1,7,0.0131596802800361,0.007726696652493257,0.0026860356863055573,0.3101492641227586,0.5934909379908017,0.005344200413674086,0.06744314916431901
Aquatic Designs,1,10,0.023642125260084832,0.11054452734533693,0.01842801029852121,0.29182429017964745,0.36330684302374716,0.05607887884834776,0.13617532881908115
Arbor,1,7,0.05831012449094223,0.027810661355033458,0.0050964299922010145,0.40020543257040636,0.2584256125347955,0.07205190759019123,0.1780998124075787
"Arbor Services, Inc.",1,6,0.09047286707209419,0.11993565371570486,0.0031310217891586333,0.25104926344162476,0.42797237168997526,0.043719505231517,0.06371932616457339
Arch Rock,1,634,0.011676618302379,0.0841785077766639,0.01103710193554326,0.508702931608037,0.23523416371695835,0.04519227340032286,0.10397840195843337
Arco,1,6,0.1593254374650617,0.14813255557479954,0.01953316576934105,0.007211441193552017,0.20418280642479655,0.17211673796797788,0.2894978856978317
Ardie's Waxing,1,47,0.09159418030027693,0.1490910180368797,0.028131154921906456,0.2569900867207213,0.26407580450177187,0.03003924917627834,0.18007850107003712
Area 5.1 Winery,1,238,0.012620056333204196,0.05262163823848085,0.008605357204116789,0.6273370561052501,0.20092584647066075,0.01712632292789645,0.08076372001018808
Arigato Sushi,1,977,0.016409802807022138,0.06407970452067586,0.008430765219490391,0.4382033472827816,0.2979085839336463,0.04130370215991337,0.13366409357491318
Ark Pet & Supply,1,13,0.014169138703996692,0.0301292887844073,0.06536162054040824,0.5212869570733836,0.306470514060213,0.007578616755871192,0.05500387045769733
Arlington Tavern,1,145,0.01637171046158037,0.08008226495926617,0.008482457052591083,0.4950234911007132,0.2485096865333616,0.0631933728530039,0.08833701416914315
Arlington Theatre,1,139,0.044618022571595854,0.10432304368562081,0.047583121782932516,0.36336383895203966,0.2527216247889286,0.038728571117507146,0.14866177693491783
Armada Wine & Beer Merchant,1,55,0.0067577239115383355,0.026407723449466874,0.02107666675054294,0.5934815988537263,0.24703242832964115,0.039890513539483564,0.06535334447398777
Arnett Gunson Facial Reconstruction,1,35,0.023062368838249532,0.09644157616088961,0.19657692871073124,0.19860464949826043,0.3108429893385619,0.07529099712015258,0.09918049017100458
Arnoldi's Cafe,1,298,0.016216164348754773,0.08101972720496689,0.013158628487457072,0.5223278698381334,0.22665215245191778,0.03757999985456937,0.10304545407279567
Arosha Inc.,1,26,0.028122086686870187,0.01781915317629816,0.0048216629634575,0.44771563903374884,0.3568008179203249,0.027624222454435795,0.11709641335675346
Arrive Los Carneros,1,7,0.02999806853144291,0.030546308495104275,0.0022734438368518,0.39004867736782345,0.3902275479797806,0.01001256840702673,0.14689334162643972
Arrive Los Carneros II,1,5,0.00447278323117638,0.0020234126248396397,0.00089007442584258,0.8794135570526123,0.062473354395478894,0.0048355733277275605,0.04589121569879348
Arrow Electric,1,16,0.07410917473316654,0.019144274156133137,0.03607227288011923,0.3266378293337766,0.3862383532105013,0.00657674678950565,0.15122134558623654
Arrow-Small World Camper Shells,1,10,0.10104936640709634,0.05474897723179306,0.005389885301701669,0.17672525718808169,0.4852731632068753,0.012639551190659359,0.16417379407212135
Arroyo Burro Beach,1,252,0.011705285888941293,0.06392824904804228,0.017823421542758133,0.49169692938633647,0.29820089717672776,0.03175375777544331,0.08489145924076655
Art Essentials,1,35,0.06624968507925842,0.07983872253846906,0.00467355549086014,0.39751315103245094,0.19243208334914272,0.08947287907690872,0.16981991959203563
Art From Scrap,1,28,0.014705547139913325,0.024729317914794272,0.03274802103780006,0.46144499317077653,0.2599933190005166,0.023793410721866894,0.18258538384855322
Art Nails,2,86,0.03974598278372739,0.11790997208824355,0.014967120663387394,0.4206962969403194,0.20605025103932978,0.0817864843844544,0.11884388722056995
Art Resources Custom Picture Framing,1,6,0.0717508266679942,0.21712923383650676,0.0527013247774448,0.24675301819418863,0.3606467818220456,0.026714793755672817,0.024304036671916617
Artemis Animal Clinic,1,10,0.08146089809015389,0.02663367481436576,0.01547682298987634,0.46114845455158504,0.1840959221124649,0.05650713527575131,0.17467708624899383
Arthur Murray Dance Studio Santa Barbara,1,26,0.0055361651108026535,0.005939060737056458,0.04221201212539404,0.6437595018964762,0.18154004746331615,0.03924027186496036,0.08177293255889354
Artistic Nails & Spa,2,151,0.13517509582714599,0.4058791275694349,0.04936983051886377,0.09803772704954877,0.12337626784959717,0.06660359164712243,0.12155836267359797
Arts & Letters Cafe,1,69,0.0064082308663932115,0.0363892413206749,0.0024627730945475683,0.6356327380053699,0.21224510761490764,0.01955579845673413,0.08730610967208828
Arturo's & Son's Moving,1,14,0.11021803206365019,0.022487426060251836,0.015796063359760228,0.3291805516762127,0.46573895907827784,0.028869570964681207,0.027709391999191417
Arturo's Taqueria,1,6,0.009029684277872183,0.040907968922207716,0.002360601851250917,0.36310526336698484,0.4852452967315912,0.012438836895550233,0.08691233225787676
Arturos Barbershop,1,23,0.03932856879217302,0.13709863603530123,0.04314743736303286,0.3067686547849165,0.3845708930419515,0.023456201757020873,0.06562960863558816
Ascending Health Juicery,1,7,0.010407075917880414,0.016245788312517072,0.0024993132704236574,0.5076130049669051,0.23493145938430507,0.005222336023247643,0.22308101105902872
Asher Market,1,10,0.01168182226829227,0.01626533027156251,0.00234498120262282,0.6627886112779379,0.2552023972850293,0.00846454789862031,0.043252312298864073
Ashleigh Taylor Portrait,1,22,0.05055428125408728,0.005246084561804259,0.003992150028352581,0.7311267055655745,0.0942942260722206,0.006294019552032335,0.1084925339303233
Ashley Farrell Landscape Design,1,13,0.012850312247442468,0.00818739850253147,0.0014456945959514076,0.4578593928151979,0.37390351496063745,0.006016656720580916,0.1397370287002279
Ashley's Dollar,1,4,0.1619683163007721,0.05524748656898732,0.08431511122034857,0.11395508091663935,0.3360235085710883,0.19994328822940582,0.04854719992727037
Ashtanga Santa Barbara,1,7,0.08426085496986548,0.0079130934775873,0.004119897731080886,0.6824505659086364,0.18628591189293983,0.0040747062635740575,0.030895017320290142
Asian Cafe,1,5,0.00824632784351702,0.09399247514083978,0.00219297753646964,0.3492912821471691,0.3069551095366478,0.14078889572992917,0.09853297192603347
Aspyn's Table,1,7,0.004765904026239014,0.09962453397955472,0.0023047235445119,0.3952382120436856,0.33719951805791687,0.006054225610569072,0.15481286203222613
Assistance League of Santa Barbara,1,15,0.04278198018825297,0.09723826098488639,0.00455577273969534,0.47641494191872574,0.2154333444933096,0.02821712257185324,0.1353585803182795
Assisted Home Health & Hospice,1,27,0.020057001754779452,0.024269084424573744,0.022131498595828972,0.5117785748680709,0.2710140874367897,0.09880524435666972,0.05194451153726761
Associated Eye Specialists Medical Group,1,6,0.12453260272741314,0.25816857442259783,0.011035257251933167,0.004717520142245667,0.28991551448901487,0.25296602677553887,0.0586645357155551
Associated Hand Surgeons,1,37,0.10721705754514076,0.11967686176413313,0.10466345714883421,0.19212989067671363,0.2751652593095157,0.04335915443890195,0.15778832133494414
At Your Service Fine Food & Catering,1,6,0.0146726755968605,0.0079467984808919,0.004324910706297133,0.48645779490470886,0.14602077410866812,0.0029346157486239504,0.33764242225637037
Atelier by Anastacio,1,6,0.010646490768218967,0.014697613388610316,0.0025372073675194668,0.10477492275337373,0.6933833087484041,0.007533215956451949,0.16642723729213074
Atlantic Aviation,1,9,0.02281672410511718,0.027819292749174725,0.0058110080232532885,0.26093028038222754,0.5137850941262312,0.015007179359801889,0.15383043419569725
Atlantis Aquariums,1,14,0.04239925003743591,0.26325165956015034,0.04867461099222831,0.3286697290293107,0.2714191281369754,0.01513378060190002,0.03045184306600792
Atlas Rehabilitation For Canines,1,6,0.016704524052329316,0.018507617564561398,0.17983701525372453,0.37707292672712356,0.24154018269230917,0.15398557670414442,0.012352148963448864
Atwill Pilates,1,8,0.005211266994592687,0.011970607971306838,0.0036206549812049502,0.7228689324110746,0.21662410057615486,0.011460377485491287,0.028244063607416988
Au Bon Climat Winery,1,81,0.040608945546993645,0.05330814694178021,0.00554402398712997,0.4203153045296117,0.3231861542243464,0.02526139635463344,0.13177602471392827
Audi Santa Barbara,1,27,0.15195996858852187,0.10935142552652566,0.02446152429480135,0.28615935560729766,0.2146353730242009,0.045612348739437175,0.16782002221723946
Augie's Water Systems,1,11,0.08103981055319305,0.07335126028523183,0.007040292059007808,0.41844661912711506,0.36571327139708126,0.008911682652648146,0.04549706737849519
August Ridge Vineyards,1,34,0.004422535828780335,0.00507037413155875,0.0020483950853196617,0.685677428592873,0.14912946456495452,0.009781342034008959,0.14387046018451008
Auras Spa,1,6,0.011830503877717951,0.00730534127796995,0.0027424272266216,0.7017934819062551,0.18981948106860114,0.0065736272372305,0.0799350887925053
Aussie Moving,1,34,0.019500323020003905,0.04002060661920998,0.040686054858002384,0.30151386015281517,0.38381554089103115,0.041979584028012995,0.17248402489349243
Austin & Dara Photography,1,24,0.011379125358265142,0.004592041201249175,0.033181971867937386,0.5540224573536155,0.138260095884713,0.005633533255604513,0.2529307633327941
Austin Lampson - Homeowners Financial Group,1,16,0.015759272639115755,0.007870258843467986,0.0033820819498941498,0.4935214000288397,0.35977439201087685,0.007418478380714025,0.11227410059655081
Auto Dentist,1,43,0.018053442591714607,0.01736780298538069,0.04640390940191934,0.2965984983602538,0.3546332991357113,0.03991106234837405,0.22703198438813516
AutoCamp Santa Barbara,1,78,0.015170939133848753,0.052575727809035425,0.04866829856100356,0.41916473863723996,0.25906721617166806,0.05657342537485345,0.1487796647020448
AutoSounds,1,13,0.13385001763414872,0.1621188363955857,0.034701698611920226,0.0876519330598127,0.2791742559235829,0.10494525608821552,0.1975579655800874
AutoZone Auto Parts,1,24,0.03773336292942981,0.12456910023077698,0.010112151299836064,0.33267125325558783,0.2750828171459337,0.041644505545264054,0.1781868100079009
Autohaus,1,14,0.016136742113823287,0.008085158886387892,0.02253515727352346,0.2788246968494994,0.5829149942312922,0.009174339448301358,0.08232892091785153
Automotive Service Center,1,10,0.03571528550237413,0.02233956023119387,0.00557523751922412,0.23778604425024236,0.5061940555460751,0.044641433330252736,0.1477483589202165
Avalon Comics & Games,1,10,0.00554508722852911,0.00793939792783926,0.0019525326089932901,0.5503019682597369,0.18402703721076247,0.044380259874742436,0.20585368997417386
Avania Inn of Santa Barbara,1,204,0.10647188174919514,0.20447002059018793,0.028788973831551046,0.2165028908607828,0.252504252872028,0.04911698363310488,0.14214499665974345
Avanti Full Service Salon,1,27,0.04151281288876712,0.04349593746613844,0.0076283886931680965,0.5508490728895629,0.2393328878269703,0.01651390169798909,0.100667005189246
Aveda Store,1,17,0.007756940294604923,0.009406442106838359,0.0062070474018315,0.6304088909836376,0.1532075683421948,0.004036163068924258,0.18897694650599184
Avelina Wine Co,1,9,0.053179430270877924,0.011184396112285899,0.0020797834796313108,0.5790953055645028,0.10031550243082968,0.09323386641012293,0.16091175392890966
Avia Spa,1,30,0.014773567187755014,0.03724813540078074,0.0051536167695303,0.5750877573154867,0.1773111917544156,0.041921635391190606,0.14850411475636063
Avis Rent A Car,2,33,0.09923860642381686,0.10999428095105523,0.053322994917063146,0.24186591797854015,0.33441202145662496,0.07640318426472892,0.08476298653774637
Avis Rent A Car System,1,7,0.12632366650671295,0.01562628357870767,0.005657152854837414,0.3328091407144841,0.1676132824005825,0.25325765690234087,0.09871281892992553
Axxess Card,1,8,0.12537181272637093,0.030351546694873777,0.00737514516367805,0.3478273739019641,0.41009908937849104,0.017329726368188813,0.061645349487662274
Ayers Automotive Repairs,1,144,0.1874355726791287,0.12467938619253492,0.04022540556454457,0.12582308289832625,0.2840156329491744,0.08490202871891794,0.15291888745074778
B & R Deep Carpet & Upholstery Cleaners,1,5,0.13164646502118554,0.027412192744668516,0.0105277731781825,0.27766852499917144,0.29102656510658564,0.14622771972790355,0.11549077779054637
B and D's Curbside Grill,1,6,0.010400868331392551,0.029166009451728283,0.00376571092056105,0.4182055651520689,0.2310174889862537,0.10120138087465115,0.206242981677254
B&E Photography,1,65,0.019397747990352838,0.018521410720243714,0.040783346416159987,0.5643467576095226,0.1763558845608853,0.012113256353096846,0.16848159813178842
B.U.N.S.,1,8,0.009527847418212287,0.12975603360973761,0.10645839467906622,0.3425832804896345,0.1733039718819782,0.11257081299845591,0.12579965643817553
B2 Designs,1,9,0.009835240444064922,0.0030369154669137003,0.0015392214473750221,0.6499170633032918,0.06444171536713833,0.054914757764587756,0.21631511621591112
B2B Print Services,1,25,0.016231882823631118,0.009132298999465957,0.0021509983623399843,0.38381828087382014,0.40671354871243237,0.006163068707101,0.17578991780988867
BMW Santa Barbara,1,51,0.04542550448940003,0.09946223048324346,0.07103204296436157,0.30642133873462785,0.319114891063495,0.05051706456259692,0.10802693267845927
BYOB! Brew Your Own Beverage,1,9,0.010520475347422833,0.018615356439517568,0.0028102856659744,0.5199283940407137,0.04019329831418059,0.1117627802563624,0.2961694227738512
Baba Small Batch,1,10,0.03928496772423382,0.05993009975645688,0.00226996220299037,0.5121152175357565,0.1945666534826159,0.0993215214111842,0.09251154791563745
Back Door Deli,1,6,0.008105225667046983,0.028365153741712335,0.0018060371900597667,0.3950632692625125,0.4614788747082154,0.012230210821144234,0.09295122977346178
Back To Balance Massage,1,21,0.011898883529716962,0.026764938086714724,0.09708532618103723,0.3099848062820023,0.4175500332244805,0.06404922102090145,0.07266679600745966
Back to Health Chiropractic and Wellness,1,8,0.013770945486612562,0.09223041308723619,0.0970358026825124,0.4533540030824951,0.16725482890615234,0.03862823464442039,0.13772576383780685
Backstage Dueling Piano Bar,1,50,0.009286773167550513,0.0243623923650011,0.04688551694154735,0.6933185651525855,0.1355216760281473,0.007404294789303046,0.08322077409364277
Backyard Bowls,3,1119,0.025131602969142904,0.06101124335169434,0.010580964428597349,0.4309562675194429,0.3132673381901428,0.04819191358953342,0.1108606668474536
Badasci Mobile Auto repair,1,11,0.10159594849260012,0.018994714175774256,0.005174690280744573,0.3947682661131363,0.29428686718033115,0.0274227168411016,0.15775681037286463
Bagel Cafe,1,391,0.030172509722449694,0.11133539882566551,0.010272976811653635,0.3121952897580394,0.31881007984759346,0.07634604263567193,0.14086770231042367
Bagel Market Cafe,1,79,0.04372521474680422,0.11324265495287486,0.005929117706969708,0.4144334461461882,0.3355125500113243,0.025500527880732156,0.061656480413401764
Bahama Bob's Spa Service,1,5,0.046575380302965604,0.01806109789758916,0.00222482667304572,0.37099673151969903,0.4595493197441101,0.015839506778866,0.086753137409687
Bail Hotline Bail Bonds,1,10,0.195128699648194,0.09303437984781335,0.00870130154944486,0.4251850357512012,0.18951718332245943,0.00868911116849626,0.07974427174776788
Baja Fresh,1,6,0.005971407207349883,0.09618315292755135,0.00414279365213585,0.3755169732806583,0.33303151031335193,0.14888339478056872,0.036270776065066394
Baja Sharkeez,1,667,0.040572096531455965,0.14142752507424175,0.017896551035689785,0.4216862091625049,0.21418688142451564,0.04658265636167086,0.1176480758169699
"Ballew & Fuhrman, CPAs",1,9,0.008926438581612323,0.003910465547556222,0.11192649828606387,0.2849936630421628,0.34965765936714077,0.01727906733544331,0.22330619095979878
Balloon Affair,1,9,0.020735296343142733,0.029408089234493624,0.004070895827478755,0.27688651149057675,0.21688425892757043,0.07073400552488032,0.38128094416525626
Banana Republic,1,7,0.011554912098550316,0.07271492541102421,0.0737724992712693,0.39283147402706425,0.15800685754844115,0.11484830357533475,0.17627102522445573
Banc of California,1,12,0.011797492722204518,0.009614297635077132,0.08185082485336649,0.3369214292421627,0.352905058922867,0.021617576538119427,0.18529332110968724
Bangkok Palace,1,47,0.0199520964438016,0.14383122790357133,0.003981930532547138,0.37656370437384507,0.2715063377957236,0.04329045867656372,0.1408742384668043
Bank of America Financial Center,3,38,0.13673511630622665,0.2957641524048277,0.08444249769979102,0.059941633467372524,0.23933305334005697,0.06522490899231723,0.11855863459947465
Bar 29,1,108,0.021903630847292386,0.0354643077039832,0.005344124099118933,0.5803131203908749,0.22820256053711527,0.04225710047521038,0.08651515948413693
Baratto Sullivan & Co Insurance,1,8,0.019484945223666676,0.004887018818408225,0.004358577105449475,0.40208290610462427,0.45856314711272717,0.007410534977680012,0.10321286262478677
Barb's Pies,1,169,0.00608580599479736,0.027824749841875503,0.0020700455074936486,0.6255402300863654,0.21237792953374907,0.025839357080624098,0.10026188543239968
Barbara Alessandra Photography,1,9,0.1035597379215889,0.0137793106389128,0.06164312082627369,0.6489307776921325,0.09406106453388925,0.004451470695332477,0.07357449969276782
Barbara Rose Sherman,1,5,0.00795328216627236,0.0092801230028271,0.00204222927568476,0.6593994200229645,0.17579344958066936,0.004090727539733,0.1414407489821314
Barbareño,1,420,0.013406715610957033,0.06772980859345154,0.007078369215776585,0.4969672811428955,0.24285044109482049,0.028567493930902462,0.14339988875823714
Barbarians,1,97,0.05780799347564055,0.18712341726263118,0.02027806477890028,0.2938140741472622,0.23573308026168455,0.09363088778162504,0.11161249089798858
Barber Inc,1,29,0.016038468998760443,0.04612885272242767,0.002837939093547724,0.43316345618523916,0.39116643096223985,0.021163848212695274,0.0895010116911525
Barbie's Pet Salon,1,25,0.01398472927045072,0.057600621234159884,0.04075131379824593,0.5518583279056475,0.14040360084734854,0.05740332657471294,0.13799809243530028
Barbieri & Kempe: Wine,1,11,0.003257712222297027,0.005077658496289055,0.0015121009994551635,0.7762851417064667,0.13464006984775714,0.01471743615217162,0.06450988411564712
Barbra Mousouris,1,15,0.008670177776366425,0.005109106780340221,0.0018626847925285067,0.7570414425805211,0.1687589564050237,0.007893541672577399,0.05066408246445154
Barcliff & Bair,1,7,0.005975626575361372,0.1467994937307334,0.0014893075733977141,0.4950740204575205,0.25339081457683016,0.0058056661925677145,0.09146508300078231
Barden Wines,1,7,0.003045592856194243,0.006449192396498128,0.0017314589931629286,0.7944719791412354,0.11423536602939874,0.0039534496609121,0.07611295687300815
Barefoot Boutique,1,5,0.0411541593028232,0.21553786341100928,0.06907877674093466,0.4737224490148947,0.11515867039561267,0.0238281552214175,0.061519960127770855
Baron Erik Spafford Photographer,1,20,0.008655727677978526,0.0065483776736072795,0.00217985850904363,0.593650403432548,0.26249956903047855,0.00654594248626376,0.11992012902628627
Baroness Jewelers,2,18,0.08860968475023073,0.1956462006589087,0.12317330749162157,0.13220208435409905,0.31166868750005955,0.057607788812472555,0.09109224677861975
Barre 101,1,11,0.006882804382423055,0.008620782310820382,0.220500371516788,0.4530559235506437,0.1687541613778607,0.008799694912423427,0.13338626963509753
Barricade Pest Control,1,8,0.0342734854202717,0.046386051457375226,0.028044220263836864,0.4499844835954718,0.3792763927485794,0.012633574107894638,0.04940178972901772
"Barry C. Mast, OD",1,7,0.13619795225427617,0.07567905460018658,0.0057416358447101145,0.37372981603922584,0.12904345669916695,0.013283998356200715,0.26632405850770213
Barry Family Chiropractic,1,28,0.04468739381159783,0.026984636497218124,0.08694101001518507,0.34814802867393674,0.36713345777908607,0.03713322336885274,0.08897225268551011
Bartlein & Co,1,47,0.25739580519903604,0.28333069652844056,0.07406772094025728,0.02351922096753924,0.14498478205171111,0.052989312041392296,0.16371245229210543
Bartlein & Company,1,7,0.2580372865444847,0.2899867342785001,0.03178976872004563,0.058345576132913746,0.13230947298663,0.14775797232453305,0.0817731973449034
Bartlett Tree Experts - Santa Barbara,1,12,0.048528199627374556,0.08058764445983489,0.1648249018132143,0.021837055023449115,0.4770846583414823,0.0717627654181948,0.13537477185794458
Bartlette Electric,1,11,0.024603303754702155,0.016330180250489188,0.0025016999755858543,0.41891496831720526,0.46390735472298483,0.04423006915021685,0.029512426180934317
Basil's Italian,1,65,0.011265729727724948,0.09188853835669127,0.002298397153544266,0.6040878075694379,0.16673692403217918,0.06344357740241457,0.06027901882592298
Baskin Robbins,1,31,0.07711845996879758,0.2722241986850877,0.05449393833048576,0.17786079951310377,0.1908779114544872,0.09453582412172705,0.13288884613317464
Bath & Body Works,1,15,0.03497862177900966,0.10495409486660108,0.05391306751407678,0.3241246578477633,0.2915090519934892,0.043956492763633476,0.14656403468300896
Bath Street Inn,1,151,0.007421189734083089,0.014901902397480802,0.01000841321760555,0.6436492767437848,0.23664309159044591,0.015851504705994286,0.07152462835170768
Batteries Plus Bulbs,1,29,0.10188043506109504,0.08587639812572759,0.04027945243608973,0.2212215269161067,0.3172178582673699,0.04129058303279348,0.19223374261617143
Bay Club - Goleta,1,12,0.14695631831030667,0.12922894745133812,0.03826314813826074,0.20365257959929292,0.26648265488135314,0.09863712898610777,0.1167792196696003
Bay Club SB Downtown,1,6,0.12916575277146566,0.01591363673408822,0.0021130223079428834,0.6505733647694191,0.13637794864674405,0.0062812950927763666,0.059574976873894486
Bay Club SB Uptown,1,13,0.0835529326353795,0.016634747757612187,0.030272410616117407,0.37427725442326987,0.22983997383226565,0.06187203282024707,0.20355065926336322
Bay Roadhouse Bar and Grill,1,91,0.019055146280072252,0.19513892765594437,0.04334187334221732,0.40606552267678664,0.20425212431115677,0.041892081659010844,0.09025432968161648
Bayside Watch,1,38,0.10755128147215333,0.03180186119769989,0.02136975679221852,0.2660655338902296,0.3294424865468356,0.08993077471754264,0.1538383105867787
Beach Baby Nannies,1,19,0.016096013402076094,0.010619409737716325,0.08413975827830938,0.5379194040586682,0.23839416501945565,0.014344350398076949,0.09848690626064409
Beach Bowl,1,56,0.018563359655672632,0.08450081775871301,0.020690144312019147,0.3811756311141445,0.1996048057626467,0.09303749163518656,0.20242773888665913
Beach City,1,80,0.12690849946666272,0.42646240779286015,0.07062718533052244,0.12822641773818755,0.1697560273663839,0.038632873984170105,0.039386586916225444
Beach House Inn,1,99,0.009298426480117125,0.025656832138669036,0.002791744448724297,0.6749074101292839,0.20459143153739845,0.030005608821720438,0.05274854479075377
Beach Motor & Tires,1,12,0.02689199881084878,0.013462853511252084,0.08751129553032412,0.306745188194327,0.4479809729382396,0.023347918351646485,0.09405979625686689
Beachbreak Cafe,1,142,0.025762972444079397,0.17313177291054643,0.011558532548009067,0.36336386033867135,0.30017077649982876,0.03788906112264076,0.08812302461592475
Beachside Bar-Cafe,1,654,0.019219176600607412,0.12620981827216107,0.011577631281953986,0.4399909656973912,0.26412969287264154,0.04772955921780461,0.09114315518692832
Beachside Dental,1,15,0.11160684043619155,0.0217000054273133,0.17881293217845565,0.2996182990415643,0.22797543539976078,0.05298524470999831,0.10730125140398737
Beachside Inn,1,56,0.05517765400457258,0.25773470334804316,0.05276537493461673,0.2049302303967124,0.2184274521215619,0.08246618342361342,0.12849839845875974
Beachside Taxi,1,5,0.1681126981973648,0.0845670856069773,0.01925439471378918,0.07212138155009595,0.4988033950328827,0.04771660100668666,0.10942446144763376
Beads,1,11,0.015585837938653419,0.057745757507456585,0.054166396296667745,0.5911300890147686,0.1729175329885699,0.008144134909591837,0.10031024425883178
Beads of the Earth,1,20,0.026397036563139364,0.1039424882328603,0.00449380518111861,0.4092003329657018,0.2884952776134014,0.01589441311080004,0.1515766434371471
Beans BBQ and Catering,1,14,0.010455558176285415,0.008314981640848679,0.1278741027802295,0.5449542574850577,0.1701860969353999,0.003860442599813807,0.1343545559461095
Bear Automotive,1,12,0.13232438231352714,0.049552463984582525,0.006911204312927966,0.25378930091392243,0.5124201687673727,0.010129889201683251,0.03487259192237004
Beau Brunner Painting,1,9,0.015296822206841535,0.010757045095993366,0.0036780858192489003,0.3927643559873104,0.44091250085168415,0.004603028556124967,0.13198814892934427
Beautiful You,1,14,0.006482897858534486,0.03065805773284015,0.10607199723225282,0.4976335029516901,0.2322896347115082,0.008957655825984758,0.11790626133526005
Beauty By Leah Rose,1,6,0.012488902003193851,0.014496257916713717,0.005518346539853717,0.3627660224835078,0.37889307737350464,0.0084801534345994,0.21735722773397959
Beauty By V Hair Studio,1,5,0.07507624090649181,0.06277400050312276,0.0038940301164984204,0.5438309784512967,0.15820296350866553,0.07698606676422054,0.07923568235710259
Beauty Lounge By D,1,34,0.10856616050552792,0.04657919761067361,0.013448830288218507,0.4089227028444464,0.24747964037883588,0.04138689061202213,0.1336165686439284
Beauty Salon V,1,28,0.010775673169908729,0.012626318643534779,0.04344582843935179,0.4990857486347003,0.25522169903186814,0.031665062706451814,0.14717967520534456
Beauty Within Holistic Healing Salon,1,7,0.006638129358179828,0.007068793455670943,0.10933026967437134,0.5549923695091691,0.11837389506399627,0.004792912746779557,0.19880361239691924
Beauty by Crystal,1,7,0.010366150144753656,0.005023030963327157,0.0018204707718852998,0.7018766020025525,0.192202229052782,0.004782750869968057,0.08392878275896819
Beaver Tree Company,1,19,0.0889017065055668,0.1370026457221492,0.018679988049705904,0.13435057697106934,0.35039885726904396,0.07291996878522787,0.19774624303375415
Becky Davis Photography,1,5,0.00477038871031252,0.00587334674783046,0.02357858713949092,0.6629539594054222,0.09327531978487962,0.00566822420805688,0.2038801699876785
Bed Bath & Beyond,1,33,0.09692174596994207,0.09666730320455051,0.03722324876280525,0.26737378925705946,0.25758924922256754,0.07066226568581023,0.1735624067809884
Beds 4 U,1,41,0.031459452266373235,0.04455925862407079,0.010979647516761285,0.39269028252797067,0.29482831660567255,0.0740420943546313,0.1514409381169371
Belcampo Meat Co Restaurant,1,35,0.00932462027163373,0.10418365615353516,0.002519283698971463,0.3327060932958764,0.33431125464183936,0.12522472264577766,0.09173035958249649
Believe Eyes,1,6,0.018676839613666067,0.010734386509284316,0.002912847810269567,0.3806968693388626,0.21294243882099784,0.1544255223901321,0.21961111792673663
Bella Dolce Bakery,1,10,0.00646115846466268,0.02240276574739249,0.00229370949091385,0.3749986970331519,0.42397031458094714,0.10847149328328665,0.06140184728428718
Bella Rosa Galleries,1,51,0.04514304040383325,0.03433336887517757,0.02776418177652917,0.5322171088876476,0.20286401100091486,0.03332163557391974,0.1243566527378325
Bella View Windows & Doors,1,23,0.11733651257363023,0.11890957889693744,0.026209022549902167,0.27478272355232464,0.2975695821780549,0.04360802872511352,0.12158453402757317
Bella Vista,1,263,0.017378966344835562,0.08199597072646818,0.009716091942026127,0.4719577023056566,0.25965837003599435,0.049544468549073066,0.10974843178418932
Bella Vista Designs,1,36,0.04502364767702395,0.012490950423751963,0.011505035025442693,0.4869153260531473,0.272595941580625,0.01461967465002085,0.15684942369504518
Belle de Jour,1,13,0.045715631093256714,0.06192240429272011,0.04547072972994867,0.21233144655035663,0.440153936139093,0.08530064210152394,0.1091051890980452
Belmond El Encanto,1,348,0.025527471838714295,0.08015823600835152,0.013378730741089919,0.4687820153866042,0.18186350127591094,0.07236379916490662,0.15792624532123328
Belmond El Encanto Dining Room,1,234,0.019680227495781615,0.15226365458088403,0.020392713816557825,0.37122376948934843,0.22268765624393666,0.07128830838443022,0.14246367457527745
Ben And Jerry's,1,5,0.00761618278920644,0.012124665966257421,0.00262972596101456,0.4660399124026299,0.21456376314163203,0.16010554716922337,0.13692021295428272
Benchmark Eatery,1,560,0.018389283430795805,0.09975589791491589,0.013085102623673607,0.5171946363003371,0.22485432076791764,0.039004562705044224,0.08771619681480969
"Benedetto Lynda, DDS",1,5,0.0403983638621866,0.04841980226337906,0.07154315253719684,0.31899595130234953,0.32765263617038726,0.05459480183199043,0.1383952975273132
Benefit Brow Bar at Ulta,1,18,0.10635052654348931,0.08544342443605674,0.059796991832424956,0.33754976620225025,0.21795378953942818,0.04637137352902851,0.14653413129659987
Benefit BrowBar at Macy's,1,32,0.015422238197061181,0.06979312057956118,0.06930543824546471,0.3403408938811481,0.3156218880612869,0.0342215189011767,0.1552948973840102
Benefit Cosmetics Boutique & BrowBar,1,65,0.042286710971249926,0.08411488941816896,0.06751006174554973,0.3922561814184658,0.24462743602119957,0.030592459972159747,0.13861224793184257
"Benjamin Dirkx, DO",1,7,0.03234016529417461,0.04379593304890601,0.12633166053066291,0.1669567287234323,0.4664892799087933,0.04692725478006256,0.11715896573982068
"Benjamin Laudig, DDS",1,46,0.00791261107002825,0.036266022323853404,0.055838128001398715,0.5691551390792364,0.20822576766469228,0.02636226484268575,0.09624006710288556
Bennett's Toys & Educational Materials,1,12,0.06670130587493374,0.023130724565514005,0.0038453574258406832,0.5555463329073973,0.19012372750633702,0.12346676360660537,0.037185810758576986
Berrilicious,1,7,0.020087761438584702,0.25954170119283454,0.004686688746525186,0.32952782889229376,0.15312277578881806,0.1379127034119197,0.09512057248502966
Best Buy,1,174,0.1231729077735926,0.13817296633376447,0.04555652715841466,0.16351233930802023,0.2809070580914595,0.08225921039662223,0.16641899429652407
Best Nails,1,60,0.04923288517165925,0.15565298420697216,0.03853334524319503,0.3488247519203772,0.2986866169609129,0.044859262778966943,0.06421015371646106
Best Painting,1,6,0.06145711910600458,0.08953879614515847,0.10538335849802627,0.18432034109719095,0.4705141472319761,0.04313940477247034,0.0456467964686453
Best Price Auto Glass,1,89,0.03945661246190576,0.019511729297672847,0.023837339831516098,0.2659230924661407,0.3935623212005901,0.023093048128655157,0.23461585598631518
Best Western Beachside Inn,1,133,0.02757993324299135,0.1782311533671397,0.023031366555084937,0.2438080510434421,0.3051495008902358,0.04631554200646596,0.17588444863782168
Best Western Plus Carpinteria Inn,1,299,0.04366832081287671,0.2032132937106067,0.05297329674997007,0.19952205279509122,0.26914607779275507,0.07985058926625241,0.15162636605667626
Best Western Plus Pepper Tree Inn,1,218,0.021580222264624263,0.16267680531926237,0.025193705546579896,0.31250322396600505,0.32170949129327925,0.0524113271636418,0.10392522520263922
Best Western Plus Santa Barbara,1,180,0.030466415334376457,0.13254681822016004,0.017560534722643805,0.3095605127099487,0.30732929753398314,0.053952815427005044,0.14858360545541568
Best Western Plus South Coast Inn,1,132,0.04202905157051806,0.1087345789428306,0.025823371452685033,0.2945801187174352,0.29993292660748755,0.06480503125842939,0.16409491537188206
Beswick's Mobile Auto Repair,1,6,0.012386859239389451,0.007748413830995533,0.0036798663592586506,0.3165916119857381,0.5182948006937901,0.07323545403778546,0.06806301969724393
Betsey Johnson,1,6,0.04995833826251322,0.10005365207325663,0.0019751075257469,0.33107606243963034,0.2857541479170322,0.19371224974747744,0.03747041771809255
Better Body Sports,1,8,0.015515788400080012,0.041580982870073,0.0016889968501345124,0.5996541453059763,0.1639682812383398,0.11316237889695908,0.06442944242735388
Better Business Bureau,1,39,0.18510810236852515,0.1431700882967561,0.10460470322346406,0.058676562466037724,0.33196752948853636,0.07137035984450421,0.10510265485694006
Better Days Yoga,1,9,0.02532694563140259,0.021008045677768223,0.00927671249115109,0.5698316916823387,0.28307665562412393,0.009919315382527778,0.08156064007845185
Bettina,1,325,0.021324904245467666,0.05929166998409734,0.010869248723611188,0.45504908832318436,0.25135309674920364,0.058461943381251005,0.14365004744094148
Bev Mo,1,38,0.10320812094907615,0.1427385095249567,0.03207974954612401,0.16798418320372305,0.32446184063232253,0.07774829634734866,0.151779309607503
Bevmo,1,21,0.06056219966350385,0.09125494481330468,0.04513033945667774,0.23980508604463896,0.3529683255723544,0.06701985797068721,0.14325925572553558
Beyond Hello - Santa Barbara,1,19,0.12530300840367803,0.18762907895602673,0.05237651148988665,0.22622962965703516,0.2407528134430513,0.07749563636944477,0.09021332895530286
Bibi Ji,1,265,0.034821451353875627,0.1205686215100423,0.028103491290085814,0.40624506430193025,0.2289941498675858,0.04870681418633119,0.13256041014606548
Bici Centro,1,22,0.05626549983968616,0.02515576640673146,0.03839160255764986,0.3447926323543387,0.2833352368324995,0.07666041242720723,0.17539886110038916
Bickford Larry OD,1,6,0.31610658629021293,0.18438073915118972,0.0153626864679002,0.172553036197011,0.2581480210646987,0.027350609248969666,0.026098348743592667
Bicycle Bob's,3,114,0.04027175389050518,0.049796600514622515,0.013257573500914827,0.38372266955526646,0.3309580119155151,0.037165001166469716,0.14482838959788508
Biergarten,1,104,0.021459165377913966,0.06701095059990897,0.007056365047062052,0.5216444035582893,0.2428024668725601,0.040165419511210415,0.09986122497950695
Big 5 Sporting Goods,1,26,0.06537216561040478,0.07710447876329099,0.041356258327141356,0.35410779240863544,0.3700335644758664,0.012493086723574888,0.07953266337370637
Big Brand Tire & Service,1,19,0.03850890544096101,0.047036715868958474,0.10397931285153482,0.147206855662118,0.38949545021904136,0.05210440915911208,0.22166834899077284
Big Brand Tire & Service - Goleta,1,418,0.05052458687181887,0.03313624948590686,0.02859295178558472,0.3109509371157427,0.34341185746667685,0.056853921151258736,0.17652949212513344
Big Brand Tire & Service - Santa Barbara,1,423,0.043401796061955086,0.030334729506979793,0.029914379212551155,0.3245116636680905,0.3549741092559069,0.04026641260340461,0.17659691197387034
Big City Futon,1,7,0.13844826451635783,0.13159823173191393,0.011452264530816986,0.2685960366257599,0.16926468562866956,0.13616136730914666,0.14447911575968772
Big Eye Raw Bar,1,110,0.013480650653152428,0.1261426919155796,0.008612092527486754,0.4451374352327548,0.2708561732560735,0.06045451608634634,0.07531644290694116
Big Green Cleaning Company,1,8,0.09986072039464483,0.15335075740586032,0.003265470462792975,0.19424758569221007,0.465812967158854,0.014296487555839062,0.06916602823184796
Big Joe's Tacos,1,36,0.01695671819228053,0.02220924051491436,0.02644789165060496,0.48584250218441916,0.21493798277030385,0.07565588256693441,0.15794977874288124
Big O Tires,1,15,0.1792337946904202,0.1298665348750849,0.06695986844909683,0.13871958865784106,0.27330678639312583,0.03915101210586721,0.17276240754872557
Big Red Crane Company,1,6,0.02518333230788503,0.028723807500985715,0.03185202511182672,0.16838616256912545,0.5600722233454386,0.01961724541615688,0.1661651820565263
Big Wave Dave Christmas Trees & Pumpkin Patch,1,20,0.3711373868864029,0.16377005752292456,0.01000894560129377,0.13225838252983518,0.2020320536103099,0.0321227257372811,0.08867043937789272
Big Yellow House,1,10,0.00509327158797527,0.00784740456147115,0.00169296612584725,0.12888078819960352,0.06022925381548697,0.6457639243919402,0.15049240808002645
Bikini Factory,1,22,0.011421634043058841,0.014929363128348121,0.011083498060047067,0.51946770937436,0.23970578928393393,0.044081707421520844,0.15931028910827905
Bill's Bus,1,10,0.07319773789495224,0.07681715057697142,0.04581223162240346,0.3760543758166023,0.35090536419302226,0.01334497218485918,0.06386817004531617
Bill's Copy Shop,1,29,0.10884829699704099,0.1634990382369543,0.0036493517671197413,0.2629685843130573,0.3375872822783502,0.05480407782557319,0.06864339208374887
Billabong,1,10,0.06876634983345861,0.1878365038661286,0.032480346830561724,0.15099608794553204,0.32869266029447314,0.12466322476975615,0.10656484747305509
Billies,1,8,0.008493584842653888,0.00721953142056005,0.0016814639020594376,0.39994297083467245,0.26328585436567664,0.014209342130925463,0.3051672704168595
Birken David L MD,1,8,0.13632076172507365,0.01209191693487805,0.002160147065296725,0.5046333867212525,0.2603004815755412,0.05863762189983385,0.025855721629341088
Bissell Clinic,1,15,0.07088845860368259,0.00881483446185782,0.036927407929518506,0.39635305834235623,0.33997949411471684,0.01872688391401117,0.12830986715853207
Bistro 1111,1,63,0.012702320704221795,0.1204474962599176,0.030375880455794063,0.40832603386592203,0.2554523398478825,0.05778993084464986,0.11490599546093667
Bitterman's Deli,1,28,0.026709206090474977,0.09055715917617943,0.008424864959254407,0.377912228058059,0.23636567138601092,0.09321039093941046,0.16682046844757026
Bizerk,1,21,0.03861515259458901,0.11181547452828709,0.0026476252962657145,0.44777119867337334,0.23847936546163895,0.012432412083615452,0.14823877427815677
Black Pearl Pool & Spa,1,5,0.2002489542588591,0.1679406146518886,0.00785051466664294,0.24650250999256967,0.1457564916461706,0.14400092968717212,0.08769997693598267
Blackbird,1,156,0.016908094852950785,0.09347488147688679,0.01569388349404709,0.46804406183424035,0.23849024066629887,0.03727546419264768,0.13011337132999096
Blanka,1,9,0.01954665604150953,0.12187878984130086,0.03176866143217513,0.4927953923664366,0.11510429634816115,0.030930492212064523,0.18797572396902573
Blaze Pizza,2,308,0.04715265622687546,0.11290983048244224,0.01731662210016567,0.302492111436278,0.31311615949153426,0.08172382726848072,0.1252887959848309
Blend Me Tender,1,12,0.029185847631500367,0.1004059427650645,0.0027565509226405503,0.4038707888830686,0.32439213552667445,0.012217540255126808,0.12717119032943927
Blenders In The Grass,1,240,0.023178046592753725,0.07799970768173803,0.016663630604186082,0.3436978015495697,0.37206249216615106,0.05182360578085834,0.11457472062902521
Blenders In the Grass,5,434,0.03752551854023177,0.0816360985124451,0.013384736753696494,0.3622580702501228,0.3225724098909955,0.06630034330660421,0.11632282141054771
Blenders in the Grass,1,99,0.04395543413020365,0.07663374236723723,0.007442987126808546,0.3617883749556671,0.3446865384843238,0.04680778218534384,0.11868514689720336
Blind Tiger,1,22,0.05410722346807062,0.16116132236360992,0.04711742609718133,0.3856822101595092,0.17891761355779384,0.02436023738383396,0.14865396495125338
Blink Aesthetics By Brooke,1,8,0.009300623234594201,0.007093368680216312,0.007168709278630512,0.5471753842430189,0.23044028901495037,0.004844941126066225,0.19397670100443062
Bliss Connections,1,17,0.006011323359630524,0.007807929657728313,0.10730482373550969,0.5734295872697497,0.18219947042491502,0.01397409012048117,0.10927280407700246
Bliss Salon & Spa,1,18,0.052001713982058856,0.09167441816276142,0.031669178993777435,0.5201572018106364,0.2035293268660704,0.04079224579294932,0.06017590259822703
Blossom,1,19,0.01517940550969027,0.01962088065920393,0.04342325961241788,0.5036366156449443,0.3006670114241148,0.018622506881671868,0.09885032430879376
Blue Agave,1,156,0.02866120663253609,0.1561216420191041,0.01446314557240555,0.40087121574022316,0.23756152204572195,0.05657641657028128,0.10574485226392515
Blue Aura Esthetics,1,5,0.0045576451811939,0.00493762523401526,0.00190166719839902,0.7646504402160644,0.0774757912382483,0.0045557729899883,0.14192107236012813
Blue Bee,1,9,0.03829697850677699,0.15678665709371364,0.0238333922073555,0.17392788700655928,0.30192374562223745,0.1386463859946363,0.16658494528383014
Blue Bee Jeans,1,17,0.08637191659277847,0.18156357218429225,0.010239954222924959,0.24435698570039885,0.24003248617929565,0.04422021031324911,0.19321486140217847
Blue Beetle,1,5,0.00626363991759712,0.01728965174406764,0.00165854122024026,0.3099595029838383,0.5331859469413758,0.05701036257669325,0.07463237196207044
Blue Blossoms,1,50,0.0092889554984867,0.003692225167760578,0.01115028776228423,0.5621834722068161,0.11965956468135115,0.053037227303720964,0.24098825872875745
Blue Casa Communications,1,5,0.10152158010751007,0.38625945225358005,0.0222079828381538,0.00215302851283916,0.1290549576282501,0.2868161154910922,0.07198689165525134
Blue Corn Tacos Catering,1,11,0.011776475944894891,0.011515916515649665,0.0023090092846276638,0.5498566979711706,0.23594527225941417,0.0035364452156830457,0.18506017234176395
Blue Horizon Management Company,1,44,0.057223020050018475,0.036808320583077106,0.035708388496211434,0.33502927506660024,0.39772417754019523,0.02352637295817571,0.11398044174579391
Blue Sands  Motel,1,72,0.015795047621294397,0.1213403977308189,0.04226674431710203,0.39224545978666153,0.2743642643650269,0.031710915484129305,0.12227717991077543
Blue Sands Inn,1,39,0.017109745583580523,0.14157657337804821,0.06965141827225657,0.3284744542384615,0.190865394528,0.07392459527517736,0.17839782309527386
Blue Tavern,1,146,0.01258623718654043,0.1172009617112551,0.013929595380394722,0.4242413631139629,0.24223102471944297,0.06449154225793624,0.1253192680895851
BlueStar Parking,1,17,0.15096893746351053,0.13503407154519873,0.007583663406822888,0.43634883760686904,0.18684129636077315,0.009731280275017847,0.07349191203384711
Bluewater Grill - Santa Barbara,1,798,0.01867262806575904,0.11204890758902757,0.013121884019186389,0.4912478021930808,0.21170145496906928,0.05832316190527192,0.0948841594791134
Bluewater Hunter,1,8,0.0406869563448708,0.07506138339522292,0.004568126219965,0.39265067817177624,0.4092944418080151,0.005959909613011362,0.07177848374703895
Blush Lounge,1,458,0.030911063175042434,0.13492491521250338,0.008946240580423101,0.4508824823995494,0.21582932937148078,0.06008827622128873,0.09841769416408566
Blush and Lashes,1,6,0.015288965543732014,0.14129487508519858,0.12374048327910708,0.4466570039706615,0.11121000271911417,0.07131603771510218,0.09049260887938237
BoHenry's Cocktail Lounge,1,29,0.027417059361549243,0.10801820054345215,0.03912336421038565,0.540990144046473,0.2322523236788552,0.018161551942567064,0.03403735351909332
Boathouse at Hendry's Beach,1,2575,0.01902438033051169,0.07680627539830766,0.012377748007522123,0.5248783836445378,0.23010866783369438,0.0410205563979033,0.0957839904756972
Bob Holzer Towing,1,121,0.06009260781324841,0.022378170929179472,0.058790866207391025,0.2915733232853687,0.32026033649367297,0.06433796520972204,0.18256672931650328
Bob Jarrett Range Rover & Aston Martin Service,1,13,0.045655618170992646,0.018209660533242453,0.05666224217902005,0.10353429242968556,0.6225337603917489,0.059830344291045626,0.09357409856210529
Bob Woolever's Tire Shoppe,3,35,0.04551648468643955,0.04371972548376232,0.01634105768586903,0.38352575354677226,0.33847209478595425,0.0939295563081811,0.07849532617256041
Bob's Auto Salon,1,11,0.06027560707562684,0.01580675681312141,0.0029763841594103364,0.5130981784737245,0.33412224672396074,0.02491794277871531,0.048802898180755665
Bob's Garage,1,13,0.020185151674713044,0.0072966545569495,0.05196802767638399,0.18331391579256603,0.508897908605062,0.040159696856370296,0.18817865089155156
Bob's Vacuum,1,46,0.10697579834832925,0.08739891693340206,0.0523858789706339,0.19290825948195084,0.26575576030122844,0.13503568262651397,0.1595397142835123
Bobcat Room,1,29,0.02362184409565962,0.07523279571865585,0.004447417069780424,0.4985407815447302,0.2837425048045557,0.01878335359426018,0.09563131538894151
Bogo SB,1,12,0.011334587169888685,0.025387174876717183,0.0025599314443145583,0.42530213785357773,0.19179702348386243,0.11155469001581265,0.23206449160352347
Bon Fortune,1,10,0.00406552760396148,0.00236821060534562,0.00119830220355648,0.8566487669944763,0.04315795861184592,0.0040399464545771,0.08852127175778145
Bond Fitness,1,28,0.033802025812162434,0.019503960442047382,0.004450382823831282,0.5087189649098686,0.25880895549198607,0.07093935520554487,0.10377634951977853
Bonnie Marie Dance,1,5,0.00806229030713434,0.00739315887913104,0.00252274135127658,0.6484825044870377,0.23215923607349395,0.0036978715099393795,0.09768218081444498
Bonnie R Hill Skin Care,1,5,0.01252249889075752,0.019408032577484798,0.01574858287349338,0.2624315209686756,0.6482402332127094,0.01422178540378804,0.027427312731742804
Book Ends Cafe,1,63,0.004745163397663889,0.024136563972754745,0.001729021624048443,0.658966166928174,0.22212696158962825,0.009086478191117395,0.0792096427582677
Boondocks,1,5,0.02538676571566606,0.058374115452170326,0.0028941475087776196,0.13025353769771753,0.25481093805283306,0.24967944701202213,0.27860102029517286
Boone Graphics,1,7,0.021608929083283403,0.005755957498747272,0.0020832609152421,0.2579529410494225,0.3532005213201046,0.0052360851716782,0.3541623121127486
Borders,2,23,0.043471584377466135,0.20519449603845077,0.02040228774295306,0.14901904415329104,0.22471011782307984,0.13479661435627818,0.22240586929104247
Borrello's Pizza & Pastaria,1,174,0.024564218956270558,0.08326949983508718,0.01086615675506003,0.5583903020035058,0.19596154785222616,0.04619589180387177,0.08075237717351005
Bossie's Kitchen,1,146,0.018107341909031526,0.0551944016622481,0.007657462497973726,0.5748097581337589,0.19202200284431853,0.034847650609986985,0.11736137752440332
Botanik,1,12,0.03582160815130916,0.1135160188132431,0.006267337894920841,0.3385793103564841,0.12351852189749475,0.06047327439106687,0.321823921559068
Bottle Shop,1,32,0.057213332707760814,0.0876558555555675,0.022636429932390404,0.22463335075190113,0.29897293390240515,0.012714809094177276,0.2961732963594841
Bouchon,1,1485,0.011779975041085399,0.05609143437676187,0.009824925309939963,0.5226429447603039,0.23715610871991447,0.03583934497941117,0.12666526507321266
Bougainvillea,1,14,0.006841146811244157,0.076555270510393,0.002102833555129843,0.4359481911441045,0.23453973227047492,0.1053142316855623,0.13869860565422898
Bow and Beam Basics,1,38,0.03152115076265636,0.019631693069210327,0.025391371668726886,0.48081526166367294,0.26151774946208056,0.036920386706601395,0.14420238012251882
Bowman's Auto Repair,1,26,0.05285906903624815,0.015638696300671738,0.013496088038664271,0.29381880010119993,0.44275420538794535,0.06805193046322805,0.11338119977153835
Branch Out Tree Care,1,25,0.07888467935379591,0.13377156003145496,0.015914924041135176,0.2825107157230377,0.36117344873026014,0.07708877123426641,0.05065592638216907
BranchOut,1,12,0.004681655555032149,0.0027569317996190917,0.0021678088887710583,0.8561541140079498,0.07335946809810893,0.011884403744867642,0.04899561552641288
Brand Fine Jewelry & Gems,1,6,0.012353390338830617,0.004817651579893767,0.0013601683410039333,0.628639854490757,0.18043542715410388,0.0037160314386710004,0.16867751783380902
Brandy Melville,1,40,0.10688304840150517,0.34584641680703493,0.040453758548392164,0.24316109005012546,0.14099601298221381,0.04886961003940081,0.07379006989067417
Brasil Arts Cafe,1,361,0.020454101373475007,0.08671639511365584,0.011305396892133553,0.5304562574072058,0.20968530356169382,0.04358430987596765,0.0977982329127283
Brasil Stone,1,12,0.082054391503334,0.08609000334399748,0.09422109440614194,0.24467906695402533,0.32490158771785593,0.020839019901662387,0.1472148092774053
Brass Bear Brewing & Bistro,1,275,0.014312851482959923,0.033557164143262895,0.006797990495106158,0.6477412124691446,0.2150640270503407,0.013407957837070205,0.06911879629743366
Brasserie Solera,1,22,0.008620979915245986,0.09129330552902747,0.027457427892262413,0.43898910292508925,0.3113987599076195,0.0165609537666155,0.10567945836704559
"Brayton Campbell, DPM",1,16,0.060152023128466625,0.024304913382366032,0.15463107625691916,0.2040715693219681,0.38964508729986846,0.0446729315735865,0.12252240741509007
Brazilian by Brazilian,1,89,0.009861843120254366,0.02793686603178956,0.06600641810074916,0.4443561305197772,0.295332453807481,0.03821142436020866,0.11829486155484831
Break Time,1,54,0.014800051287575399,0.09470151872934632,0.017068715369936757,0.5350963431529062,0.24127986249341454,0.027371214275869176,0.06968228755458426
Breakfast Culture Club,1,111,0.026578410260110773,0.07414543708715046,0.007040146574942214,0.4705235498888116,0.26299108756152356,0.051936426681365666,0.10678494477074017
Breakpointe & Coronado,1,19,0.08147629325302606,0.1735239068910136,0.02314861779603612,0.40452799919723087,0.16510211735179545,0.02705212598544001,0.12516892993038417
Breakwater Restaurant,1,212,0.02699239686502684,0.21213063691717454,0.011979882186113913,0.406319422521881,0.23226462427926475,0.05031036102171227,0.06000267023238226
Bream Optometry,1,54,0.04911924387043752,0.052037757757783784,0.011084921769603724,0.28342295533770484,0.40544508094899356,0.05001961824880839,0.14887042558984828
Bree'osh,1,504,0.012392330247080014,0.03619711951637684,0.0062961970702633645,0.5523864609187714,0.25186815357393777,0.039820649609614546,0.10103909386135264
Bree’Osh,1,29,0.011460464945512549,0.0705214568056519,0.0022549723728623587,0.4363609206268628,0.3319815345718686,0.033625667625717,0.11379496315654748
"Bret E Davis, MD - Sansum Clinic",1,5,0.049877863936126185,0.14903496289625762,0.02391565048601474,0.2575887331040576,0.49703764319419863,0.01199331218376752,0.01055185417644674
"Brett Gidney, MD FACC FHRS",1,7,0.09684654458292888,0.061246300881196314,0.16283182883801464,0.2659288012988067,0.2845393127229597,0.10126003433418058,0.02734722020769754
Brews at the Beach,1,15,0.01586398687213654,0.03257431063490604,0.005403273269378847,0.4215224042845269,0.29475530606384076,0.050932483681632786,0.17894823402166363
Brian's Heating & Air Conditioning,1,13,0.0868975202588794,0.025681423439751685,0.004588391036332453,0.2896067998819769,0.42208121742050236,0.06008126301905852,0.11106336618272153
Brianna Stewart Designs,1,10,0.03874648658093061,0.00571797968586903,0.04919547410681839,0.4868647761642933,0.20872917845845218,0.014700810494832638,0.19604532569646832
Bright Floral,1,6,0.007179037279759783,0.00577742565656075,0.005842919083079282,0.5757817112219831,0.20422395722319678,0.0034050515387206667,0.1977898877424498
BrightStar Care - Santa Barbara,1,6,0.06619329137417175,0.22713924676645544,0.007682093457939666,0.4990240799282522,0.15209381266807512,0.018385147287820734,0.029482305748388116
Brighten Solar,1,24,0.013106719959371987,0.006851113568700346,0.004085264942356479,0.514755376871714,0.32647332613123575,0.0044397151893159495,0.1302884694935831
Brighton Collectibles,1,10,0.05681877649622032,0.15045693975989702,0.06202149872842706,0.32287084033014246,0.20016413098201155,0.042605773138347965,0.165062049543485
"Brisas Del Mar, Inn at the Beach",1,197,0.008293603982145228,0.04463292340373351,0.011312844563242433,0.5269241877284898,0.24362505891308336,0.03563581026090673,0.12957557202505918
Bristol Farms - Santa Barbara,1,64,0.0402964017939666,0.1305690158533252,0.009358475249427968,0.3282320386497304,0.2478165306820301,0.03510305722738844,0.20862447986837646
Broad Street Oyster Company,2,78,0.007695393496527265,0.03346871029964692,0.01297681691842925,0.5192401486998185,0.2861367913130193,0.00841780452099505,0.13206433890482933
Brooke Bacon Photography,1,5,0.01063975789584214,0.026626593200489823,0.01275819602888074,0.6623165488243103,0.11951496899127953,0.019105913303792438,0.14903801381587978
Brooke Williams -  Keller Williams,1,10,0.0115955233923159,0.00613538768375287,0.007306784007232581,0.27212295881472526,0.5442624284885824,0.09660445263143624,0.06197249195538457
Brooks Institute of Photography,1,5,0.12821039168629794,0.3937624221667647,0.00367944024037564,0.22080851975479163,0.21080836011096832,0.0097804128192365,0.032950440328568184
Brookstone,1,11,0.2396996704946187,0.17861722521907222,0.11418208280916914,0.08013474372406061,0.08582639924927865,0.14868973379700695,0.15285011550242247
Brophy Bros - Santa Barbara,1,2978,0.016150292854259916,0.08482657701532575,0.011651488895122939,0.4642588272690724,0.3027126491897757,0.03948992338212755,0.08091024328740329
Brown & Brown Insurance,1,8,0.07789740333100777,0.14045838580932463,0.12614784628385675,0.17473423528281268,0.40997073426842684,0.04923199239419768,0.021559474014793474
Browning Plumbing Construction,1,11,0.02943047804927279,0.025156220251863603,0.0879375062544237,0.14648359840397127,0.4205320230261846,0.042862755373458926,0.24759744683449914
Brows To Brazilian Wax & Skincare Salon,1,30,0.025389031359615375,0.0952089542911077,0.07290155553491781,0.28513985317355645,0.2899783653828004,0.051792672412314715,0.17958957099278142
Brows by Daniela Renga,1,16,0.05920377187430854,0.014640046705608213,0.008568311957787907,0.3810584210732486,0.47420269087888295,0.008317118335980863,0.05400963830470568
"Bruce Akoni Yong, DC",1,11,0.028464883830482936,0.0587625859294679,0.03479180264350193,0.30345673892985686,0.22296248228204518,0.22426130021498958,0.1273001979359171
"Bruce R Bailey, MD",1,5,0.008266104944050261,0.02898171329870818,0.17124586345162238,0.3029140687547624,0.45846791565418243,0.011171060148626519,0.01895329188555474
Bruce's Auto Repair,1,15,0.06746041740601255,0.028619783790782054,0.005767005887658607,0.3151964321111639,0.48716822961966194,0.015467125208427452,0.08032100295337534
Brummis - the German Taste,1,112,0.012343410798036606,0.0715021710150592,0.014964378697706133,0.5124816082466818,0.25684092539761744,0.037005318685260094,0.09486219785425674
Bryant & Sons,1,37,0.0640569748356938,0.024739472170335175,0.023565318715456522,0.2603276727242848,0.37526845847684387,0.03673889046862114,0.21530319795616573
Bubbles & Beans,1,13,0.09468791499519001,0.370474767504045,0.06710125166976534,0.12028773090927498,0.19501743300889543,0.05591727377703552,0.09651363155661291
Bucatini,1,281,0.026706927117901506,0.17088255079942039,0.019841500773182377,0.372210407922926,0.22291077148530536,0.08491471516394328,0.10253312730220444
Buckles 'N' Brews Invitational,1,10,0.00247131782816719,0.00422517542610873,0.00309534590924153,0.8033954069018364,0.13773454409092661,0.00424534357152875,0.04483284261077638
Bucks Movers,1,7,0.08320551106174075,0.061970251554157536,0.0029910494506890715,0.15009260397138338,0.4384606154635548,0.005590365334813029,0.25768959775034866
Buck’s Specialty Movers,1,8,0.04752906455541956,0.05850770929828283,0.0021106348576722125,0.2993406775931362,0.3987665376625955,0.12963922158814964,0.06410612771287556
Budget,1,12,0.19462512037716803,0.31890249380376184,0.014131507341517075,0.04061005419013475,0.2546172712463885,0.11568671736555791,0.06142681528581303
Budget Blinds of Santa Barbara,1,11,0.026825165418399955,0.09018413019260726,0.004397265070689446,0.2587652434806593,0.42725024897266517,0.08119869970885862,0.11137925672598857
Budget Car and Truck Rental,1,17,0.2204243584864718,0.23563746742986358,0.142176401335746,0.07210303480764298,0.16092168991727862,0.027557414244202962,0.1411796179873978
Budget Rent A Car,1,5,0.02848315695300694,0.02843078442383552,0.011960321967489963,0.37265792889520527,0.3058321457356214,0.018468214850872723,0.23416747674345967
Budget Rent A Car System,1,20,0.19345160550437862,0.2194970154028851,0.09701097372453656,0.059371386561542706,0.24671216076239938,0.05246598368976261,0.13149089214857662
Buena Onda,1,419,0.011605696119745889,0.02167599772883581,0.003591574836013284,0.5402384254799962,0.25160429350473873,0.019795999848083737,0.1514880101953306
Buena Onda at Mosaic Locale,1,35,0.039937938686593254,0.033003074915281316,0.0021995600221478514,0.44151551080202417,0.29926350569086413,0.03927364779104074,0.14480675501482826
Buena Tile + Stone,1,5,0.14349699895828957,0.17910278709605332,0.02347638995852316,0.15102138796355574,0.3214680429548025,0.02434544535353776,0.15708892382681366
Buena Vista Care Center,1,12,0.15608591843435227,0.33367485710186884,0.15677788721707955,0.06309069124593707,0.1551793043230039,0.045448673520392384,0.08974265873742597
Built-Rite Auto Body,1,5,0.02526983735151584,0.021140142402145963,0.09168314493726934,0.29539827201515434,0.4792174888774753,0.01331223524175582,0.07397890090942377
Bunnin Chevrolet,1,197,0.07319087825117505,0.08025252321548283,0.04071649662936976,0.4090018118876458,0.19598212946965096,0.060804668310757794,0.14005149179729182
Burger Express,1,9,0.0057665736983633226,0.07179146257436105,0.18187293667708415,0.3387555657472048,0.2552689148320092,0.03319268017852053,0.11335186856902306
Burgundy Blue Photography,1,178,0.013083645758046358,0.008502071957971086,0.012081184298234285,0.6965257265229625,0.15407926083824938,0.010795457729104375,0.10493265598714138
Bushnell Moving,1,26,0.060227760409291495,0.03191367146344133,0.02866363297597178,0.2965116180981008,0.2968043226103943,0.06867964547620006,0.21719936576062954
Butler & Co Salon,1,6,0.01857219564650825,0.009702165824516317,0.0064706401220367,0.612648282200098,0.17873761119941867,0.04233513019668555,0.13153397943824527
Butterflies and Bikinis,1,24,0.09168366693969192,0.09802467299353636,0.031049178639174543,0.18463740358856737,0.23912624622850365,0.14320378946528453,0.21227503876434636
Butterfly Beach,1,126,0.005521753782569013,0.04743863426269922,0.015326334498471548,0.5697475254608666,0.2730150671845804,0.031865019346624265,0.05708566594624977
By the Sea,1,5,0.057761735375970534,0.2305681368336081,0.006824197527021139,0.28838049536570903,0.15385175598785278,0.06374007714912291,0.19887353619560594
ByCherry Photography,1,73,0.01114643617431079,0.010366677559357192,0.03830253965881559,0.6246660176332887,0.17657334968281832,0.005379599692899534,0.1335653789845384
Bysun Building,1,5,0.014531823154538801,0.01403197776526206,0.0014412289834580799,0.25917058289051054,0.5525097727775574,0.00342387175187468,0.15489073321223257
C & L Heating and Air Conditioning,1,39,0.05029190859745418,0.025927715052743033,0.028918107464097585,0.33069219130377925,0.40859373623075396,0.03884462758194269,0.11673171219463718
C & S Automotive,1,12,0.03708826702010501,0.03388616009033281,0.005536018026759799,0.4038514577938865,0.29988361724341905,0.037775852950289804,0.18197860584283865
C'est Cheese,1,275,0.010976698600306044,0.03601258938920425,0.00736296609477982,0.5661111634110355,0.2524026768993247,0.02477201069620518,0.10236189417752688
CA Pro Home Inspection,1,5,0.028711611032485918,0.009684450773056559,0.0091148768406128,0.632911217212677,0.27761784428730607,0.00482882016804062,0.03713118266314264
CB Paint and Decor,1,5,0.0107567956671118,0.005416061822324921,0.1466501645627431,0.44711948148906233,0.19053081721067425,0.00494012124836442,0.1945865580812096
CBC & The Sweeps Apartments,1,48,0.024084800752461843,0.16918143212205902,0.03990403675561533,0.37599245153433003,0.3128544872985609,0.0364600569203806,0.041522724808601155
CEC Electrical Services,1,12,0.16140444345849875,0.07315690124717845,0.05386369775078489,0.3299877172006139,0.2613331070169806,0.02705880592111493,0.09319532701435185
CHOMP on the Rocks,1,28,0.03866208399371572,0.15253727376278087,0.0030502121953758857,0.5179956552809537,0.1529376868690763,0.07972889435976474,0.05508819826146849
CNJ Nails & Spa,1,52,0.08825042249205017,0.2227295533957658,0.03260949738558752,0.3107117520513174,0.15680559474724126,0.08463560626842076,0.10425757401389996
CRAIG PRICE INC,1,5,0.16485136505216352,0.014309117663651661,0.00498262175824488,0.04396933147218074,0.6236907482147217,0.01006480609066778,0.1381319738924503
CRSVR Sneaker Boutique,1,14,0.01786386524327094,0.11013105088828261,0.06095616084556756,0.10940994990856515,0.4114597155047314,0.06142769160214805,0.2287515680738059
CVS Pharmacy,11,408,0.14438995073706948,0.22285220304668954,0.058989234608851956,0.10827295215591111,0.2319408881166429,0.07142138325662904,0.1621333887230196
Ca' Dario,1,692,0.02876814541878306,0.1233298470212077,0.010003969907864705,0.4437628673569813,0.2613558342722056,0.04809967822222319,0.0846796567362364
Ca' Dario Goleta,1,177,0.021210661731163084,0.07944006806747236,0.007913706194011492,0.5176294084704457,0.2115974319088509,0.04948374258530568,0.11272498041701809
Ca' Dario Pizzeria,1,122,0.024369541606216905,0.08442677531752074,0.004156514894184763,0.44436293461569487,0.27208456307932055,0.05686399887781586,0.11373566553000448
Ca'Dario Pizzeria Veloce,1,34,0.042540851062821065,0.21640647927586754,0.011470903694691255,0.3214582930822336,0.23566112054429725,0.11067160880124631,0.06179072932504552
Cabana Home,1,9,0.01422082436167529,0.0086731225278021,0.0159067037618822,0.5922666647368007,0.3016316713765263,0.007269884951205666,0.06003112149321367
Cabo's Baja Grill & Cantina,1,69,0.030451826572391167,0.1203418754208225,0.027583159392014552,0.33395473102607043,0.3451986416526463,0.055364087004673386,0.08710568347284431
Cabrillo Beach Bike Path,1,5,0.0039892573375254195,0.005262700468301721,0.0019777500769123,0.7106179177761078,0.24976989924907683,0.003965685889124821,0.02441681907512242
Cabrillo Inn at the Beach,1,122,0.06925528612442035,0.19004122416305613,0.03114991685681872,0.23905527265694707,0.27481276025904,0.06450328049459872,0.1311822671359252
Cabrillo Pavilion,1,19,0.005641245166771074,0.007336831847695874,0.0027949358857432263,0.6281941814446136,0.25200511221038663,0.008711434643421459,0.0953162540436575
Cache,1,8,0.2771475882036611,0.5033411250915378,0.01847731755697164,0.001412733668985275,0.05689089838415379,0.015221473819110477,0.12750887160655106
Cadiz Restaurant & Bar,1,729,0.017174625830259766,0.0647935937779964,0.01110877279805501,0.5535749193144079,0.2046393505374253,0.037447563728824754,0.11126117492808454
Cafe 154,1,10,0.00912228226661677,0.11072633961448441,0.0018136192229575797,0.44749562996439635,0.31066721985116597,0.08848543036729092,0.03168946402729484
Cafe Ana,1,91,0.009242132350874014,0.1092569049016654,0.004549948454790978,0.5607223998234546,0.18317942728114484,0.0310333708574954,0.10201582159580926
Cafe Buenos Aires,1,57,0.007431777080790533,0.09341039893568669,0.005179859231136237,0.34011632087844695,0.29211809357072693,0.1763178380206227,0.08542571371225145
Cafe Equilibrium,1,96,0.027603245311183803,0.1003862257590905,0.011949009993259043,0.3973018303140634,0.3507424006529618,0.034539851725033516,0.07747743907020772
Cafe Int'l,2,71,0.033965180869030547,0.1667283417289735,0.018351396101012014,0.256061184276174,0.31919804505977617,0.06921469329275894,0.13648115343440476
Cafe Los Arcos,1,10,0.016086334036663118,0.268386194575578,0.0038555866922251104,0.15724678160622713,0.45973855182528495,0.05190220293588932,0.04278435920132318
Cafe Luck,1,56,0.0264641507258472,0.0872231768215507,0.0071840080345281785,0.34051292232470587,0.3455794628742816,0.08091395804201182,0.11212232050768627
Cafe Luna,1,89,0.01958087565419207,0.08140824984214944,0.011743192111986914,0.4718231440801697,0.23748431177391258,0.07884615493854609,0.09911406856145329
Cafe Shell,1,21,0.013176711589386195,0.2339470251130738,0.019868929737380518,0.3700706860219638,0.23385264061480046,0.02322883958307401,0.1058551693484852
Cafe Zoma,2,38,0.021081916712175422,0.053781021732567325,0.002762589000906795,0.5674495610506519,0.25071983799142267,0.044017361277885886,0.06018771338399103
Cafe del Sol,1,36,0.013027460977253975,0.09204814087327877,0.02313304689192183,0.4481581629693715,0.3044995798004998,0.06458525360277333,0.054548361377480085
Caffe Luxxe,1,52,0.04772490096197889,0.09687193203381651,0.0173668179844613,0.43145624263874754,0.2608064099555262,0.03840452631210116,0.10736917261293942
Caffe Primo,1,120,0.02272825068988211,0.10213591364639187,0.017994168639658355,0.4576387821090369,0.24555421660188584,0.0449776137664836,0.10897105785552408
Caffè,1,8,0.0722491110791452,0.2110728101688437,0.023120448880945277,0.2889734741693246,0.33847643551416695,0.0346852327638771,0.0314224879839457
Café Lido,1,12,0.01993020317361996,0.059629901302590306,0.024909133809463403,0.28621350108490634,0.4887390782435735,0.026533614960499066,0.09404456980216001
Cage,1,20,0.06391577290487471,0.1710954185109585,0.017291380162350788,0.3783032196166459,0.12270092223770912,0.14526570690795776,0.10142759402515363
Caje,1,4,0.0378861131612211,0.21492787811439484,0.00199782090203365,0.4491128865047358,0.20412167534232137,0.007817378267645801,0.08413624297827478
Cajun Kitchen,1,16,0.06206282503990219,0.04521595930782491,0.0025392492007085313,0.41401358002622146,0.3464189199730754,0.031893816754745744,0.09785561218450306
Cajun Kitchen Cafe,5,1533,0.01893613150834471,0.08377415420256208,0.012377919524694855,0.4179522887156913,0.31578584237735585,0.04368687283488585,0.10748679123185383
Cajé Coffee - Arlington St,1,72,0.005002879915991744,0.03082360684008255,0.018932644710326258,0.6182049680695249,0.18963336890899676,0.030801794543448377,0.1066007449561665
Cajé Coffee Roasters,1,36,0.010992629385630864,0.07244813789535931,0.005098897144812773,0.627969468039939,0.157064067122216,0.011650582646123186,0.11477620593763677
Cajé Coffee Roasters - Haley St,1,243,0.013456240186655517,0.030393950014285038,0.004564030073777582,0.5685857329512812,0.2176994076223829,0.01843519926496581,0.14686543228097043
Cajé Coffee Roasters - Isla Vista,1,266,0.018130111337387258,0.0522860242351469,0.010046371810673863,0.5298609748565639,0.27033576764134837,0.0401386004891001,0.07920215410990916
Cal Coast Adventures,1,185,0.009936500741231735,0.006640514238057858,0.015178331791901459,0.6695267184964708,0.21292210779077295,0.012461938415150541,0.07333388939386583
Cal Coast Locksmith,1,22,0.01675460280173198,0.008119348685299418,0.02235731982562517,0.21998733486345204,0.3952609200919555,0.06139874147695738,0.2761217391287738
Cal Dermatology,1,8,0.03674561996012921,0.05486284583457741,0.10056210181937782,0.441939864307642,0.29141726763918996,0.027806726779090175,0.04666559235192831
Cal Taco,1,198,0.03238415149172218,0.09508921196737152,0.004376678360829483,0.35564334007042386,0.37386863997366016,0.04118906401128344,0.09744890781138277
Cal-Orchid,1,15,0.09024791408640638,0.06772556250604486,0.00809429640648882,0.36774489539675415,0.3207481723899643,0.050499621592462005,0.09493956662093596
CalBurrey Roofing Construction,1,5,0.060417107865214294,0.10465994870755817,0.0033735341276041595,0.5768550899811089,0.21254349071532488,0.0098353971727192,0.0323154272511601
"CalCoast Glass Tinting, Inc",1,15,0.03612980548447616,0.0455370429049556,0.0038407171552534663,0.34697792357765134,0.46181459402044617,0.016156198099876413,0.08954370149100817
Caldwell L M Pharmacist,2,17,0.22919636953841235,0.1430418405216187,0.0073251681580372,0.1328562206574989,0.3504166813457713,0.08971833801992672,0.047445369555669636
Cali Color Beauty Bar,1,51,0.012352540622255265,0.025456277154244474,0.04205500956638437,0.5630123990624412,0.15930157441499768,0.03408141219394971,0.16374079654833262
Cali-Forno Pizzeria,1,16,0.04116511588654244,0.11245356647123113,0.003461500284174656,0.5480585558216262,0.16718504932941863,0.05802398444211571,0.06965222320286552
Caliber Collision,2,73,0.04148734158562007,0.044325368439025924,0.058774793559640645,0.29827753114769207,0.3736154996400877,0.03303129125979712,0.15048816351360342
California Avocado Festival,1,53,0.007421909201064292,0.05067089898621588,0.010071364919466077,0.4978568295175034,0.26488030960185904,0.061133563927076015,0.10796513860465357
California Brew Festival,1,6,0.003024342906428433,0.0027492073325750335,0.0009191115047238833,0.8548153837521871,0.08589087706059213,0.0043891904254754,0.04821187661339835
California Cleaners,1,15,0.14773905075465638,0.21012284557024632,0.008576319009686468,0.10818963743901498,0.22874553576111792,0.05232084666689232,0.24430574507762987
California Closets - Santa Barbara,1,16,0.08784935847506854,0.028608382424863476,0.09309904578367419,0.3567501034303859,0.27024522621650243,0.03456172576261447,0.12888617880525996
California Crisp Cafe,1,10,0.01233756530564272,0.07044149744324382,0.00271754945861171,0.2409856029320508,0.37773262299597266,0.022523000463843278,0.2732621867209673
California Defensive Driving School,1,6,0.08017007011221718,0.056695501979750845,0.013097875382906401,0.3172582202435781,0.367273781603823,0.014109437353908967,0.15139510552398855
California Electric Supply,1,8,0.09998011338757347,0.15213853071327316,0.09240979858441274,0.2929255728522548,0.2762485477142036,0.01063339764368715,0.07566404889803374
California Gold Ballroom Dance Studios,1,5,0.011066889995709001,0.00820578392595046,0.18389135932084172,0.4487623147666454,0.28956621214747424,0.005038069188594741,0.053469330165535144
California Hobbies,1,15,0.1015493325113008,0.08237805607107775,0.008427037710013446,0.3333171719995638,0.288717157766223,0.009163567679934167,0.1764476766188939
California Lemon Festival,1,6,0.021771552041172915,0.3489757272958134,0.007632723320663551,0.31355394178535784,0.1500137844122946,0.09276322710017358,0.06528906025535734
California Pasta,1,289,0.019508677256610967,0.15930790484703228,0.015490804707057802,0.4209664245305267,0.22572286123696672,0.06500774019866674,0.09399558769887031
California Pizza Kitchen at Santa Barbara,1,192,0.04749559309796794,0.1720609790718299,0.02032714294546163,0.2906327845533572,0.2640896932886486,0.07593766679201504,0.12945614228192423
California Retina Consultants,1,7,0.021905147537056857,0.014815833353038285,0.19421333972630753,0.30217977653124495,0.20204330980777738,0.08607122897436573,0.17877135199627703
California Tacos and Taproom,1,52,0.011938281431167265,0.04320506797543758,0.0035492522242397983,0.486914298712061,0.2056095473683224,0.0660693322245676,0.18271421533651072
California Trike,1,23,0.008283192357655731,0.003431324616742639,0.004467748420606517,0.6486355995597399,0.1753605486946585,0.03880918945651496,0.12101242031254196
California Wealth Advisors,1,6,0.1107663044240325,0.030210567715888186,0.14603578827033437,0.20698807623314977,0.43930162365237874,0.014760573433401633,0.051937030085052016
California Wine Festival,1,7,0.004825171199627171,0.011326567294807799,0.011581338792374043,0.6228040472737381,0.1069363774731755,0.19723290550921638,0.04529358180505884
California Wood-Fired Catering,1,5,0.00509581447113298,0.00614557736553248,0.00121810208074744,0.5830570179969072,0.19866002369672056,0.004468415770679661,0.2013550702482462
Calla Gold Jewelry,1,53,0.01621619096566163,0.0064280538419963975,0.03389863847076168,0.46139025982504467,0.2454107676913856,0.03126148979469496,0.205394609471045
Callender's House of Glass,1,15,0.06143364774373666,0.04305534286734954,0.014705155137926309,0.3007841074373573,0.3960941524555286,0.061397183034568974,0.1225304287547866
Calvary Chapel of Santa Barbara,1,8,0.005767866583482775,0.0061328589363256,0.002836676758306513,0.7357020378112793,0.16699743043864143,0.011182589849340676,0.07138056383701039
"Calvin Kim, DMD",1,56,0.038953943260172,0.04507208393105035,0.06952217877239616,0.31625355662462035,0.2811436358273827,0.054790251734500174,0.1942643521927363
"Cami Ferris-Wong, DDS",1,8,0.0051111969078192,0.011443908122600925,0.32829937493443134,0.21985466046317012,0.3338763374486007,0.006840509740868525,0.09457402612315488
Camille The Day Spa,1,7,0.008426370198971415,0.28031425600472304,0.002990602282807186,0.5185062024975196,0.1659338202859674,0.009034332885806,0.014794392843863743
Camino Real Marketplace,1,15,0.0042728421278297405,0.011027665808796827,0.0025006512645631535,0.40110686297218,0.4359780934949716,0.025717823704083705,0.11939607113599775
Camp Canine,1,107,0.02161318068087932,0.056228512628265025,0.0805659942923518,0.5027976353012491,0.19485621634766317,0.05917252142256487,0.08476593862635853
Camp Canine Training Center,1,10,0.012507895310409311,0.006352192792110111,0.22285530478693544,0.2824780128896236,0.2627007863018661,0.00458044206025074,0.20852537541650235
Campus 880,1,29,0.14325265291122846,0.3576026483487081,0.0991626729715037,0.11165896217952928,0.12395557251373496,0.048959853573188404,0.11540761685946245
Campus Cuts Hair Salon,1,28,0.08824200856698938,0.2789597597033467,0.04399543642232722,0.19497953736468582,0.2763009454855429,0.0478844216060159,0.06963789790669185
Campus Point Beach,1,6,0.003551892218335183,0.0061518003737243004,0.003019990845738533,0.506633865647018,0.3701261741419633,0.08104079189555093,0.02947547892108555
Campus Point Coffee,1,10,0.01994117272552096,0.03528316572774198,0.07962332111783321,0.5757199050742201,0.2024514771997928,0.01297679040580985,0.07400415753945704
Cana Flowers,1,5,0.0236794741824269,0.024952494632452683,0.08545056623406704,0.2557996133342385,0.2609335273504257,0.15393584622070192,0.1952484870329499
Candice Marie Photography,1,7,0.011176220889735399,0.004681220219936158,0.1356982636747748,0.5137438476085662,0.13126545003615314,0.0031852938201544145,0.20024968128252235
Canine Country Truckee,1,12,0.047968208246553894,0.13623782131859719,0.1982705703412648,0.317002439929638,0.2557436327915638,0.02428581850836049,0.02049148703614865
Cannamed of Santa Barbara,1,8,0.3122990226838738,0.16434329748153684,0.007959058450069225,0.17979588288289958,0.09444174997042859,0.21647660259623075,0.024684390460606602
Cantina,1,117,0.011676659980693255,0.08788606514616937,0.003644958004264834,0.26770430466490513,0.4234910978115777,0.05948755148754443,0.14610936309302494
Cantwell's Market & Deli,1,144,0.04270958186275994,0.17010999091265447,0.006344765656952657,0.2565906435928708,0.2802184078092169,0.108845229923544,0.1351813818222985
Cantwells Summerland Market,1,51,0.017380337397494835,0.13415531458917487,0.031125450212914695,0.325119682677848,0.2557932329181508,0.08002851295339705,0.15639746119724765
Canzelle Alpacas,1,135,0.008217076982664651,0.024446761970304733,0.011561049810714145,0.6927287001994922,0.15850889535827764,0.03339080595049174,0.0711467066141604
Capitol Hardware,1,20,0.14298885422758756,0.11186370843788604,0.01182513363310131,0.28365522241801955,0.2404251169878989,0.06697961802128698,0.1422623477177694
Capri Apartments,1,29,0.1281915270835803,0.3421266763210136,0.06011126082237997,0.2101791048490699,0.15105950994545528,0.03848723590711192,0.06984468735754486
Capritto Paul A,1,6,0.20623170103256896,0.14172758276496703,0.07692888191862339,0.23965853832972542,0.2797061067928249,0.016473034241547134,0.03927413808802758
Captain Fatty's Brewery,1,115,0.01654984351429759,0.0515255246384818,0.007837015920085781,0.5453932652422024,0.27772712087987556,0.01858161810238881,0.08238561175480157
Captain Jack's Tours & Events,1,317,0.023858515868714025,0.03223514658362565,0.01427770860936438,0.6017528196522446,0.18588760633268375,0.017498315701794352,0.12448988858557504
Car Stereo Guys,1,70,0.06847580829967873,0.05869135815384127,0.07799506909213955,0.23904711227681083,0.3673676320418183,0.03227475652570965,0.15614825926188908
Cardigans,1,19,0.004884987469076269,0.00900978653226042,0.0017387206730505734,0.8137134702288007,0.09169954646035632,0.0053457354599805475,0.07360775567787252
"Carin Craig, MD",1,7,0.013678094372153228,0.03810475813224907,0.11494477319398091,0.4383579487579742,0.2785041390785149,0.08292615746280975,0.03348413708486723
"Carissa Cassone, LE",1,6,0.11432936892379074,0.07505842787213618,0.0914777318636576,0.3865028406338145,0.13146959555645782,0.019119729578960635,0.18204230900543425
Carl's Jr,3,92,0.07577267665866474,0.17080404903643517,0.042549175909421685,0.2541404427332884,0.24966736899628098,0.07402764314674241,0.13303864885529035
Carl's Jr.,2,20,0.11090941580478098,0.1391722521919291,0.01644173657696223,0.20050320596928936,0.2952346983365714,0.08799709487939249,0.14974159352714192
Carla's Cottages,1,6,0.0020494345032299,0.003962610110950917,0.0012246094605264167,0.8277280131975809,0.05519229033961889,0.09654945736595734,0.0132935918712367
Carlitos Cafe Y Cantina,1,745,0.02389003547461661,0.11625586342193095,0.014994443967882118,0.45891001492632466,0.24101894095590046,0.05014673837135548,0.09478396485823722
Carlyle Salon and Style Bar,1,179,0.022428159851401314,0.027439558257117257,0.04962018477618585,0.6252322805623977,0.13386223922800997,0.018368695303927745,0.12304887712501276
"Caroline White, L.Ac",1,18,0.061284265881921623,0.014020044266039255,0.08838260149867787,0.4264461513602227,0.31954415227907396,0.03012277315267254,0.06019998111555142
Carolyn Rife Photography,1,10,0.013000292936339922,0.00502008715411646,0.0025161546247545,0.49753154497593644,0.202614814043045,0.00496248158160592,0.2743546027690172
Carp Kitchen & Grocery,1,17,0.006446280626251353,0.018187163048423778,0.047872494382318075,0.5797764884088846,0.2365326714866301,0.0160920236136435,0.09509288026567764
Carp Sports,1,9,0.012529319126365878,0.03737585099103545,0.06632296431861398,0.2542912223014152,0.3594295535650518,0.03176530741620805,0.2382857989933755
Carpeteria Carpet One Floor & Home Santa Barbara,1,23,0.011669917097922531,0.011418386863585017,0.08461829961616663,0.38839066682545387,0.3484586646537418,0.024384285713060012,0.13105979422107333
Carpinteria 76,1,12,0.16735295344066492,0.1846537675398091,0.007736273400951133,0.15534731506583432,0.3922330962183574,0.05036254900430012,0.04231404143501999
Carpinteria Athletics,1,16,0.017374706454575006,0.06636178433836898,0.05051417731192482,0.3785866544494638,0.30024802486877883,0.05218558810884129,0.13472906785318622
Carpinteria Barber Shop,1,12,0.006410901027265883,0.010277572146151158,0.004895447265880592,0.4683385423074166,0.22357930398235717,0.12643555154014996,0.1600626786239445
Carpinteria Bluffs Nature Preserve,1,28,0.005702149058509158,0.055305665379689437,0.010654373021679889,0.4885972922867429,0.4031321381085685,0.011214672163727514,0.025393712168027195
Carpinteria City Beach,1,22,0.018715802328766875,0.0734952826142861,0.007158413120619486,0.5111569440156348,0.3434364509091459,0.021494661955247504,0.024542448454832774
Carpinteria City Hall,1,9,0.002518200690651067,0.003160878330365611,0.0021131414654922886,0.7300654451052347,0.21906895956231484,0.01764797877209879,0.02542539347066643
Carpinteria Coin-Op Laundry,1,12,0.15639579695804662,0.25860166293568904,0.08688904205337161,0.053498370058756885,0.22422795005453125,0.0813993605455228,0.1389878097591766
Carpinteria Cotton,1,6,0.13121220995283991,0.1814004377811215,0.01930088126876697,0.31664626362423104,0.1429592045024037,0.16369590087560934,0.04478508994604147
Carpinteria Eye Care,1,9,0.008195490628066944,0.009655479471095678,0.0042796086054294885,0.4800004204217758,0.29231078922748566,0.1440521356028815,0.06150608038943669
Carpinteria Farmers Market,1,5,0.04714757644105698,0.10773475831374521,0.01286397697986098,0.42119740140624345,0.19596593985334035,0.028795293928123977,0.18629501087125383
Carpinteria Foot Spa,1,16,0.007262812967383019,0.06748725315992483,0.016740775245125357,0.5209997613546875,0.25130358512979,0.018018014132394414,0.11818779789609832
Carpinteria Glass Company,1,5,0.08915471788495775,0.08420267472974952,0.0035458820406347,0.32624466423876586,0.4120438158512115,0.04506508195772762,0.03974316529929634
Carpinteria Library,1,6,0.14944528743702296,0.14418380612429849,0.007960570010861033,0.35127212570902583,0.2922088753742476,0.032906163270429986,0.022023122292011917
Carpinteria Lock & Key,1,70,0.03286868790497201,0.011214934189670804,0.05605812374519045,0.3068735554681292,0.45238760908001235,0.016770264206986293,0.12382682826636088
Carpinteria Nails,1,29,0.08058146263697533,0.20410205318054567,0.018812298407408785,0.3214728881299881,0.19650999360300342,0.040206228780303235,0.1383150676747077
Carpinteria Seal Sanctuary,1,25,0.02048857827670869,0.04336263273376966,0.023673546023201136,0.360051183765754,0.4087866248749197,0.02554433008190241,0.11809309560805556
Carpinteria Shores,1,8,0.0292467422987101,0.06256458013376684,0.051964736427180414,0.24677315074950454,0.3150798252318054,0.15119862585561344,0.14317233650945121
Carpinteria State Beach,1,243,0.04144374046229404,0.1434588682421707,0.025748715870831603,0.34407718538535653,0.32163694739646426,0.05145288086371729,0.07218166709390805
Carpinteria Surf 'N' Suds Beer Festival,1,12,0.003824375637729292,0.004690085920932033,0.0014665691511860249,0.7068332508206367,0.19558046952200428,0.019372294715139977,0.06823296096020684
Carpinteria Swimming Pool,1,6,0.059131964187448184,0.10992052716513469,0.006869708381903616,0.20590393934010834,0.3345027280350526,0.041231969681878845,0.24243915329376853
Carpinteria T-Shirt Company,1,8,0.04974979043618072,0.13804911819170226,0.0034431509011482748,0.4200449645286426,0.2920349123887717,0.013586702334578087,0.08309138042386617
Carpinteria Valley Lumber,1,18,0.04371180826435896,0.08263478497651194,0.003493198410271511,0.42593891615979373,0.20737069912461767,0.056566715738477345,0.18028387571555662
Carpinteria Veterinary Hospital,1,52,0.017454399033270444,0.04932820391303926,0.03323929662292352,0.4366483264110194,0.32237926584023696,0.07301803349848618,0.06793247154788468
Carpinteria Wellness Center,1,35,0.03142586856847625,0.06303393728365851,0.049202590301865655,0.46325472483295016,0.2278599718951487,0.03300113889854397,0.13222178198463677
Carpinteria Wine Company,1,10,0.0052156441612168595,0.00437754832673813,0.00171199362957844,0.6871000558137894,0.17472354285418984,0.03820912619121367,0.08866207078099247
Carpinteria and Linden Pub,1,33,0.0200148515286855,0.09809384291293095,0.028383138796815487,0.4448309326271004,0.2169514543263975,0.08623072231244856,0.10549506856213235
Carquest Auto Parts - Larrys Auto Parts,1,39,0.01945911225182214,0.023453250802002612,0.004962146367268731,0.2917484781489922,0.47391819352140796,0.05073335651570974,0.13572546118536052
Carr Winery,1,165,0.02102470811752767,0.03273789829690936,0.009645589640025338,0.6036240188390807,0.2251047898027481,0.023288203758949536,0.08457478917641278
Carrillo Dining Commons,1,7,0.048656535559400325,0.12212551699485626,0.003149722927316443,0.3695003483943375,0.38599903928115964,0.022594246065377084,0.04797458868207671
Carrillo Recreation Center & Ballroom,1,6,0.004260771519814867,0.01110486127436155,0.002139601604236867,0.4630286296208699,0.3837151975215723,0.007736151514109183,0.12801476661115882
Carrillo Union 76,1,6,0.2622252874231587,0.14717661527295903,0.003851560351904417,0.18142691223571694,0.2998489209761222,0.02991320743846393,0.0755575218548377
Carroll Plumbing & Maintenance,1,29,0.07842530686697308,0.09984424145057279,0.023831200280130374,0.0986196254219474,0.46225815139518217,0.06280911772046234,0.17421235118446676
Caruso's,1,91,0.01770060857985635,0.07309534335521731,0.011862365171059935,0.49141072675810904,0.21319328994582312,0.0557602198185542,0.13697744197734105
Carzoid,1,24,0.06228423521194292,0.021967917350896895,0.10643139919193341,0.32229279541449307,0.3368344242141272,0.03525264204169309,0.11493658125012489
Casa Blanca Esthetics,1,9,0.006827718604149055,0.024574533803388424,0.008664815576695278,0.46377526389227974,0.4135787437359492,0.012498694187444067,0.07008024822506637
Casa Blanca Restaurant,1,675,0.03056097331732783,0.1785776607139484,0.01893295255586655,0.3794828404836288,0.22050888235973948,0.05981183837176538,0.11212485270962735
Casa Del Mar Inn,1,196,0.021260193879335917,0.09070672979221998,0.01586359962215167,0.4668039711970629,0.2829970276429869,0.04371314842256295,0.0786553336347795
Casa Del Sol,1,51,0.04477860440052675,0.35884366390140104,0.08970157382667387,0.17816664546319536,0.12111040320265669,0.04759280032971322,0.15980630635293014
Casa Don Roge,1,35,0.008314297534525346,0.053821396608171666,0.0024237161718441455,0.45341370234798106,0.33387472974136473,0.030934706316994718,0.11721745271268962
Casa Landscape Maintenance,1,6,0.1568335490301251,0.080103635128277,0.007194375638694767,0.07297635010521233,0.4988335979481538,0.036209721583872985,0.1478487617957095
Casa Serena Residential Treatment Programs for Women,1,10,0.05618240716867144,0.03974197794450442,0.08873527916730378,0.2890740772010758,0.3513734328560531,0.06659755192813459,0.1082952720113098
Casa del Herrero,1,17,0.005307110327788971,0.014264489243300035,0.008016451529008005,0.4607904860202004,0.3485195682767559,0.05726469191722567,0.1058371975086629
Casey's Garage & Discount Smog Center,1,77,0.0789417664145494,0.09288743169609356,0.06700708146597097,0.19096806835362007,0.38493499313420676,0.05221439507040009,0.13304624937523105
Cashmir Beauty Lounge,1,6,0.030200988762468666,0.10199169352805859,0.0025126680848188334,0.5243608304687465,0.23393836322550965,0.03954597706130394,0.06744947532812749
Casitas Cleaners,1,5,0.01440089065581554,0.09370423099026079,0.00273697460070248,0.16646558372303838,0.4069719038903713,0.10071770465001459,0.215002704039216
Castillo Inn at the Beach,1,235,0.0343213229541706,0.03407378423726182,0.017579138296051892,0.47197421337477863,0.268102445938882,0.03577341886950613,0.1381756784969029
Castle Construction of Santa Barbara,1,5,0.03115142309106882,0.016014133323915238,0.00527165968669574,0.4167952243238687,0.470606479421258,0.005418455461040079,0.05474263019859786
Castle Refinishing,1,5,0.15620125858113165,0.017652997840195823,0.0023921368643641,0.2792048258706926,0.2745952323079109,0.046676517312880555,0.22327705444768067
Castro's Carpet Cleaning,1,40,0.07923488416126925,0.12605347615899515,0.01883311203782791,0.2636439492664067,0.38189270040020346,0.040425677102757566,0.08991620387532744
Cat & Bird Clinic,1,60,0.0412788349203765,0.07814249272535861,0.04988547157166366,0.24889050348817057,0.38516067049155633,0.08106454122850357,0.11557748152214718
Cat Calls Mobile Veterinary Service,1,13,0.01271082695501923,0.018334572955679387,0.045904157584747966,0.4236763667028684,0.3404377819253848,0.13571101554239595,0.02322528142338757
Cat Doctors,1,31,0.03848153724515386,0.02844542937518483,0.07066654193594356,0.39221235744715216,0.22063202124779982,0.13909635098741177,0.11046575243780085
Cat Therapy,1,119,0.009234167594842156,0.031032883752423034,0.012896767174463059,0.644940378240744,0.1801928786635242,0.0466486698313921,0.07505425865793236
Cate Summer Institute,1,5,0.007808862742967861,0.0075553390197455415,0.0015778785222209401,0.8175142765045166,0.13449093177914614,0.00508344937115902,0.025969309592619484
Catering Connection,1,49,0.019637441666492658,0.033635262257362464,0.005042701419110227,0.4559120150872183,0.2814065145936851,0.006888801792674477,0.19747725798159227
Cathedral Oaks Athletic Club,1,26,0.04146504940357628,0.17714115058053997,0.03440697136885805,0.36856822786816895,0.24266741233161432,0.03746555449638081,0.09828564161076565
Cathedral Peak Hike,1,5,0.020322450995445197,0.00802564863115548,0.029251467809081038,0.04721840471029274,0.687317804992199,0.10881068492308255,0.0990535425022244
Catholic Charities,1,19,0.07006524657021812,0.17769342606372537,0.01381814232904851,0.26147867172594963,0.3411731147574947,0.01941079476014951,0.1163606219679901
Cathy's Daycare,1,11,0.05544322484638538,0.1300318940405056,0.22378052157794376,0.4170927804926495,0.09097186844287944,0.051779599606313446,0.030900129773230676
Cava Restaurant & Bar,1,374,0.018347142280899884,0.08993662542160497,0.014041363499178639,0.5083726804485895,0.22626940354600267,0.040638106007142606,0.1023946749276785
Ca’Dario - Montecito,1,34,0.013734870419070509,0.17927873353405357,0.004395239937687512,0.38807885127607733,0.23823169226456867,0.06827617881080021,0.10800441701019946
Cebada Wine,1,69,0.039974320102887914,0.026997035397115402,0.003679700549253196,0.5897965664103074,0.20681838936887786,0.041177432029170576,0.09155655242131507
Celadon House,1,8,0.0856142483244184,0.1422363465680973,0.0032406618265667627,0.41501288572908374,0.27511608216445893,0.01031920578679995,0.06846058962400997
Celebration Cruises,1,299,0.01471163956822206,0.019972459165777272,0.01103447627814063,0.7300889347827866,0.13901155983038666,0.027244327197405757,0.05793659922115525
Celltek,2,69,0.05509036660963746,0.05843005766265388,0.02563082178265014,0.27916055308499677,0.3453184750767937,0.05224902241531269,0.18412070776727318
Centennial Beer Hall,1,9,0.005487156378674378,0.11021531457340135,0.0021503478185169664,0.42263902268475956,0.1713590401017831,0.1544697707544805,0.13367939644700122
Center For Womens Health Care,1,6,0.07480915441798662,0.2674338320891062,0.024332375188047633,0.15633902531893298,0.24650559170792496,0.10582739229236415,0.12475264390620089
Center Stage Theater,1,5,0.08664942653849717,0.211424135020934,0.01025950184557582,0.029381337063386997,0.41982728727161883,0.018891633953899083,0.22356671551242466
Central Coast Audio Visual,1,7,0.022561316644506745,0.0070306121571255,0.11453191911069938,0.16259985999204216,0.35386840772948097,0.13934278869003586,0.20006511333797655
Century 21 Butler Realty,1,5,0.08017158791190009,0.0077805232722311796,0.053682938707061076,0.5865648604929448,0.23109003682620818,0.01394200751092282,0.026768054580315902
Ceremonies By Nanette,1,82,0.012151965576155834,0.01139426370869704,0.02422349418658282,0.67434168571788,0.20609887016982562,0.006417618833039276,0.06537210168714472
Cesar Transmissions and Engines,1,7,0.15547000560244273,0.12133178766816848,0.10142372045915438,0.32187193423409804,0.17163225170224902,0.06662668736784581,0.061643659536327604
Cesar's Place,1,115,0.0302677602719758,0.11095294563818475,0.004611211445223004,0.41504826108702336,0.33293633684515955,0.024434501700022253,0.08174899070240228
Chad's,1,1288,0.018621652901754847,0.0830749305079384,0.013379861291615667,0.44823086244073435,0.2693868258091988,0.0517729503861469,0.11553291620399946
Chad’s,1,24,0.05340525681094727,0.13433599887260542,0.010396894525911143,0.32233443437144155,0.3177885708088676,0.11451839510118583,0.047220459285502586
Challenge Asphalt Paving,1,18,0.0315111991949379,0.03758656097084486,0.06002941193421264,0.18858729483973644,0.44912633682704634,0.03959216748545355,0.19356703502126035
Challwa,1,5,0.00563819864764804,0.00929200975224372,0.0033693397417664203,0.5733094125986099,0.3110504671931266,0.00623860009945924,0.09110192507505413
Chamomile Cafe & Bakery,1,13,0.036825494872083704,0.15137739949680576,0.009902632750499085,0.21108103928138283,0.3133359641696398,0.23293086112691802,0.04454660082522489
Champagne Nail Bar,1,201,0.031039519110388672,0.04335591483505587,0.015639293682732484,0.5599770968066371,0.17407929999765412,0.024649439684221872,0.15125943969214675
Champagne Room,1,35,0.0052470108776885085,0.013267372299118715,0.0021261274174320883,0.6439211550567832,0.18733042720040036,0.05652234871938287,0.0915855671478701
Champion SB Autobody & Paint,1,14,0.05009217009813121,0.03066037981105698,0.008953350870537401,0.3293960597865017,0.2657975078161273,0.03482681329894274,0.28027372075510876
Champs Barbershop,1,39,0.02430347431277947,0.030466730482518054,0.014384032869248787,0.3753981442333987,0.3786437222017692,0.01787911097590735,0.1589247861351722
Chandler Men's Salon,1,20,0.02814405179815362,0.030989768385188597,0.004320757996174455,0.40126761494902896,0.42045327126979826,0.045430789189413144,0.06939376378431912
Chandler Salon,1,42,0.011594446553360805,0.025483166792019705,0.029294623783373764,0.4910633611642489,0.2543440065346658,0.02829029850129565,0.1599300955034171
Channel Acupuncture,1,6,0.004969677422195617,0.011156138420725817,0.09428913384908809,0.2658942369744181,0.4285525903105736,0.08946699222239353,0.10567120431611932
Channel City Lumber,1,18,0.014870699417466866,0.021550283534452274,0.005660419067781789,0.30086716627960813,0.5682395509340696,0.008201572940581327,0.08061031182296569
Channel Data Systems,1,6,0.026519953738897983,0.04850599130926028,0.00499530611947795,0.3559252979854742,0.46831897894541424,0.030961128339792237,0.06477336507911481
Channel Islands Adventure Company,1,37,0.035713584698749204,0.046204687660950115,0.09856159025897594,0.505876077740214,0.24502632500150714,0.011096766334958324,0.05752097423238725
Channel Islands Chiropractic,1,29,0.02669358594696322,0.050039493687579296,0.04666354829457519,0.3403302337251732,0.3100315750865587,0.01784728929111408,0.2083942670342994
Channel Islands Expeditions,1,80,0.008359802793711376,0.013204692955332525,0.02060467842529756,0.620393194630742,0.22183403660310427,0.019460997504938814,0.09614258595684073
Channel Islands Outfitters,1,108,0.006581471719309049,0.009759722652368599,0.03537326697551175,0.6440097679409923,0.22662614331649683,0.015189067366817506,0.062460552247810226
Channel Islands Surfboards,1,33,0.07127046735717374,0.079239428974688,0.02506069973583865,0.25682868879415427,0.3885254242147008,0.0336214983553597,0.14545378255460292
"Channel Plumbing, Inc.",1,23,0.07044357048732264,0.03869299175794758,0.019590371934970315,0.26971096021588886,0.44048564921578637,0.034572345700681816,0.12650409699215184
"Chantal Gariepy, RD, CDE",1,5,0.024974984675645778,0.19190667150542134,0.00239877111744128,0.6803113379748538,0.07668401822447775,0.01375455269590016,0.00996967402752484
Chapala Market,1,15,0.012873085432996293,0.20120983116018273,0.0041157360518506,0.2237953047578533,0.351681739774843,0.01351229471620168,0.19281200583403305
Chapala and Parker,1,10,0.00916522395564237,0.006527120497776149,0.0008525728277163,0.7359088139608503,0.19799379284959281,0.01034041832899669,0.039212024305015754
Char West,1,133,0.025180316645708026,0.3100146775193428,0.021190056362437884,0.23173669430613691,0.23576889275153046,0.06961973708672654,0.10648962078026064
Charles Brewer - Cal Coast Realty,1,6,0.186274105682969,0.1341325288522057,0.16619807598181063,0.07079735792164377,0.4225076474249363,0.010417235549539267,0.009673053650961501
"Charles M Oxton, Attorney at Law",1,5,0.01726348474621766,0.012385521642863679,0.01700664360541846,0.10345660243183372,0.7708135545253754,0.00481464271433644,0.0742595658637583
Charles Schwab,1,7,0.1064757813998897,0.052567874156271184,0.10550555913609315,0.2600577329285442,0.28852338157594204,0.06447884284092907,0.12239081558904474
Charm Hair Studio,1,6,0.0126400210623008,0.0079445363953709,0.0028175052527027334,0.561046838760376,0.15697157414009175,0.0111893525657554,0.24739012044544018
Charming Nails,1,50,0.15099408298730846,0.11252424507285465,0.009561330424039576,0.2870781464595347,0.24881118461140428,0.038770805795211284,0.15226020463625897
Chase Bank,8,79,0.10684382845205545,0.10637902633340059,0.043629158274241076,0.20530677100907288,0.2630005688878082,0.05240472796508637,0.22243592611372562
Chase Palm Park Antique Carousel,1,22,0.031244551628002513,0.05932647821927353,0.002673327047060282,0.6460979227373503,0.16335952056529504,0.014723993430379733,0.082574196181006
Chase Palm Park Plaza,1,8,0.005828144901897725,0.032098074923851486,0.0031300980062951,0.6070955181494355,0.3155630127293989,0.016538998344913087,0.019746120902709625
Chase Palm Park: Shipwreck Playground,1,28,0.007797446646561264,0.038187920223988016,0.05581344365054971,0.43282902227448566,0.3482907716118331,0.03101227969662947,0.08606911727526621
Chase Restaurant,1,443,0.04556146124785164,0.17495951904663257,0.02639101753334571,0.3511762857723179,0.20482460170475505,0.08450070803309102,0.11258640947541991
Chaucer's Bookstore,1,187,0.02130900098217577,0.05605427304206207,0.024347404686809977,0.4396233337980827,0.24102511090963558,0.04456063430447545,0.1730802475168484
ChaufFur Pet Taxi Service,1,6,0.025035453921494335,0.028092316856297317,0.13496956734646418,0.5147902928292751,0.238597959280014,0.021061143566233367,0.03745327137100195
Chava Stich N Print,1,11,0.010192006466571528,0.009563089962202,0.0014754421956074725,0.5840650634332136,0.34855294295332645,0.006785867926241264,0.03936559156599365
Chavez Professional Cleaning,1,7,0.08629004564136263,0.07276915163466968,0.0031008180230855287,0.2341819233094741,0.451228106128318,0.0074024072049983574,0.14502755878493187
Che Argentinian Empanadas,1,17,0.02113439552212019,0.01802089872003035,0.0023206421653465766,0.39685237122809186,0.4062505544108503,0.021030297091997684,0.13439086002900313
Cheese Shop Santa Barbara,1,5,0.0084652778692543,0.009119883552193581,0.00242981410119676,0.4423780942335725,0.19004697203636164,0.15258990558795626,0.19497007038444275
Chef Coco LaForge,1,14,0.01087542501876925,0.008888331990289858,0.0014129452943701572,0.7537720905882972,0.1659261261645172,0.003277809242717857,0.055847254847841546
Chef Karim's Restaurant,1,28,0.015204039152844628,0.06960938144142602,0.008098357701133556,0.5006934901009247,0.17388291020012855,0.11069687029729328,0.12181492542315801
Cherry Vapor Lounge,1,6,0.08206539620490122,0.1820304694313866,0.013264655683694067,0.3506267779933599,0.23431054394071296,0.012150961769899916,0.12555121118202803
Cheshire Cat Inn,1,236,0.005845584420504994,0.02898324706559104,0.007249006495285156,0.6796395925980582,0.17153552948730064,0.026607357532326556,0.08013967848856439
Chevron,2,54,0.15186590844058187,0.21659962700343585,0.024356537339810008,0.09415573084347496,0.29993553346678337,0.06483217906120607,0.14825448649504253
Chevron Station,1,10,0.02635310501791533,0.00787963324692096,0.0038712067180312697,0.3075289983302355,0.2921312689781189,0.05642222508322442,0.3058135755360126
Chi Beauty Artistry,1,5,0.00939711574465028,0.00450078537687654,0.0017795175663195002,0.7029565215110779,0.22505932487547392,0.0048283064970745995,0.05147841805592176
Chi Massage Therapy,1,40,0.009043422441754908,0.019341374764917367,0.0273073442614986,0.48723414762644096,0.30120775304967534,0.056000987907464106,0.09986495862831357
Chick-fil-A,1,243,0.04104012368393505,0.09806846826549984,0.013352285222861283,0.33852070836645426,0.3068066984740825,0.07270656894497692,0.1295051387604134
Chicken Little,1,61,0.0778524262456559,0.06244911100776464,0.010747380133386135,0.40939561462270274,0.19338734173139585,0.08163137842145302,0.16453674247824263
Chicken in a Barrel BBQ-Goleta,1,119,0.013474018699900362,0.09782367860194009,0.007245704444113503,0.49438962435932876,0.27608639229198584,0.0237687513782024,0.0872118368200926
Chilango's Mexican Restaurant,1,16,0.013687876242329318,0.09683417775522682,0.002442485263600206,0.3457575798674952,0.3455452339258045,0.04204853714327324,0.1536841171327978
Chilangos,1,5,0.00508405445143576,0.20117927547544237,0.0025449702166951598,0.3887853817665018,0.26164195425808423,0.11236001951619976,0.02840436929836866
Child Time Nanny Service,1,6,0.022314082675923868,0.014471857692114948,0.054748870092832115,0.24977222558421386,0.31998581873873866,0.013640450158466868,0.3250667067865531
Child's Play,1,15,0.08641353591810906,0.028152319305809158,0.02303041120370225,0.5428429116805394,0.11069633203248179,0.14372777643923954,0.06513670676698284
Children's Medical Clinic - Santa Barbara,1,26,0.15951382331191916,0.1415970694282665,0.01928476049887155,0.20497101556079889,0.2267913290371115,0.1431776109653023,0.10466438404714255
Chili's,1,200,0.053309679230733265,0.24660449315677394,0.029785673440346678,0.22912066775868875,0.24613572857342658,0.0834973579534562,0.11154640878812637
Chilitos Restaurant,1,8,0.07295990287093439,0.3205944488290697,0.0036682979553006125,0.05334711684554344,0.3917892067693174,0.053152971668168875,0.10448807181091974
China Bowl & State Street Cafe,1,63,0.04283698624746485,0.45041249754712986,0.037009925307569205,0.18982583463297312,0.1457290296915859,0.05071541142561247,0.08347031005033628
China City Restaurant,1,9,0.0077663654099321446,0.08447563392110163,0.016345529210714877,0.2878626661582125,0.3488598209288385,0.01962738427230049,0.23506258236658237
China King,1,200,0.029204236695950337,0.1457548385125119,0.009223651495849434,0.3802126659815258,0.2515694414766039,0.06748221520567309,0.11655295048461989
China Palace,1,206,0.03249492457880209,0.18608876256367135,0.01340096119341427,0.39436915722805316,0.2557129042225356,0.046930187546254706,0.07100310676518679
China Pavilion,1,352,0.041924956670052076,0.16921259933654004,0.013620320809546964,0.34278655196931135,0.29185546798676526,0.048986399062249004,0.09161370165698327
Chino's Rock & Tacos,2,41,0.00870766791674053,0.07014076089878313,0.04931743383952753,0.3518976039116884,0.36409006979907066,0.05710718105547126,0.09873929368502388
Chipotle Mexican Grill,3,348,0.07518168604944764,0.3034210611294002,0.023070073088907975,0.12909742026532436,0.30639045569515816,0.06313356097577531,0.09970573987385278
Chocolate Maya,1,161,0.021762994432573082,0.03629564868466293,0.010649018496873608,0.4586678718112594,0.29307474070141865,0.03413739599148675,0.14541233290038905
Chocolats du Calibressan,2,179,0.017576501922949826,0.04722902246987619,0.013218477422172446,0.46242962545775756,0.3071351989286863,0.01522226215212721,0.13718891351135162
Choi's Oriental Market,1,178,0.014980722227908123,0.03657358603714175,0.019176559674807286,0.4849227719993875,0.2985727524180802,0.03943186732312513,0.10634173863185462
Choppa Ice Cream,1,140,0.033992691640742076,0.11446789077308492,0.010181193003622168,0.3210650855232545,0.2993365224184734,0.05416917073307555,0.1667874402969443
Choppa Poke,2,402,0.031076981635956482,0.09506989113809257,0.00891590815202406,0.39963272553299545,0.3131072692415533,0.040085016085768525,0.11211220578224491
Chopshop,1,25,0.056371765248477416,0.09219289100263264,0.009267049279296717,0.4043344033695757,0.2741593641228974,0.032024356471374575,0.13165017178282137
Christ Presbyterian Church,1,5,0.0064119109185411995,0.026507055759429875,0.00358235093881372,0.4249182526022196,0.4983554307371378,0.0168508360162377,0.02337415982037778
Christian Menard - Guaranteed Rate,1,9,0.019379741615719214,0.0067170552857633665,0.004226408012780422,0.4826755424340566,0.41640120744705195,0.005442598899308955,0.06515742967733072
Christie's Chateau,1,7,0.005085492107484986,0.006444272626790029,0.0024926541955209713,0.6795767758573804,0.1287456683016249,0.004675505449995372,0.17297964024224446
Christina Katz Hair Design,1,14,0.015196615156517986,0.02075712461789534,0.019033073158685195,0.5647668168946568,0.16416001336516012,0.03943362494464959,0.17665273682879548
Christine Dahl,1,56,0.027010081967871052,0.01986672724680305,0.002069345350069534,0.5566974972960972,0.20589996404513447,0.01885118956124638,0.16960518978469602
Christine Skari Photography,1,15,0.0080975542388235,0.0063151197663197335,0.009951422410085732,0.5539922052373488,0.1588679119944572,0.03857788721409931,0.22419789719084895
Chromatic Gate,1,21,0.010073890593568086,0.12474765268797494,0.012695245696314824,0.45802880622380016,0.2908860398012967,0.01565544503474869,0.08791291748084833
Chrysler Dodge Jeep Ram Fiat of Santa Barbara,1,73,0.10309369638498408,0.11499420151334531,0.04782545568352905,0.2658015677158414,0.23781952175809296,0.11889673873450449,0.11156881297779048
Chubbies Hamburgers,1,148,0.02475180421291997,0.10116583420784912,0.029372906797869094,0.3334531417567632,0.38533975493408285,0.03221026428965722,0.09370629708447828
Chuck's Waterfront Grill,1,262,0.016796022129266383,0.1648638704949403,0.008412504514598398,0.41213186736727836,0.2438105906338523,0.04890651820238163,0.10507862924203586
Chuck's of Hawaii,1,267,0.026768150148574872,0.09563954546895007,0.016329407508285272,0.40009140239309954,0.3031579123230909,0.06407885684253302,0.09393472269034421
Chumash Painted Cave State Historic Park,1,48,0.011251999598850137,0.03930617270210248,0.1357539700481235,0.1459087361799902,0.48991090795607306,0.07443546521487097,0.10343274555634703
Church of Skatan,1,10,0.014311744831502379,0.01687836730852717,0.00201398627832527,0.1841140609234571,0.4742776192724705,0.07834296687506134,0.2300612454302609
Churchill Jewelers,1,5,0.0193988644983619,0.01406693985918534,0.00345785242971028,0.3831494886893778,0.24579060156829652,0.2935353495646268,0.04060093136504288
Ciao-A Fine Salon,1,8,0.0136759595770854,0.011898911820026063,0.0037748356480732876,0.4864922693814151,0.2840070258826017,0.008416482683969601,0.19173452971153887
Cielo,1,40,0.01955179311335082,0.2425754066134686,0.01037889977451409,0.33054237610122067,0.2598923684679903,0.08375495720829344,0.053304181096609636
Cielo Spa Boutique,1,130,0.006834495311173058,0.031360797186005956,0.011505782938239902,0.6129350520536089,0.1962346639502077,0.03556652575767093,0.10556268372143113
Cigar Empire III,1,24,0.007919122489207992,0.015515613641279388,0.002536276396616154,0.5544439970787304,0.28666437991584337,0.006022142129950179,0.1268984789300399
Circaterra Travel Outfitters,1,8,0.00681776725105005,0.005800645114504688,0.00212689167528875,0.15993189939763391,0.5576246137497947,0.00933566640014755,0.25836252258159215
Citibank,1,5,0.20410027219913895,0.00785560733638702,0.18319683163426814,0.3304152952157892,0.16943620743695642,0.0050885404227301,0.09990721670910711
City Market,1,6,0.0071613828573996174,0.07067955002033456,0.005065480940781184,0.44124732290705043,0.33212052471935744,0.02640655287541445,0.11731915020694332
City of Santa Barbara,1,74,0.03207663990041186,0.0897194792664408,0.021192574438189008,0.36217623621868783,0.2707600102231309,0.10477095736958383,0.1193041033048585
"Clara G. Mora, DDS",1,10,0.01725458670407528,0.04670650920015757,0.04799653115915131,0.49653309158748016,0.32680269312113525,0.01154207945801313,0.05316450069658453
Clark Motors,1,5,0.17150705801323052,0.23714110280852765,0.0047800679225474,0.10486498993122946,0.24776283586397763,0.01056094346567982,0.22338295076042405
ClassCyc Fitness,1,8,0.009700453840196075,0.00678946546395305,0.00487909500952805,0.6290325485169888,0.23930723220109937,0.00577761139720675,0.104513575322926
Classic Barber Shop,1,14,0.0219135050761646,0.02488747241607463,0.0043785060115623785,0.42517690480287584,0.39975627458521296,0.0320927820451158,0.09179456814724414
Classic Collision Goleta,1,100,0.06851630438235584,0.05451082412386309,0.07976289572106902,0.25934535818174476,0.3351898027677089,0.032455296218395185,0.17021952151553701
Classic Collision Santa Barbara,1,54,0.04369301800141797,0.03560095970277428,0.018643096310336574,0.3955502830385403,0.3320840373893993,0.05988210031797208,0.11454649449377834
Classic Design,1,26,0.06536808986073497,0.0495727157081441,0.06720559514808248,0.1457681087418817,0.47040270208022916,0.09486130213973895,0.10682148511449875
Classic Party Rentals,1,12,0.21073403795404974,0.08199986310986178,0.006337065142967374,0.19717946621434138,0.31538984606352943,0.1535044645424932,0.034855250414693686
Classy Canine Mobile Spaw,1,7,0.0065141933404707,0.006461853385969428,0.0038439502947896853,0.6195896951747792,0.12594497922275744,0.07560913151662259,0.16203619712697606
CleanWave,1,21,0.039574604747550785,0.14117021771657853,0.005901472493340881,0.21912346474294148,0.4124001916497946,0.05321140449848909,0.12861864346389965
Clearview Landscaping,1,32,0.040328795847017276,0.057939892205467865,0.007911482682175066,0.281036604050314,0.43476349161937833,0.0086596109285892,0.16936013146187176
Clementine's Steak House,1,285,0.011925408070939628,0.07792319353269571,0.008765889114185533,0.4931166936765964,0.2466229105580663,0.031824988073652985,0.1298209201540438
Cliff's & Co Restaurant,1,9,0.006868643013553422,0.0194182492107049,0.0019097961291359776,0.30691871652379626,0.17307866488893822,0.01105203407092221,0.4807539154878921
Cloud 10 Jump Club,1,49,0.06136395415167643,0.12048350114432368,0.013630112564210182,0.3971086345275636,0.22512233392240438,0.05746159929668107,0.12482986843441514
Cloud Climbers Jeep Tours,1,149,0.017803809296921,0.013327183332778587,0.008464696263931894,0.6432605624986475,0.19888941163584686,0.018880383557664967,0.09937395346851004
Cloud Nine Treatments,1,7,0.015454474321034301,0.013758334929921743,0.0035238419867319715,0.44665252204452244,0.23034204329763136,0.008771153699074429,0.2814976434622492
Club Pilates,1,6,0.016829233170331716,0.010054340857701951,0.00191710770983865,0.6254987060092388,0.09736642804152017,0.07061889944210022,0.1777153242146596
Coach,1,33,0.04744310243139886,0.0836395033067233,0.01320885682115185,0.30671798788138066,0.28503610111885896,0.03479490079917009,0.22915954980999229
Coal Oil Point Reserve,1,6,0.0190811556143065,0.0208346464981635,0.07483075865699594,0.24610515730455515,0.5004081117610136,0.019795909058302582,0.11894429886403178
Coast & Olive,1,125,0.018117158004082694,0.06465129534807051,0.007038971303729289,0.5635565227123444,0.17555824508890508,0.05477335722930725,0.11630444123875346
Coast 2 Coast Collection,1,12,0.010447217646287707,0.015202992765504526,0.019010525475702356,0.4841291419385622,0.13993693599089355,0.030734652420505836,0.3005385399252797
Coast Carpet Cleaning,1,36,0.016635316327058974,0.05094365299575854,0.0027048672572062304,0.33464866357907236,0.33731759299472386,0.02250843172401392,0.23524147025050798
Coast Restaurant & Bar,1,56,0.015460532570224474,0.11862520527834668,0.015670914631170575,0.3820997934245887,0.23495504655043725,0.06343162336893973,0.1697568899669152
Coast Tires and Service,1,28,0.07541236862224256,0.03748879718893604,0.03508794902258415,0.26610473528437845,0.24822525427277595,0.07517591140848313,0.26250497799732586
Coast To Coast Cardiology,1,5,0.00990097313188012,0.00407377658411856,0.0032584429485723,0.14423120911233123,0.24195889737457033,0.34696053711231795,0.24961615689098832
Coast Village Inn,1,60,0.029540287721708056,0.10226058807844912,0.020808468246347373,0.33981179405964207,0.2812023455897966,0.056846999792226856,0.16952951708032435
Coastal Collections,1,8,0.004627260888810212,0.005003436410333925,0.04103731024224537,0.6182132810645271,0.12602529878495256,0.12941671075532207,0.07567670766729856
Coastal Concierge,1,17,0.0043972033308818355,0.004782267989974206,0.0023855744477580057,0.6010619797469938,0.1624250979546238,0.055858690401210456,0.16908918726531896
Coastal Design Drapery and Shade,1,12,0.04754303446194774,0.01312187621078915,0.003972652060231925,0.40763592574512586,0.33150804015652585,0.04051327149500134,0.1557051893711711
Coastal Dispensary - Santa Barbara,1,58,0.0813674331755088,0.09948816385866813,0.017594835856941417,0.3249062101531308,0.24138851819463586,0.06272289320698067,0.17253194455908416
Coastal Hideaways,2,25,0.14536735430359837,0.17202480213716623,0.03320998843293633,0.17091652387287465,0.24811371743679042,0.09155700201168651,0.1388106259424239
Coastal Mobile Veterinary,1,12,0.03012441187941774,0.06214122637175018,0.04163629035853466,0.358539405084836,0.34263549900303286,0.12807783001335332,0.0368453345339124
Coastal Pride Carpet and Window Care/ Santa Barbara,1,8,0.046334235696122016,0.09891593296197239,0.016194035619264413,0.23032850894378493,0.36182945128530264,0.018801307829562512,0.2275965442531742
Coastal Properties,1,8,0.06908334937179457,0.09429613692918787,0.12290493703039823,0.050639363413210896,0.47223183047026396,0.05608477065106848,0.13475963205564762
Coastal Treasures,1,6,0.041308438250174086,0.0983490766375325,0.00139456788989865,0.39309730761063594,0.2058192280431588,0.007056517798143084,0.25297484733164305
Coastal Winery,1,6,0.005506252598327834,0.011457455237784067,0.0011846230530257,0.6114939635153859,0.20468520419672132,0.003956255968660084,0.16171622734206414
Coastland Salon & Barber,1,13,0.010277821798808824,0.021292771884383423,0.016218792367278762,0.477317551509119,0.3782136423799854,0.01350481052381483,0.08317459164223129
Coastline Christian Academy,1,6,0.015914687110731934,0.0089995715146263,0.00394584710011255,0.43912110353509587,0.46215714886784554,0.011807920954500601,0.05805373921369506
Coastline Plumbing,1,5,0.0139613938517868,0.021395339211448962,0.0032190476660616204,0.2779777243733406,0.6176237508654594,0.03252919353544706,0.03329352755099528
"Cochrane Property Management, Inc.",1,18,0.08968059374536902,0.3484179374451439,0.09743133443407709,0.07521360505294672,0.3017474453016702,0.034398014967640195,0.05311106861982903
Cody's Cafe,1,306,0.03193515662470633,0.1083979169586848,0.0166987631022184,0.4170970434340644,0.2746862681731703,0.060039176096610095,0.09114568081385378
Coffee Collaborative,1,60,0.012393757877483294,0.17551202934021903,0.00900966525611385,0.48930933633334156,0.21532148522092026,0.035520279813014546,0.06293344231283599
Cold Noses Warm Hearts,1,6,0.04054712054009235,0.04793153875895462,0.17298599254960811,0.6110876982177919,0.043907615356147234,0.013515312961923516,0.07002477681574719
Cold Spring Tavern,1,1028,0.019054516891189865,0.052915015686638533,0.015432232386192006,0.4686929159472433,0.2878052514624656,0.035843585294640504,0.12025648526585084
Cold Spring Trail,1,23,0.013143912170325234,0.02626383066197609,0.07205870440584076,0.2660973451768412,0.535814222191339,0.02077301503564024,0.06584900338202711
Cold Stone Creamery,2,84,0.09580898259273016,0.2009776651656942,0.013627338893240318,0.18763188164233546,0.24939511106571266,0.0601066549397295,0.19245236324440196
Coleman Carpet Cleaners,1,10,0.060761793283745605,0.12158900971990075,0.15585024520405563,0.23025170595501546,0.21262189690023656,0.00758711160160596,0.21133823534473772
Colleen Elizabeth Salon and Spa,1,107,0.018973667097330112,0.0541649286729875,0.02643869536500158,0.4664139435419848,0.242948179023349,0.07752500643527183,0.11353558252313144
Colleen's Pet Grooming,1,9,0.013003310706052457,0.034712630427545924,0.1533456988399848,0.2841296587139368,0.3930761706497934,0.08829220591319926,0.03344030929211936
Color Services,1,35,0.03296797187732795,0.051582783541276205,0.02811603570257176,0.3852438428705292,0.3153493659703859,0.04490155755608737,0.14183843428867732
Colson's Garage,1,5,0.0222099457867443,0.0083998860791325,0.12469573826529082,0.18458432541228825,0.5101010739803314,0.025418895296752397,0.1245901279151439
Comedy Hideaway,1,30,0.011775425421850087,0.03827183382236394,0.029449131742391377,0.6016707468195819,0.17588238896181183,0.019520930313349966,0.12342955175942429
Comedy Hideaway - Santa Barbara,1,8,0.00417371591902335,0.04392525317234682,0.004505029271967887,0.60104212310398,0.15867270191665733,0.023729691383778062,0.16395147895673284
Comfort Zone Sleep Gallery,2,18,0.10346125750543753,0.07658527833538954,0.0028395934916463058,0.4131635862997629,0.2121020134978203,0.07152386466299904,0.12032441245133262
Commercial Process Serving,1,6,0.03903636274238423,0.00724204994427655,0.0035956905727895162,0.23510473035275933,0.530460332830747,0.00700462306849655,0.17755616890887416
Community Centered Oriental Medicine,1,14,0.012254350768801308,0.010020383750088463,0.06787688343320038,0.3416462249255606,0.34727916793365565,0.08713947233211779,0.13378352186243445
Community Seafood,1,27,0.011261817749106727,0.0658276800833711,0.009731125232065041,0.508227360840128,0.2964507391055425,0.03439739184385092,0.07410389497117309
Complete Nutrition,1,7,0.014949277126496342,0.009065026816512844,0.002178618567995671,0.47121029027870726,0.2383783695154956,0.005272872380113986,0.2589455558253186
Conditioning Specialists,1,5,0.0160448120674118,0.03279308364726598,0.006871672440320199,0.3863262818194925,0.5209711946547031,0.01121392417699094,0.025779032614082042
Condor Express Whale Watching,1,82,0.033167565470737376,0.04212105356471995,0.023180629042255443,0.43783704160354897,0.28765569912360567,0.04517093064581471,0.13086708373725184
Conserv Fuel,1,14,0.10538760509474997,0.1779770847143871,0.08348815656167319,0.11780933434576057,0.30762458419693367,0.05126900253318512,0.15644424245692787
Consolidated Overhead Door & Gate,1,16,0.06692873327847333,0.12613486273039592,0.06898303213165485,0.12392654405812205,0.4186074074823409,0.09339575606281864,0.10202368447789918
Contented Cat,1,10,0.01913047269918019,0.2908905324991792,0.07238882381934668,0.1767237851163372,0.367043739836663,0.05577777184080328,0.01804488749476145
Continental Credit Control,1,22,0.24230107414239843,0.23539037065347654,0.09691004758827723,0.04254620809594842,0.21078416908329178,0.04345709853805597,0.12861102865479712
Continental Liquors,1,10,0.19412968815304335,0.08016886245459315,0.00353726785397152,0.2803636164520867,0.2856090641580522,0.00965037704445417,0.14654113287106152
Convivo Restaurant and Bar,1,460,0.020911227115910733,0.10307616709785926,0.010750350669790616,0.5203679247611233,0.18993258776102698,0.05109012734888967,0.10387161607175818
Cool Couriers Santa Barbara Delivery Service,1,5,0.007531105354428261,0.00279740144032982,0.00298278719419608,0.6890088438987731,0.17267401739954943,0.017831978178583043,0.10717389695346353
CopyRight Printing Systems,1,5,0.0109214782249182,0.032186548737809004,0.1918676991946995,0.19786118599586183,0.31508302241563796,0.048513631802052246,0.20356644783169026
Coral Casino Beach & Cabana Club,1,33,0.005520052967988124,0.03814868428956036,0.0030798514137241606,0.5352964133525154,0.23095550850936858,0.022630993001670947,0.16436851607409836
Coral Tree Cafe,1,29,0.027477870984324047,0.1508880272780641,0.004507606616243676,0.21388278345593473,0.46176864060669626,0.05239126502118743,0.08908381525041724
Corazon Cocina,2,868,0.015227871675734694,0.039280428586746005,0.009029728263841297,0.4868234014132209,0.29085575420385834,0.027099127391090865,0.1316836873871571
Corazza Mark S MD,1,15,0.04836662005788331,0.0841757303414245,0.20706975516707943,0.12766822612999623,0.2615884855700036,0.1573713761133452,0.11375982755174235
Cordero Pest Control,1,7,0.01745386910624796,0.017435405835775315,0.014108534744341941,0.40963454172015185,0.4756875929555723,0.008557046098368472,0.05712300425927549
Core Chiropractic Center of Santa Barbara,1,8,0.005047326645581013,0.005429732409538637,0.11625990347238252,0.44213803147431463,0.27661153487861156,0.013727573721553149,0.1407858997554285
Core Sport,1,12,0.009717551351059192,0.03064586859545666,0.018762779305688985,0.5482753232936375,0.18910138268256557,0.06271739218694465,0.14077968249330294
CorePower Yoga,3,86,0.031165392909653786,0.11183153367046328,0.016450355372589234,0.42217229946203755,0.2528988781458221,0.04909890810390496,0.11638262674353234
"Corey Frucht, MD PhD",1,17,0.12057029391871762,0.058657709166736245,0.13488308666616344,0.3391530925154631,0.2534274647683453,0.011124484891564906,0.0821838537813164
Corks n' Crowns,1,280,0.024207903944105526,0.06177144098723402,0.011169288925468939,0.5559255214811336,0.22014150593230233,0.029040180338779413,0.09774415923872892
Corktree Cellars Wine Bar & Bistro,1,242,0.022673614361864075,0.0939277271354813,0.011551535090268924,0.5063101583405076,0.1987292042722702,0.05003912306452273,0.11676864085039736
"Cornelius J Mietus, OD",1,15,0.019315399834886154,0.09540126610081638,0.009961340739391693,0.40325865100409525,0.2656305405311286,0.013103047866995086,0.19332971560458337
Corner Tap Room,1,44,0.008491957856511478,0.04208955621817779,0.004621794272679786,0.6477651087546044,0.2271779076598415,0.016036596987925592,0.05381707995812488
Cornerstone Home Lending,1,9,0.007188170514483366,0.002573109872173444,0.10960108988607918,0.4396839923121863,0.3138717993473013,0.004628784087900444,0.12245305689672627
Cornerstone Landscapes,1,8,0.0143813622416928,0.0085989783838158,0.018470302355126436,0.35868496354669327,0.5579450256191194,0.004689099732786375,0.03723026125226166
Coronado Butterfly Preserve,1,77,0.007016916572594022,0.015514319082238218,0.030688307945035926,0.376744142107593,0.37056109288634803,0.05458758976733816,0.14488762481343723
Cortina Aesthetics,1,8,0.004300473818147975,0.007157477382861475,0.0023658405953028124,0.8156138621270657,0.1382068603415973,0.004929806294967375,0.02742567437235261
Cory Motors,1,27,0.07322372627203107,0.0647006910897929,0.06788559054257343,0.30823419024064025,0.31050412674193023,0.04322053050984521,0.13223114526502922
Cos Bar Montecito,1,11,0.028942084299739056,0.10543867896988307,0.0035116334011862367,0.23914992878086522,0.3477648572826927,0.1869592410406436,0.08823356496974483
Cosmic Harmony Healing - Meghan Schoneberger,1,5,0.0093932436080649,0.0068438735324889005,0.12030246201902624,0.6422854244709015,0.1564266502857208,0.0065999194979667,0.05814843643456693
Cosmoprof,1,6,0.024945185752585485,0.1426224653453876,0.03602147899800905,0.1700013757993777,0.2995031873385111,0.10886745372166233,0.21803884922216332
Costa Kitchen & Bar,1,14,0.005592530002883971,0.010821375829566751,0.0017044427804648356,0.70842373583998,0.17842252007020368,0.009193701445058471,0.08584170386062133
Costa Terraza,1,50,0.023350714624393684,0.1829472434916533,0.05020650863065379,0.2335539603338111,0.34809495598543433,0.02217702108900989,0.1396696023456752
Costa's Auto Works,1,5,0.02229784866794942,0.012872946611605521,0.0032083271304144804,0.3113834416493773,0.5722978547215462,0.02034598151221868,0.057593606971204234
Costco,1,171,0.07108091990931815,0.10125907442678166,0.012659691130178691,0.2392472518639971,0.30446820228485855,0.07430481931776055,0.19698004289366824
Costco Food Court,1,64,0.056797557768732035,0.08122195126361471,0.005873378464912048,0.27600844673543173,0.36269283313595224,0.06489426719144827,0.15251156096928747
Costco Pharmacy,1,30,0.08093515500271067,0.19291113799942342,0.06382389158631359,0.1260666659237661,0.1792391632761185,0.10008075038203965,0.25694323172404737
Cottage Children's Medical Center,1,86,0.05711682227529515,0.1885093484658661,0.0922782108188352,0.20788305525249678,0.21841986316830175,0.06557542916121997,0.17021726449372157
Cottage Rehabilitation Hospital,1,15,0.09178805892200516,0.20607812430243935,0.06423648645092418,0.21457712530779335,0.24768085367977616,0.07399535148094093,0.10164399407804009
Cottage Residential Center,1,6,0.03309939411701628,0.12106937101149613,0.1646138629488026,0.2901519552106037,0.21886482244978345,0.1286616754562904,0.043538962568466816
Cottage Urgent Care - Goleta - Calle Real,1,20,0.11024959067581216,0.18113394852261988,0.10666453816229474,0.23283639039436815,0.27614369122311466,0.04796930432785297,0.045002534554805566
Cottage Urgent Care - Goleta - Hollister Village,1,15,0.028471873320328644,0.11275901684227084,0.06697146970933919,0.37084946216394504,0.24558974330623942,0.07151551049513115,0.1038429419820507
Cottonwood Canyon,1,26,0.007413315047205446,0.016436665417411525,0.0018892761223608691,0.5854150985654157,0.26495679034493286,0.009279670963923462,0.11460920159991539
Couch Santa Barbara,1,17,0.011168615635730923,0.007875480990418564,0.002552495079512159,0.42678438433829474,0.3735467585570672,0.005552933811593535,0.17251933793372962
Country Catering Company,1,163,0.02167612733033715,0.06060705768541526,0.004830990893608393,0.40470447496438194,0.31853306306057544,0.03823766754397352,0.1514106174442414
Courthouse Summer Movie Series,1,7,0.005262283466955885,0.004196365929341686,0.0017379342004589858,0.6280414403549263,0.19144546320395808,0.0066000774968415004,0.1627164584850626
Courthouse Tavern,1,13,0.005239249636920546,0.12342089400268513,0.0022299675530610156,0.5945089268408572,0.17414676304906604,0.0535623514039728,0.04689183946286968
Courtyard Cafe,1,16,0.016178656718693625,0.1088094584702048,0.00244275867589745,0.1874778751225676,0.5337385907769203,0.024066208396106913,0.12728644604794678
Courtyard by Marriott Santa Barbara Goleta,1,124,0.03432615905635865,0.09591815334504405,0.032107402255567075,0.3360407796001621,0.30613452154437015,0.04821846640721379,0.14725452086478918
Cowboys and Angels Salon,1,18,0.021131085458263286,0.04218538043399648,0.034668731026209126,0.5249444294927849,0.2836202963048385,0.05099371651239274,0.04245635003058443
Cox Business,1,14,0.1935757103908274,0.3833017080157463,0.06764641839877832,0.0022522240012351432,0.2056008824812514,0.03948210751903904,0.10814091759467757
Cox Store,1,111,0.15292246276009322,0.2911892654772781,0.05216907523048047,0.03951954036905962,0.20155526798948442,0.09881996200315078,0.16382442984435294
Cozy Fox,1,6,0.11620161232228077,0.3285362498912339,0.04298368595967373,0.21996511025160237,0.0920063833085199,0.008137233477706651,0.19216973483950514
Craft Beer Club,1,21,0.13515710047934024,0.16804620843668955,0.01601176615804429,0.0776549060967573,0.2183882630917997,0.1088910861539521,0.27585068062346957
Craft Essentials,1,10,0.02067008218728001,0.17042196393012998,0.00429693192127155,0.12457296575885261,0.42330841571092603,0.058073863107711045,0.19865576280280944
Craft Wood Fired Catering,1,6,0.012799531919881632,0.006813575358440416,0.10733020885769895,0.3750176054115097,0.1576258540153503,0.003971273700396166,0.3364419545978308
Craig Paul Greene,1,5,0.011271618586033521,0.00550592672079796,0.0036857645027339,0.4494866579771042,0.47136406004428866,0.00531137622892852,0.05337459649890658
Cranky's Bikes,1,16,0.015383890044176894,0.020220787810103467,0.002066392722554106,0.3429916694294661,0.4886853939970024,0.016968265736068088,0.11368360396591011
Crazy Good Bread,1,10,0.01759626740822564,0.05589983778772872,0.0031278612412279096,0.3293078401358798,0.2674819505307823,0.17466322965919967,0.1519230154342949
Crazy Good Bread Co.,1,9,0.004692680344709856,0.01677275919872848,0.0025053585219817556,0.3922861028048727,0.28404896954695386,0.14054681142119482,0.15914731058809486
Crazy Jim's Tacos Y Más,1,18,0.009603066977837799,0.07837527857110313,0.002710013936545339,0.4288502339946313,0.21368087941987646,0.1157766748607779,0.1510038359685697
Creamistry,1,157,0.02929577481588878,0.10375002968669302,0.017838769647957126,0.4049740161386743,0.2393556418057507,0.05281172755135776,0.1519740416103333
Creations By Callis,1,5,0.01788925966247908,0.00657646877225482,0.00872475785436104,0.6092958301305771,0.2114340759813785,0.0046302020084112595,0.1414494069293141
Creative Countertops,1,12,0.016624464187771044,0.012695381660402391,0.04202389350029986,0.4812886881797264,0.30508489239340025,0.00514717318583275,0.13713553644871956
Creative Nails,1,80,0.03514195343450405,0.054113478938234,0.03770826508080058,0.4987729805550771,0.20823774340096857,0.025789866939885497,0.1402357164493878
Creative Services Catering,1,16,0.018583691999083336,0.06556875838577975,0.00725792917910435,0.562467060630297,0.18501912598730993,0.014538602583343118,0.14656482607824722
Crimson Day Spa,1,44,0.006201267735873809,0.013010509907458435,0.0027526746912784773,0.6639237967848947,0.17776548349171536,0.02683182576914652,0.10951444445262574
Cristino's Bakery,1,119,0.007122563236850817,0.033051980779694054,0.0026138338909440957,0.5684258090204974,0.234842771263167,0.01702852252364044,0.13691451594706996
Crocker Refrigeration Heating & Air,1,41,0.10571507199826397,0.07467894688697253,0.03788298668791308,0.21581833347786078,0.3784685109219536,0.06180728508568387,0.1256288666925506
Crocodile Restaurant & Bar,1,120,0.02466974543543372,0.12001656341502283,0.01186427145075863,0.4503475499882673,0.1904078552421803,0.06706007519969712,0.13563393923783826
CrossFit Boathouse,1,8,0.006716335788951225,0.00757023179176025,0.0038540743626071625,0.6935987994074821,0.2389708717819303,0.006802889329264838,0.04248680858290751
CrossFit Goodland,1,9,0.12567933974787587,0.037453508728908125,0.008051320186091756,0.172871911419659,0.33241307983795804,0.05505886022001502,0.26847197819087243
CrossFit Pacific Coast,1,37,0.01790931285830914,0.03905384164819539,0.06257557490371742,0.544199350321464,0.23184452636318428,0.010013407228413823,0.09440398183525409
CrossFit Santa Barbara,1,39,0.017384963626495685,0.017169115772375256,0.028038459926998813,0.6134310163324699,0.22315676670927453,0.0202804059715559,0.08053928189791544
Crossroads Trading Co.,1,69,0.04713786656941296,0.1590227600991847,0.027213981297909758,0.2633685748821691,0.30514392494966364,0.055668369261210444,0.1424445220188278
Crush Bar and Tap,1,34,0.004691374210832482,0.007559434970436727,0.01866359821339269,0.809981235248201,0.11917595263324016,0.004078818207798365,0.035849588731413334
Crushcakes & Cafe,3,1117,0.032362419102666476,0.08365538987651465,0.009546038560116812,0.4544383800520961,0.2476201143082199,0.060157192283165704,0.1122204655758824
Crushcakes & Co,1,13,0.03865244973880736,0.009435173468843337,0.030774810147704515,0.5313383830138124,0.17544890341993705,0.05464875243174338,0.15970154407505802
Crushcakes Cafe & Simply Pies,1,163,0.034958714275389435,0.07453808462282244,0.006750700421462735,0.4538666606849299,0.23615188191879102,0.07598653235372746,0.11774742218631493
Crystal Chiropractic,1,11,0.037142477146434476,0.14247808315452523,0.054844775956801366,0.30983032871947874,0.3378432767296379,0.04098188970237964,0.07687917493537742
Cubaneo,1,134,0.012077892854211998,0.08608858109497003,0.00947749432968666,0.4711534597575595,0.26476049085613335,0.047298183789782504,0.1091438968606821
Cubbage Sewing Machine Service,1,11,0.029706564096903233,0.023179736115377006,0.0026188797994770364,0.2285041681236841,0.5527052500031211,0.009176525329662946,0.15410890641876238
Cucas Restaurant,1,5,0.009724472835659938,0.036244488321244675,0.002263240260072,0.33444233536720275,0.4717172712087631,0.01167879858985536,0.1339294089004397
Curbside Mobile Mechanic Santa Barbara,1,5,0.01332094073295588,0.0049143363256007,0.0027793088345788,0.6044438600540161,0.3191194299608469,0.004428385524079139,0.05099375131539998
Curious Cup,1,15,0.00531312027014788,0.04771961874018108,0.005142146962073907,0.5875734294454257,0.18803822683791316,0.007492789626121473,0.15872064704696334
Curtis Carpets,1,5,0.21001369543373585,0.16355136269703502,0.00836829508189106,0.27100571547634894,0.2730542927980423,0.00727809332311148,0.06672855475917454
Custom Built Lash,1,7,0.007670359087309614,0.0037449028708838425,0.020244959043338857,0.4947136397074376,0.13055724703839844,0.017435460384669015,0.3256334663767899
Cut Me Some Slack,1,7,0.009272565083977327,0.007489092465090915,0.0020126244843205426,0.5008914301704083,0.3698133517256273,0.0050906894362664,0.10543025294984022
Cutler's Artisan Spirits,1,50,0.014280946116195943,0.05493848837562832,0.0367965261812787,0.39496032333234327,0.30300007907673715,0.02601439558435227,0.1700092392042279
Cutting Edge Salon,1,92,0.026612346130170123,0.08944512623028178,0.06208502731786445,0.4197579633552738,0.25545010468213936,0.03955945064966643,0.1070899873739108
"Cynthia Copeland, DDS,AIAOMT - Whole Health Dentistry",1,10,0.0060481659136712,0.0136443463619798,0.09916368557605888,0.13470212854444977,0.41222172379493716,0.01874616722343485,0.3154737923294305
Cynthia Fisher,1,6,0.03314361282779522,0.20653147211608783,0.0037014422899422166,0.09707911993609737,0.3673344561830163,0.16009863892880574,0.13211124518420542
D'Angelo's Bakery,1,438,0.03237014306846312,0.10456012164311135,0.009656814186802917,0.37021999382512266,0.32793074815914663,0.05734868632277605,0.097913493680184
D'Vine,1,26,0.07345519881122384,0.1053265085076698,0.00406259189744905,0.35508756138957465,0.29143092702501094,0.021812192791213166,0.1488250222845146
DAWG - Dog Adoption and Welfare Group,1,18,0.10063270515658786,0.06922838984367745,0.08214411672088312,0.19351917745209193,0.34064721823152566,0.08995487286140101,0.12387351458892223
DC Plumbing,1,24,0.015440000580080437,0.006360106718299542,0.07109203615497482,0.41015205268437666,0.2626212706090882,0.0062689313829953535,0.22806561152295515
DD Party Limo Bus,1,16,0.040935481811175074,0.05327426517396812,0.04349540836301452,0.5701446983293863,0.2179808021028293,0.008557283610571124,0.06561206589685749
DIANI,1,39,0.03384994927835526,0.08639202675952286,0.027115764415775113,0.4284981417660721,0.1939685749612414,0.04656902573501257,0.18360650731035721
DIRECTV,1,26,0.17098343010561967,0.1736964815600703,0.06478003894713201,0.023104472768654145,0.2360107965695743,0.1387628090138045,0.19266197347762776
DISH,1,8,0.27454654639586806,0.17326866852818054,0.0162793388590216,0.011461233792942898,0.30736308800987894,0.16962583473650733,0.04745527342311101
DJ Flamezz Entertainment,1,18,0.015335088660423078,0.006774983245931105,0.030348834950321608,0.4320475920620892,0.30662395163542694,0.010551296594914827,0.19831828731629578
DK Appliance Repair & Service,1,21,0.03125407724707783,0.04244937506570875,0.0053575563153051954,0.2459739198619943,0.45086214199130026,0.06934347788670228,0.15475945037213107
DV8 Cellars,1,82,0.008072230905271658,0.017303388253444893,0.002188691000699685,0.6827540253686559,0.16373021988959116,0.04183409304610767,0.08411736177314613
DZD Dental,1,7,0.00781891781038467,0.028340554263974888,0.06438675905311741,0.42992100545338224,0.36677136245582787,0.0421614728402346,0.06059994814651348
Daily Greenz,1,9,0.007521189024878833,0.007364426907669277,0.003385397340429689,0.4537439326652222,0.33464980580740505,0.021682563574156787,0.17165268978310955
Dal Pozzo Tire,2,62,0.04945380079387232,0.01967985939512385,0.03828430051104191,0.2866042846918947,0.3735379510438971,0.0551774909648473,0.1772623179976137
"Dale Tylor, MD, MPH",1,21,0.061888063531590674,0.0596303021801369,0.0556708320066155,0.15550136914299353,0.5183239362779117,0.06635367686283727,0.08263182127848265
Dalee Car Bath,1,17,0.017746227724915867,0.045777071637156205,0.026636164351229435,0.2754078599459985,0.49248429278240485,0.014137488844640077,0.12781088810194935
Dalgenes Interiors,1,9,0.0921260443671296,0.047069128292302226,0.005738332473103745,0.4373240205653322,0.21099791261884898,0.16642822902132234,0.04031633151074246
Dalla Vita,1,10,0.00756347083952273,0.0090349520614836,0.00239224099786948,0.46492388332262635,0.31741014008875934,0.04921195961069312,0.14946332792751488
Dallmeyer Physical Therapy,2,18,0.04993810552534538,0.10747345934052843,0.060821745589944604,0.21844408888783715,0.31414567366138924,0.1025735525698918,0.14660335959504456
Dan Marchiando - Paragon Mortgage Group,1,6,0.01365524821449065,0.005432116605030966,0.0871309288195334,0.39341837726533413,0.25295180912750465,0.008793157195517133,0.23861839498082796
Dance with Thomas,1,8,0.0121679499279707,0.00759662054770155,0.138021234266489,0.30463328806217754,0.30670051230117673,0.10547933429188558,0.12540106411324808
Dandy Dogs,1,27,0.034060197623653504,0.05338076984561561,0.0582322097691724,0.4595090508961153,0.24669211640678068,0.06399518075502575,0.08413046632927872
Dang Burger,1,14,0.021862060180865183,0.04724208213156086,0.004322499847538457,0.4435690938095961,0.2280386897203113,0.07592640514485535,0.17903916384758686
"Daniel F Craviotto Jr, MD",1,7,0.014767811833215572,0.11834680960912787,0.02035235332524667,0.46286320769494127,0.2279689936632556,0.0322768942985151,0.12342393323446486
"Daniel Rychlik, MD",1,7,0.16139462962746617,0.10360685814105504,0.005069105553307657,0.4915932638853389,0.19372393616608208,0.029202813149562874,0.015409401285328986
Daniel's Bakery and Mexican Food,1,23,0.0340024688200134,0.20107575268079725,0.029063967271687658,0.27028938299222116,0.32979523013953277,0.05310002171798888,0.08267317378245614
Daniel's Electric,1,10,0.07755248625762755,0.02134776962921018,0.00677611213177437,0.2552172456169501,0.5128715567290782,0.04454039870761332,0.08169441693462429
Dank Bowl Kitchen,1,339,0.024349247881693434,0.08487883872650615,0.008854674691094617,0.43348632594867564,0.28338553071239064,0.04152382685113309,0.1235215568840833
Danny Douglas Catering,1,19,0.021192744827682197,0.016319898177722513,0.0389014121365586,0.46174596882376234,0.2806373350322246,0.018316838130550895,0.16288579899915734
Danny's Custom Styling,1,20,0.01595602570450861,0.14630435006693004,0.0056910557817899995,0.3152493929781485,0.33202472236007446,0.0847971080918796,0.09997733789496119
Danny's Deli Bait & Tackle,1,84,0.02319211819364374,0.09792563611076076,0.023203015807320294,0.38370357663959676,0.32210307263968774,0.027986055004432568,0.12188653241831894
Dargan's Irish Pub & Restaurant,1,288,0.01763379657738061,0.08728386920241363,0.011224453716850855,0.5144374238192945,0.25054521426176907,0.025858651148559505,0.09301659252499421
Darin Jon Studio,1,69,0.05309812554944491,0.04244343210661279,0.013808913642381935,0.4778391741076147,0.23528140660145896,0.059657567096334185,0.11787138223661564
Darke Tan,1,8,0.05830776761285957,0.1562960554147139,0.0957380706968251,0.22086798193049614,0.2320910135749727,0.08519109358894635,0.15150800731498745
Darryl Widman's Television City,1,8,0.17957344651222226,0.287826117419172,0.006210989129613113,0.006483471668616362,0.29542384250089526,0.0667415318312123,0.15774061644333412
Dart Coffee Co,1,124,0.012386295791422421,0.028975259434270265,0.014468720929618241,0.5668048675410494,0.2541109341865165,0.04494570211353407,0.07830822014535262
Dave Scholl Automotive,1,23,0.06721669457771852,0.05233642519147981,0.08587558572585487,0.20163303753361103,0.40988856950855773,0.06060489869939727,0.12244477278917376
Dave's Dogs Grill,1,379,0.01611810254755039,0.0424605314686647,0.006967958572972091,0.4868313138158795,0.27311801937738023,0.0349163445101935,0.1395877328204325
Dave's Organic Gardening,1,8,0.012059353350195975,0.010506444785278225,0.001324128879787125,0.425827241881052,0.3642175456043332,0.06871987369959238,0.1173454371746629
"Davega, Fisher, Mechtenberg LLP - Attorneys At Law",1,13,0.019114197715400447,0.010367182638639392,0.14093847999062672,0.33776966546877074,0.3814958365490803,0.0059978073068822305,0.10431686348210158
Daves Dogs - Cart,1,162,0.021217857973641424,0.013817609040954762,0.006697575774232027,0.5087056564523574,0.2834309334004366,0.009918745082550074,0.15621162322924734
Dave’s Dogs,1,53,0.008293737336676873,0.015022808502489687,0.0021343153730069377,0.5465822849282116,0.24787176125419305,0.045322734164074015,0.13477235169694668
"David G. Becker, D.D.S.",1,6,0.007971064420416901,0.021956851473078087,0.006496939051430617,0.4632915394225468,0.3097500006357829,0.03791227269296838,0.15262133643651996
"David LaPatka, MD, FACS",1,16,0.02067170559894288,0.038988762760709464,0.05740441909802026,0.4629887315822998,0.252532436104957,0.06413578439241968,0.10327817255165424
David M Kim - Village Properties,1,53,0.032300448748019454,0.012320316936996414,0.013145421146204256,0.3586495818904127,0.4959329692822582,0.030795181675304456,0.056856094306018505
David Magid - Village Properties,1,7,0.014192015398293687,0.010300929525068742,0.007730696117505385,0.18038820595081356,0.7283692700522286,0.008089386425646215,0.050929510101143737
David Reynolds,1,5,0.03691300423815842,0.015332769509404862,0.0124225229956209,0.2265914269490167,0.2815402761101723,0.019404412736184862,0.4077956210821867
"David Thoman, MD",1,10,0.02328020907007154,0.13701476966962214,0.08548922359477724,0.2092726538539864,0.3576654995791614,0.11494874078780408,0.07232891735620792
David Watkins Design,1,7,0.015612470651311485,0.010234170526798229,0.12461939051614271,0.2100816714311284,0.4126021851386343,0.12475687122371575,0.1020932033258889
Dawn Patrol,1,816,0.01398643054248984,0.05771222756708329,0.009026633984902561,0.47984017740332896,0.319140266797131,0.030127486367407436,0.090166777921053
"Dawna Ara, DACM, LAc",1,55,0.028793044784106266,0.029864319357809314,0.15484037770021872,0.2971169054211879,0.2821835040876811,0.04982412084090434,0.15737773733298208
Days Inn Santa Barbara,1,44,0.0512414300914811,0.1396105388756206,0.03532528812568419,0.2893156388117032,0.3312998971351507,0.03784128894965921,0.11536591262979937
De Colores Photography,1,18,0.007604418387119106,0.012109985141756157,0.04638421300074288,0.5363516249280009,0.1839914728576938,0.010498354007722767,0.20305994667837185
De La Guerra Dining Commons,1,6,0.01704934402368957,0.1901190960779786,0.0026551886888531,0.08223530591446125,0.3904280057176947,0.15583419648464766,0.1616788262229723
De La Vina Inn,1,22,0.012929630420826836,0.020123619737040025,0.019495156782795633,0.7248371485197409,0.13771471372720867,0.03860405966406683,0.046295663437128695
De La Vina Liquor,1,5,0.07883126852102575,0.16820629521971567,0.09425789123633872,0.3982776560354978,0.15852385889738793,0.01971803726628418,0.08218500986695285
De La Vina Lounge,1,32,0.03699286588016544,0.14427665509720097,0.01259724809369795,0.4194852920354606,0.253496157383779,0.04987949729911629,0.08327228621965328
De La Vina Shoe Repair,1,28,0.05638396900446548,0.04916096985938822,0.050077177313921396,0.2506602138746529,0.3162946636189839,0.12371191526264215,0.15371107965308636
Dean: A Coffee Shop,1,97,0.03322831701340878,0.058310429595612404,0.009332722303464708,0.6062796096216657,0.17314097557946576,0.02528094638321429,0.0944270074665162
Deano's Pizzarama,1,13,0.009865240722249861,0.17633345049734295,0.01088356103103317,0.20756935457197517,0.3924935981631279,0.15522273167824513,0.04763205095122636
Dear Diary,1,29,0.047666704250049964,0.15878853728946551,0.02313013802732112,0.33294135703582817,0.24002263939072344,0.06606016435323216,0.1313904609956682
Deckers Brand Showcase,1,27,0.018894497343959864,0.05205071001330869,0.016279541781706756,0.30332485178951174,0.3372483617384676,0.020269584341871465,0.25193246660961044
Deckers Brands,1,7,0.07266944706706058,0.5677121743293745,0.05149051557028927,0.013045910779120614,0.1944213901712958,0.03469641825982496,0.06596414116211233
DeeTours of Santa Barbara,1,188,0.010794841559935668,0.006652225700003902,0.025167315023978433,0.6430740306361955,0.15469721211070944,0.011616897519722415,0.14799747062832153
Deep Sea Tasting Room,1,476,0.01724583753411548,0.04529499007912813,0.008380635066041987,0.5642266030287117,0.2362322080645616,0.03664805418704123,0.09197167226772736
Deep Soothe Massage,1,11,0.03990019597536455,0.020164692097089456,0.049616454835896405,0.38197321038354526,0.4256907064806331,0.020525787322019946,0.06212894013151524
Deep Tissue Massage Center,1,12,0.010929097091623851,0.03273690043715756,0.07888099952833723,0.18634798895800483,0.3556962884031236,0.08472496100390946,0.25068376849715907
Deeper Touch Massage,1,17,0.00789858903119556,0.015912081429953904,0.05400426028405915,0.4912383967106614,0.2476078120662885,0.06445486012243606,0.11888397271361416
Deja Vu Cafe IV,1,105,0.09841833129369959,0.2319703979717035,0.030488065371311976,0.2083085685025989,0.2730927445681854,0.06343621297717267,0.09428567644042359
Del Monte Landscaping,1,6,0.15057437556485329,0.02674274526846902,0.028395162662491133,0.21863017277792088,0.43439095839858055,0.013400949848194866,0.12786564898366726
"Del Pinho, DDS",1,8,0.030255511897848877,0.030012128263479047,0.006196150388859625,0.4998838861938566,0.31991318427026266,0.06373016105499116,0.050008995778625775
Del Playa Rentals,1,24,0.20847389775250724,0.3593346681445837,0.10926096178203197,0.05113410804672938,0.16992170415566454,0.04152752965940935,0.06034711772372243
Del Pueblo Cafe,1,218,0.016132177320979657,0.12680022988426753,0.009989270660598978,0.45281491093425646,0.2610514958393375,0.05182392008649608,0.08138799159937114
Del Toro Electric,1,7,0.015639109803097528,0.0076396925308341995,0.002996861876454157,0.2442405818229807,0.5443064251116344,0.017718493406261672,0.16745884144412618
Del Valle Grill,1,38,0.00889890854504248,0.040722397373572534,0.028821009746599454,0.4574720638215934,0.3118202284860767,0.06603074281194585,0.08623465203287957
Delaney's Desserts,1,8,0.0081159226247109,0.004529243975412062,0.0239907098439289,0.7074790596961975,0.1503435126505792,0.0031927473901304875,0.10234880144707856
Delgado Landscape and Tree Service,1,5,0.01406104154884808,0.01944071818143124,0.0051557636703364,0.2961228393018246,0.6291443094611168,0.00985052459873252,0.026224801130592758
Delgado's Mexican Foods,1,245,0.01999823022728819,0.1703395375226415,0.016985350346658327,0.3815539220205451,0.25179235293739,0.06604992585988445,0.09328068311977177
Delicious Decors,1,14,0.026330910523288963,0.014513564969612513,0.014518181523141794,0.49256479365950717,0.273533594195864,0.01318425291018288,0.1653546801369105
Delicious Expressions,1,57,0.01221381998804736,0.009170033243431647,0.002214034978430995,0.5929976307782916,0.1194765529464603,0.042344837100245,0.22158309060410317
DeliverySB,1,14,0.0376492624636739,0.016281956607209734,0.0036503205275428717,0.30773939312036547,0.24601810186036993,0.1336872226092964,0.25497374657009325
"Dennis B Dierenfield, DDS",1,8,0.09849458298413079,0.3170308807166293,0.19113767531234768,0.09304712536686562,0.0954301946330815,0.06178438317147079,0.143075182539178
Denny's,2,190,0.05605295774202152,0.25883589815746644,0.01490661131760321,0.18247899818954078,0.24966751786537072,0.08162588519411842,0.15643213987779359
Dent Experts,1,32,0.026731132227723668,0.08445036268676627,0.03598049806532795,0.25246897298711696,0.2754178840405075,0.03064476184954396,0.2943063936254475
Dental Arts of Santa Barbara,1,26,0.21227162002693284,0.21150102113964606,0.034671888582614344,0.16894088054631046,0.17326985591521055,0.09074404640481445,0.10860066357641836
"Dentistry in Paradise-Kevin Miller, DDS",1,41,0.012154543553706118,0.03418559193463491,0.04070349726698174,0.5064881960918173,0.2977705262487799,0.01177321235569779,0.09692443914927265
Department of Motor Vehicles,2,75,0.13250370149500665,0.17171021230363592,0.05982169104080333,0.14684613980508093,0.2334627362589041,0.056050514578819224,0.1996050083939917
Der Volks Werks,1,10,0.0789666888362262,0.06563116346951568,0.0036631896247854,0.10401040201541031,0.4374178136698902,0.22703989171423014,0.08327083745971317
Derf's Cafe,1,130,0.028428279123573447,0.20818079938673267,0.021282236389323236,0.35919003288816803,0.2227729336842178,0.05503862564935559,0.10510708646839839
Dermatology & Allergy Clinic For Animals,1,5,0.01218313798308366,0.19749533254653212,0.016434201830998,0.3228205187246203,0.27902949079871175,0.00838537700474256,0.16365195112302897
Dermatology Associates,1,6,0.19249787057439482,0.23147310223430387,0.0064055947198842335,0.08749277366829722,0.29564606499237317,0.07512659049825739,0.11135795632920532
Derrick's Roofing,1,7,0.011795245310557671,0.0036569346806832287,0.004281624548769114,0.6286735130207879,0.30461301361875875,0.006139637669548358,0.04084005050494197
Design Studio MZ,1,6,0.01927165101127073,0.14863969358460352,0.15172837960805427,0.3259923406876623,0.2907524090260267,0.007284844953877199,0.05633069636921085
Design Within Reach,1,8,0.0109603611490456,0.024081646100967122,0.10304023209755536,0.3709431047318503,0.39906370698008686,0.0262937482912093,0.06561720755416897
Designer Cuts,1,25,0.0699184090085327,0.11977377340197558,0.013551449164515304,0.11386630450841036,0.4046903231367469,0.10379013876430687,0.17440959668718276
Destination Drivers,1,5,0.05790796708315604,0.004041486512869561,0.011938416271004759,0.4634625010192394,0.4040320374071598,0.00403124967124308,0.05458637699484822
Destination Vine,1,5,0.00342349086422468,0.00194989499868818,0.0012049462646245399,0.7437268257141113,0.20880896784365172,0.0026859906269237,0.03819988071918482
Destined for Grace Thrift Store Goleta,1,38,0.02119888557353984,0.09334266491810247,0.02489221984318354,0.37281679064740036,0.2746814942649124,0.04092785207505676,0.172140102012475
Detail Pros,1,18,0.013384472733984338,0.009182310695501194,0.05502123508712323,0.372728380232325,0.2873688790326317,0.08553480968112122,0.1767799084902637
Deux Bakery,1,52,0.007964670861838333,0.025773335417257938,0.002452303694623754,0.376996392572227,0.3187822849274828,0.034260129844859336,0.23377087754824266
Diamond Finish Auto Body,1,11,0.02466094929894259,0.024961476632266864,0.0017711913440672364,0.2747151477431709,0.546839840202169,0.013710207729176992,0.11334118357097557
Diamond Shine Mobile Detailing,1,10,0.02054896631743753,0.05638398251030591,0.00527615501196118,0.2795729600591585,0.3103794172406197,0.11661268410971386,0.21122582945972676
Dianne and Brianna Johnson - Village Properties,1,8,0.010232648783130537,0.004105037289264087,0.0020762019812536375,0.636858370155096,0.2956072228262201,0.005343010183423725,0.04577751853503281
Dickey's Barbecue Pit,1,75,0.04022100282056873,0.27483586945803834,0.02530536471827261,0.15097036960922797,0.2433488135474423,0.0938294376727814,0.17148913982246689
Dimauro's Independent Honda Acura Repair,1,69,0.03243831861460495,0.019446801780588018,0.06843845420635125,0.2657504017883237,0.4633590450267429,0.04089365245443696,0.10967332875673264
Dimitar Tennis Academy,1,11,0.09142939979210492,0.01939170278439462,0.003942159896144928,0.48623900013891136,0.3276187682693655,0.009403029181571128,0.0619759831831536
Dining with Di,1,7,0.005794233725672257,0.0048742891522124,0.0011000263870560285,0.6304437997085708,0.17680939686085492,0.0033202344285589713,0.1776580355529274
Dino's Body Shop,1,37,0.05820425993108463,0.020264271955081282,0.02382341787735045,0.32651794048315663,0.37450836437779506,0.036144232638557774,0.16053751778688177
Dioji K-9 Resort & Athletic Club,2,132,0.017867304372802248,0.03709548377920516,0.027895754939174428,0.5993960526536808,0.20490985908051668,0.0257191729306765,0.08711637443136137
Direct Mortgage Funding,1,14,0.11625282875528288,0.050847579741717386,0.010957902721461922,0.18914191167069863,0.4860613849014044,0.02402298105880613,0.12271540034894961
Discount Party Rental,1,14,0.027530563770726806,0.010659607010893472,0.0019361326080147713,0.3785907040499816,0.2971309751405248,0.07065898316380165,0.21349302140463672
Discount Window Coverings,1,5,0.022460852097719843,0.006634511752054021,0.0024266349151730203,0.27468798458576205,0.5554662644863129,0.00836710073053832,0.12995665203779933
Discoveries Learning Center,1,4,0.006454201065935125,0.00387344992486755,0.001970311044715275,0.6098686903715134,0.16370202321559188,0.006047400005627375,0.208083966281265
Discovery Storage Center,1,9,0.09825902944430703,0.06923686477562613,0.013823138478781145,0.052073884470802155,0.3283957116719749,0.03494741661577584,0.4032639395445585
Disfruta,1,10,0.02111605561804021,0.0578245754120871,0.008853320637717802,0.3901492709293961,0.28525882232934235,0.02296862378716465,0.21382934590801592
Dish Cafe,1,10,0.008449283661320769,0.12445800728164609,0.00440306697273622,0.1594615568756126,0.3674746826291084,0.23450371632352468,0.10124969342723485
Distinctive Framing N Art,1,7,0.11998416969020449,0.0731076900348333,0.07067967916373159,0.36311974057129454,0.2428328791367156,0.033038486094613115,0.0972373746335506
Distinctive Video,1,12,0.007690682192333,0.00934922511805775,0.08225086310509742,0.5049869166687131,0.2597513109600792,0.012613499963966449,0.12335748303060724
Divine Align Massage & Yoga,1,41,0.011526298805753211,0.019921770271072798,0.07604640188254978,0.3551272593790711,0.31436986428481045,0.03335359932218741,0.1896548169755899
Divine Hair Studio,1,21,0.012855304457757214,0.01724622248383677,0.02945492562416581,0.5493722385061639,0.3019767462364619,0.03710407158359882,0.05199048837779883
Dj Hecktik,1,68,0.016845550641472237,0.007146246265619943,0.010084728286635793,0.5036111169165987,0.2654100720332387,0.015649520453092976,0.18125276179874641
Dj Zeke,1,62,0.017931363259952832,0.010002474831942903,0.02392661599855445,0.4928356214640512,0.26815055397849885,0.005532134761808444,0.18162123961073734
Do It Best,1,6,0.04180191563985616,0.1305745258869137,0.001574802910909,0.5352575048358025,0.243184531883647,0.009790739859454283,0.037815983872860615
Doctor Ryan Chiropractic,1,12,0.0079171493222626,0.009526995301712242,0.07843478901001309,0.5274991464490691,0.2546783456734071,0.017685070362252444,0.10425848502200093
Dodge City Shooters Supply,1,15,0.0212547300693889,0.07993139073563114,0.00333258362952614,0.3780530179074655,0.3675219138463338,0.047498767939396176,0.10240759414931135
Dodo Limo & Transportation,1,15,0.05567399892024692,0.012003925155537774,0.006710682432943292,0.5028528839194526,0.3151998904844125,0.010744544817134686,0.09681405760347837
Doggy Boot Camp,1,19,0.0560247049372839,0.1442248205053865,0.227300650268597,0.1713893250899242,0.23937366946943492,0.024320736968595685,0.1373660903129922
Dogtown,1,18,0.008248499918004656,0.12096649601072482,0.048884905669385414,0.346113706555722,0.2717513762310975,0.05512519203410996,0.14890983371878969
Dolce Vista Salon,1,33,0.029726959158186614,0.037246625427735186,0.044456558822386034,0.46293349963768077,0.23583434080479268,0.040816739265044935,0.14898527673248085
Dollar Car Rental,1,16,0.2657678261166438,0.14451311032462394,0.10709219703858248,0.05125253348160182,0.18308386852731925,0.12936435619485562,0.11892612006340637
Dollar Tree,1,10,0.08125351639464493,0.03419461268349546,0.08288102169753979,0.2215699813328683,0.2536035128869116,0.02193760008085514,0.30455974601209157
Dollyia Psychic Palm & Card,1,8,0.22456548293121156,0.025706385276862375,0.12286656361538914,0.3405013934825547,0.16856938565615562,0.06005834933603178,0.05773245578166094
Dolphin Pool Repair,1,5,0.030207390058785637,0.01564045681152486,0.00257184982765462,0.3694284960627555,0.4037977259606123,0.13986553521826858,0.038488593511283344
Domingo's Cafe,1,256,0.01927646691865443,0.06288808515671458,0.007476628863173525,0.4614061430543188,0.31772219094636966,0.036131378992649794,0.09509910625365588
Domino's Pizza,6,288,0.13751924189313686,0.20307985015147598,0.04595609841488916,0.12242617670098192,0.2608687110057669,0.08997317131676628,0.14017674855272663
Don Q Family Billiard Center,1,17,0.03526495976085933,0.14960550419260363,0.004389075730132888,0.394295633850133,0.27197355319581484,0.08322621918940802,0.061245059704079306
Don's Heating & Air Conditioning,1,9,0.10095963540435246,0.06324970649762282,0.0039025851292535225,0.30196956746901077,0.2662664763629436,0.021134347629008978,0.24251767682532466
Donna Romani Events,1,16,0.0340596628375351,0.011425713892094744,0.012008082161628356,0.4905840068095131,0.2673705639899708,0.011081863238359744,0.17347011604579163
Dos Pueblos Orchid Farm,1,7,0.008842812984117357,0.024852526407422713,0.06636793357444855,0.4687627372997148,0.29809437718774584,0.011400816562984615,0.12167881003447938
Double Dolphin Cruises,1,21,0.010831550140643346,0.014974684332541711,0.03097184113825533,0.6900317272215727,0.18071213040855666,0.026600304092945733,0.045877741428003375
Doug Ellis Photography,1,35,0.03727397695516365,0.03583190754954033,0.05031556679085558,0.527005992157917,0.2457507611119321,0.008033512512754073,0.09578828558192717
Douglas Cicileo Tree and Arborist Services,1,7,0.019767946763230185,0.00981406694544207,0.037615232718443185,0.3310697666768517,0.5031877958348819,0.0083319172263145,0.0902133038533585
Douglas E Wilson Plumbing,1,5,0.0162612211424857,0.01115318844094868,0.0022019537747837,0.44284404031932356,0.5102328509092331,0.0053051509428768805,0.012001602910459
Douglas Family Preserve,1,154,0.015596912813587552,0.028324815909931536,0.030152244785348475,0.5748301100075796,0.236482291830123,0.029000288043352543,0.08561334364545563
"Douglas J Mackenzie, MD, FACS",1,31,0.0868810633452789,0.1177933159718034,0.04198133424506518,0.3011952296327499,0.29255256686930453,0.054746418162399196,0.10485008677407615
Douglas Jacobson MD at Sansum Clinic Eye Center,1,24,0.08289454240002665,0.02052368612203275,0.08989051756968058,0.34857441219113144,0.3093399756859677,0.04333837283290142,0.10543851907520241
"Douglas Katsev, MD - Santa Barbara Eyecare",1,15,0.1421338159202908,0.06668403644580391,0.07728369891022636,0.24288828679903718,0.25332630889800684,0.10182256894186134,0.11586128712321316
Downey's,1,124,0.00841633085116378,0.04316962158660429,0.018069890964515237,0.5455350027412116,0.2349225145881064,0.04239705348699049,0.10748958402884098
Downtown Brewing Co,1,16,0.05259662872413169,0.26750010065006785,0.04938364713598271,0.1305281882450799,0.20815462659811598,0.10356457650777881,0.18827221846004247
Downtown Community Acupuncture,1,25,0.004525853493250852,0.019556387101765674,0.050254048820352136,0.5679461567383259,0.20748526035808024,0.06001050174701954,0.09022180919535455
Downtown Santa Barbara,1,12,0.016644944984970256,0.12213698110766313,0.07559601895627562,0.27015653157529107,0.3010493920883163,0.06324757598728557,0.15116855420637873
Downtown Waterfront Electric Shuttle,1,14,0.012442307164227272,0.025081801976609374,0.0049614692688919,0.21223639483962736,0.6102214216121605,0.021082708329361422,0.11397388298064466
Dr Hurtado Dentistry,1,15,0.019787362318796364,0.05295112981693815,0.0324430441386842,0.44788808734156194,0.24538472263763345,0.0705410552831987,0.1310045903238157
Dr John M Spencer DC,1,18,0.051502188512434516,0.06593670954074086,0.07569060336229283,0.3111848422009239,0.38668849220913315,0.04101336656862658,0.06798379323703957
Dr Kori - Chiropractic,1,22,0.008179253829770085,0.05032688491469752,0.030271324143871958,0.4007666004578244,0.3104708854701708,0.08407440594270482,0.11591063891749148
Drain Charmer-Husted Plumbing and Rooter,1,35,0.09525182678896396,0.10835570760370627,0.00926772847555439,0.26929665308977874,0.38166730238923,0.04213288822876551,0.09402789831760201
Drain Masters,1,24,0.036303438445126276,0.057764552312922456,0.034842950992848835,0.26579466430121096,0.5056721610017121,0.05338124573366557,0.04624098471443475
Drain Pros,1,5,0.016981445066630803,0.00922680166549974,0.01153184240683908,0.13922400809824462,0.46330122649669647,0.04444533912464972,0.3152893289923667
Drake Wines,1,73,0.024616787521876606,0.038224675215793445,0.0026636356224739193,0.5813831953708184,0.19550291174537918,0.030375168555135446,0.127233634479599
Draughtsmen Aleworks,1,75,0.012965457268680081,0.019899650502484243,0.02127980611403468,0.5742548597293595,0.26909034183869757,0.022796089371355827,0.07971379330381746
Draughtsmen Aleworks Taproom at Mosaic Locale,1,15,0.07226313544282065,0.060151432850398076,0.0029850233656664267,0.5400399133718262,0.2556386077155669,0.00623702063069984,0.06268484975832199
Drayton Automotive,1,5,0.12988527864217753,0.15593483019620175,0.06328286400530483,0.00810468150302764,0.37052632793784135,0.1461641158908605,0.12610189262777566
Dreamcatcher Artistry,1,34,0.010619814326192259,0.006793343173579582,0.0734476276847999,0.49988222223542195,0.21841620744260792,0.031140986799180235,0.15969979947925927
Drishti,1,16,0.03584242469514716,0.11543914954381757,0.004527739234617857,0.48215802544291364,0.14020608004648233,0.14481796656036747,0.07700862555066118
DropSmashFix,1,80,0.04849512936052629,0.05019379473087606,0.005644918399775587,0.24729466693752325,0.35943794108461585,0.0900583304552128,0.19887522574281316
"Drs Edstrom, Trigonis & Swenson",1,13,0.10581477744003324,0.08426842147197856,0.02390395370849332,0.5872984374246488,0.11796443601353805,0.02032396714919455,0.06042604830760791
Dublin's Sports Grill,1,36,0.0743168194150914,0.25123966934107655,0.032832619360609244,0.21590972235086758,0.24989581281422735,0.055448472473977294,0.12035689317336715
Ducati Vespa of Santa Barbara,1,40,0.09876766900997605,0.08646026554924897,0.04731196292559611,0.29473738772067004,0.2885604657349176,0.031176354436320212,0.15298588664009
Dude I Need A Truck,1,56,0.03648760514832761,0.0354033296233475,0.04420507251675835,0.3323797114197597,0.37768996922698406,0.03471366251635893,0.1391206555168277
Due Lune Cucina,1,76,0.027805643306285287,0.06128342982111984,0.02689152147228776,0.5393111997576565,0.1998810706856219,0.059743232262247245,0.08508390078082137
Duke's Boxing and Fitness,1,9,0.05885016500380713,0.12297616388079602,0.004192562379305101,0.5193734830536414,0.20083363261073825,0.016799574174607756,0.07697443926655163
Dulce Dia Events,1,25,0.01664659176953132,0.006832504027988728,0.050182394452858665,0.4824801067821681,0.21078420314937826,0.03316513936500991,0.19990905158221717
Dumpling King,1,55,0.03286865965293885,0.18247691423801532,0.013036798966244151,0.23968311555958774,0.3678383027012883,0.05648342197210609,0.10761278742416333
Dune Coffee Roasters - Anacapa,1,330,0.028595683331050947,0.07639064130242769,0.008267362300874477,0.4346687067014335,0.3033689496763558,0.04570419932204068,0.10300445316895612
Dune Coffee Roasters - State Street,1,639,0.01864891190160898,0.05542960636460193,0.009451411052849983,0.4748056906800869,0.2967519738012924,0.03918859724628374,0.10572380881832329
Dune Coffee Roasters - Storke,1,162,0.013936054396276298,0.07815262857561547,0.008253483869563621,0.4706543699763126,0.2894191035388589,0.047086968998579885,0.09249739171462819
Dunkin',1,96,0.06300283446034878,0.13974999438839095,0.017326174879296212,0.2503100202987601,0.23360612429193373,0.106247667291124,0.18975718203243253
Dunn-Edwards Paints,1,5,0.0141549075953662,0.00927734570577736,0.00568121890537436,0.3425507456064224,0.30965892001986506,0.0373140126932412,0.28136286139488215
Dustie Wagens,1,8,0.015034316544188138,0.0037753955111838374,0.0031297053064917625,0.5552595756016672,0.1315945764072239,0.0164474779448937,0.274758965941146
Dusty Baker - Sotheby's International Realty,1,16,0.016307185855111983,0.008964042128354725,0.11172311519476348,0.25744743275572546,0.4816329617751762,0.006058877967006944,0.11786639741330869
Dutch Garden Restaurant,1,155,0.01736111159684252,0.07985855555518585,0.012782650037608513,0.462573515185185,0.28834572356314425,0.04077094091072433,0.09830750020074414
Dylan Star,1,24,0.02658377935586027,0.006144246532736916,0.025223363023542292,0.6324882434370617,0.1310104677104391,0.019962139102669075,0.15858776991566018
Dynamic Healing Therapies,1,17,0.017282874789088905,0.00775133318486893,0.0740856301717405,0.2754046205321656,0.3688816389288096,0.03827752508496971,0.21831637140883894
E Salon,1,27,0.03513862160724342,0.024493945467165032,0.057643231013099865,0.5017078871088516,0.20376408189811085,0.08566778769751109,0.09158444547749776
E-Bikery,1,26,0.013533690321939733,0.013313408517905533,0.03639479296264018,0.6103836653145174,0.20609968266664785,0.030427384991736042,0.08984737950735362
E-bike Santa Barbara,1,69,0.00926181896879886,0.004402920724385361,0.01552175817609611,0.6642768614776973,0.18641766169499874,0.009329450819506329,0.11078952869697321
EDC Auto detailing,1,11,0.017521618209271228,0.021487932112491226,0.016585546969012727,0.29618998506868427,0.4137757481499152,0.009197241224517837,0.22524193488061425
EOS Lounge,1,330,0.028749494195146663,0.06523789299376813,0.011396022343912788,0.5380381451671852,0.23444062570025292,0.029330282300625964,0.09280754074094474
ESP Locksmith,1,65,0.034164901045509205,0.015413176094611625,0.02379568966750337,0.34411752087852127,0.2916363435869033,0.06066292878777644,0.23020943187248818
EZ Automotive,1,61,0.047423531719269635,0.013979981974011516,0.004431000349138521,0.3674411336876085,0.4268036152190361,0.030626515271981788,0.10929423048481585
EZ Overhead Doors,1,13,0.01707827382219521,0.005318776359602461,0.20361393190194993,0.34669602010399103,0.2657235281971784,0.029734414321585294,0.13183506907751924
Eagle Paragliding,1,64,0.013840232699294533,0.01029874264440872,0.05789757250795443,0.43246331130649196,0.2677684585069073,0.050591670278663466,0.16714001848231416
Earl Warren Showgrounds,1,30,0.05957068680824397,0.12281587069931746,0.03172436011858124,0.3563004937459482,0.24234139445858693,0.031955534976441366,0.1552916646430579
Early California Antiques,1,6,0.2023522172433634,0.14135968848131594,0.014593855924128185,0.11533129145391281,0.34231155055264634,0.04457282779427862,0.13947855867445466
East,1,49,0.04991186783192866,0.28415161113929455,0.03641210370536708,0.18955166068976997,0.25005567166954273,0.046186349623152295,0.14373074215480447
East Beach,1,56,0.008170833935894557,0.09294603075146105,0.03922800359526129,0.4817542854367015,0.2576638884326842,0.039944835680736444,0.08029212121411024
East Beach Batting Cages,1,21,0.023010544434544533,0.043807764809268165,0.0053556634659235386,0.3641137135702939,0.3334541793557859,0.1094332637509242,0.12082487228326497
East Beach Grill,1,169,0.019213872989942683,0.13129020839331657,0.011852751044968383,0.3757294258424811,0.3109830085452668,0.05813751437772921,0.09279321890721126
East Beach Rentals,1,11,0.012780992515300444,0.005315179804297619,0.03646928467258637,0.7269191484136338,0.14550244588066225,0.03756819371218703,0.035444726998155734
East Beach Tacos,1,857,0.01591868721146475,0.04061354228698556,0.009797723762082542,0.47721987617209033,0.31161437624882876,0.023479288430270976,0.12135650370326519
East Beach Wine Co,1,19,0.09671625238843258,0.14594307805313478,0.037996319222178165,0.2894361117505468,0.16966597113366186,0.10377170090980235,0.15647056975745052
Eastman Company,1,9,0.01027763733226389,0.005152347187201111,0.11257202912303099,0.24764079121976257,0.41879703663289547,0.035219657519418295,0.17034048680216068
Eastside Deli,1,26,0.006743854807259897,0.0065707882167771,0.005722844767240896,0.6632854654811896,0.16516474064869374,0.00936854079079165,0.1431437555987101
Easy Smog,1,14,0.03377596754580731,0.036723148809479765,0.006370932042565407,0.3654459868890366,0.3865779631638101,0.015539295638778336,0.15556670098365946
Eat This Shoot That!,1,79,0.00544297129071984,0.014914137656104854,0.0016163546215120456,0.7607090957993288,0.1073856907248308,0.016866032630971382,0.09306570714563599
Ebike Mechanic,1,5,0.01655491981655354,0.00496149063110344,0.00408282740972928,0.24616287611424922,0.6289993464946747,0.00840108403936024,0.09083746634423728
"Echt Margaret, MD",1,19,0.11868480539660112,0.18771916979580724,0.07100806176650186,0.21757653614163003,0.22941927388800598,0.07781868588522464,0.09777346613669864
Eckert Investments,1,8,0.418330593034625,0.2850396032445132,0.07604433188680554,0.00270494580036025,0.15791944460943338,0.01676472683902825,0.043196336540859165
Eco Carpet Cleaning,1,11,0.04890674549493596,0.12543335386594245,0.008950102039803272,0.2172478967325084,0.32265552844513545,0.08149836995554237,0.1953079958276992
Eco Friendly Cleaners,1,69,0.04047983669358692,0.07475678719397953,0.00695619209242669,0.3139651063374122,0.3144297515568526,0.04385605259238319,0.20555628047736385
Eco Friendly Cleaners - Goleta,1,38,0.028997958083269385,0.051078073035521185,0.002655887655763658,0.32191991861480723,0.33304844682693086,0.05819126139823834,0.20410845586172252
Eco Friendly Cleaners - Santa Barbara,1,24,0.021236643505593095,0.05078465336312845,0.011903190277128746,0.24773368222910597,0.3978293587764104,0.013995773110461067,0.2565166883092994
Eco Lawn and Garden,1,5,0.10282712951302526,0.17548424173146482,0.00252687128959218,0.2148017009603791,0.30168280676007264,0.015829120296984838,0.18684808304533357
EcoLawn,1,45,0.020619754211252714,0.016530357142134213,0.025424831813628115,0.4558093550278702,0.2738686261698603,0.010773920366126576,0.19697315662892326
Ecola Termite & Pest Control Services,1,5,0.08547599038574841,0.15033291715662922,0.004638408293249021,0.24783638603985306,0.4200252713635564,0.01658433005213732,0.07510671894997352
Econo Auto Center,1,12,0.07916427479358386,0.025949118940237253,0.07171312018181195,0.18590248632244763,0.3825610864441842,0.028571794828167147,0.22613811450234303
Econo West Heating Air & Plumbing,1,20,0.040861912828404415,0.01391876363777551,0.0051347351167350406,0.3137549155158922,0.40060400755610315,0.042207174567738495,0.18351849018363278
Economy Muffler & Brake,1,19,0.05129582601550373,0.04675665565790897,0.10984689166377247,0.28679888159967953,0.34439469128847117,0.015358934019643179,0.145548113205127
Economy Supply,1,14,0.04227433924929102,0.026326072443875283,0.0663736517058818,0.4119481861458293,0.3334477231505194,0.029576105140482162,0.09005392675421064
Economy Tree Service,1,22,0.1563834545562382,0.08556527079781513,0.04532953894257921,0.362707096977498,0.24700624537019225,0.06332797033246601,0.039680416780439244
Economy Upholstery,1,14,0.023686536654297735,0.05619502955648511,0.011296214280134415,0.24546340789778953,0.45776406056912883,0.06876539909613447,0.1368293365064476
Ed Attlesey - State Farm Insurance Agent,1,6,0.04415494686691087,0.020085092071288516,0.0051902695801496835,0.4036810836017442,0.4632149032937984,0.007769523033251316,0.05590419316043452
Edomasa,1,409,0.0208367679403607,0.11942813536556421,0.010119498992343852,0.3484209928769603,0.33809018336876334,0.057455195188305976,0.1056492290776086
Educated Car Wash,1,214,0.1171159109249754,0.28761465573399414,0.03401998522208354,0.08834771126621316,0.24609206412281298,0.0919449507752781,0.13486472281320538
Edward The Fix It Guy,1,14,0.02291653538122768,0.024088942063307077,0.07257911246935167,0.1768180024311212,0.5036232440200236,0.06883871846366671,0.13113544231081112
El  Sitio,1,144,0.014449387000139575,0.10717051828396502,0.02364581310980101,0.34647900946886995,0.36410299305700594,0.04918545160277664,0.09496683400842201
El Asyouty Sherif MD,1,11,0.2052143389697779,0.36942031331868325,0.10813374673968855,0.1677229381113482,0.060906981499018964,0.03134356252849096,0.05725810976317994
El Paseo Courtyard & Street of Spain,1,6,0.0057234384585171496,0.036118097991372104,0.0036237136422035167,0.3739537385602792,0.5011391577621301,0.021921109485750368,0.057520774658769314
El Paseo Mexican Restaurant,1,266,0.03273241424756259,0.1537812775903805,0.032086691588379526,0.3888718947982442,0.21027547537692282,0.05765526878377908,0.124596973370386
El Pastorcito,1,5,0.00561311407946044,0.00634153860155486,0.00274046589620408,0.6772563941776752,0.27218676134943953,0.0033649302553385003,0.03249680679291486
El Pollo Loco,2,90,0.08570628377427861,0.372589317165936,0.01685554947374228,0.17192173332279906,0.1916880523578988,0.0788174122675425,0.08242166432060503
El Prado Inn,1,21,0.012278599426194617,0.17940022089585125,0.013760332248195792,0.19314293500446222,0.3293412991444624,0.12357839433077186,0.1484982203913941
El Presidio de Santa Bárbara State Historic Park,1,31,0.007487924166789768,0.03994382111986554,0.009831794545114477,0.3098691542963347,0.49732053297902307,0.04409089228964496,0.09145587235088304
El Rincon Alteno,1,13,0.009626886162620269,0.08529179972650192,0.004853418329730576,0.4563004306110088,0.25672577729878515,0.0059860485982006,0.1812156449752644
El Rincon Bohemio,1,86,0.03341861152182177,0.12120000376409391,0.022908511271410536,0.3169584170574062,0.3038823200378913,0.058876596255834315,0.14275553951657177
El Rincon Bohemio-Goleta,1,18,0.009329719863469766,0.05435733709277374,0.024241906031319413,0.44714687668925357,0.2948921560827229,0.060942040633461904,0.10908995695515634
El Sitio,4,212,0.02363754636476268,0.15868012805937187,0.017302692822924164,0.32525939090404754,0.3570877318050853,0.04605589518685962,0.0719766052629807
El Taco Grande,1,113,0.04842901326287368,0.19336013450128625,0.0069979039001261635,0.3039886721850793,0.2696165276064941,0.04937155953241688,0.12823619081616083
El Taco Tequila Taqueria,1,33,0.03197043412012241,0.17066732781346544,0.013643997310392621,0.3461483746668267,0.27269086285466043,0.07203610059734655,0.09284290516128138
El Torito,1,182,0.05472207818484789,0.25294305658086896,0.03173978405267092,0.26119237292204867,0.21330227464396542,0.07357806848825187,0.11252236948284614
El Zarape,1,85,0.03025972872479431,0.10283513766686045,0.006844997048542294,0.4083308999272584,0.3084441503893364,0.037741893338149035,0.10554318672374763
Eladio's Restaurant,1,261,0.02741929872177351,0.13164722505364548,0.02394137792237958,0.3945552278589948,0.2678239090881984,0.04653184809918257,0.10808111108006313
Elaine's Nail Spa,1,17,0.02831645225695165,0.08448208996902819,0.00468101997787867,0.49607540604055805,0.2562970505369937,0.01823086513425493,0.11191710057284897
Electric Bikes - Santa Barbara,1,16,0.025220471405191302,0.05941426625213347,0.008428704735706512,0.44256578674321645,0.2854793483274988,0.012182347272755538,0.16670906895888035
Electric Bikes by Wheel Fun Rentals,1,10,0.027417602087371006,0.05972066100221122,0.03171675089979538,0.42550627889577297,0.3056027163751423,0.01070194148924196,0.13933403883129353
Elegant Nails & Spa,1,118,0.032699247014164184,0.07812412920500685,0.03189138198082461,0.40315401413718677,0.2742818147457063,0.055269563464068965,0.12457983414405732
Elegant Nails and Spa,1,5,0.05694850378204132,0.11696756193414329,0.01763637454714618,0.570108066452667,0.029693391453474716,0.00866743666119868,0.1999786645174026
Elements Restaurant and Bar,1,43,0.02568849211093033,0.10925554743762189,0.013196016170441796,0.3429582738804869,0.3345707012123839,0.05101803211538592,0.12331293305100566
Elephant Bar Restaurant,1,85,0.038634210001156785,0.19332595466745683,0.010427331437548462,0.21523555048282583,0.3374672819887671,0.09598111330860236,0.10892855734975238
Elings Park,1,44,0.021272378584729787,0.04346493694836014,0.007690265175452491,0.424610884336289,0.28942205272191623,0.05891838761057107,0.1546210946663367
"Elisa Fon, LAc",1,6,0.006104120247376416,0.027621719947395183,0.0208991716111389,0.39247117564082146,0.33912359302242595,0.08442892367020245,0.12935127721478537
Elite Disc Jockeys,1,33,0.011700307682269406,0.0062433887047297545,0.04612329245410912,0.5199045915382378,0.293040045395945,0.0193007947192668,0.10368756196376946
Elite Home Services,1,10,0.0216080341953784,0.01782291579293081,0.03173694187426004,0.3884674329310655,0.4787271241657436,0.00605091331526632,0.05558665920980271
Elite Movers & Packing Services,1,45,0.022191961156204292,0.011190949553727231,0.029049807510778472,0.3027787886870404,0.4203715898510483,0.012789079218378453,0.20162783076779706
Elite Nails,1,45,0.11881948254692054,0.14346869302551363,0.02506991630135512,0.308678723199086,0.2269494716181523,0.07201752498642434,0.10499619275538453
Elite Performance & Rehabilitation Center,1,9,0.060603161432987246,0.020166579957327034,0.07015945363350001,0.3731806210837223,0.17643107463502217,0.14406751028986436,0.15539162606000895
Elite Pup Training,1,46,0.04533086795582553,0.014898088489881795,0.207141945581458,0.21814271318220085,0.38002470854426856,0.018539397192754454,0.11592226545832561
Elite Rooter of Santa Barbara,1,7,0.09790898101138211,0.22747415314162414,0.02848743610749283,0.05829392359425708,0.3814059530517885,0.0855069631444556,0.1209225660256509
Elizabeth Wagner,1,5,0.014824472647160239,0.00914945211261506,0.0039762492058798195,0.22770671620965,0.6327142655849457,0.00391447143629188,0.1077144037932157
Elizabeth's Garden,1,12,0.010323356090035866,0.004866862456158983,0.002705324804992375,0.5912805323799452,0.2487343399940679,0.007555832213256442,0.13453373522497708
Elks Lodge Santa Barbara No 613,1,12,0.08147915870843761,0.05506300576962526,0.05826100299115444,0.43539270034913596,0.30951452596733964,0.009794005251023875,0.05049559384739644
Eller's Donut House,1,48,0.018156356316467236,0.05167888068657092,0.0021614611796393897,0.4204119396866493,0.39490645308978856,0.027672807618121877,0.08501209958922114
Eller's Doughnut House & Bakery,1,75,0.13069167026629047,0.2336825997017634,0.027504694817665296,0.2057552538517241,0.2501417224357525,0.03230117789159214,0.11992287931187695
Elsie's,1,155,0.042630597126234515,0.08933033129151516,0.02124021523425561,0.4325922273991314,0.3076827657904716,0.0399640106220519,0.06655985031787662
Elubia's Kitchen,1,74,0.006409665124453053,0.03788605840511716,0.002339163318833261,0.5825116236134105,0.26715687625865275,0.02003428759367981,0.08366233027993218
Embarcadero Company,1,5,0.2314557835459709,0.22993767140433188,0.05023765894584352,0.08446907948236908,0.23475295230746265,0.11091387532651423,0.05823298981413242
Embermill,1,213,0.011184386106124839,0.05899886872718858,0.00957014427155234,0.5626918654703041,0.22380626598862763,0.0214737781425697,0.11227469196479695
Emilios Ristorante & Bar,1,50,0.020341393228154578,0.11731657040887508,0.005113291980815073,0.4519565360035631,0.2624268067721277,0.0675451679900288,0.07530023097875524
Empress Palace,1,201,0.03675577467665377,0.22718309500053133,0.021981450609036845,0.23798303976576812,0.27907032338527044,0.0760269423735916,0.12099938075097542
Empty Bowl Gourmet Noodle Bar,1,723,0.019725801636781084,0.08738667909437554,0.013197430944651282,0.45964335724180866,0.27371448455835695,0.04043116502416796,0.10590107968654466
Encina Meadows Apartments,1,9,0.041685219698895964,0.028149174565138865,0.1160008071714805,0.31498460057708955,0.2364771552383899,0.18227315414696926,0.08042988087981935
Energy Tattoo,1,176,0.042476592269932424,0.04506566664349516,0.052689123844009485,0.4586378398053057,0.24262670000660524,0.0545259574659708,0.10397811885724707
English Chiropractic,1,5,0.01305197831243272,0.035472310567274616,0.010154893156141,0.286506625264883,0.6004826188087463,0.013864881172776181,0.04046665858477348
Enjoy Cupcakes,1,167,0.013551904248285567,0.03389200347776848,0.00834217462040379,0.5509907193691052,0.21800052212038168,0.033357232849498396,0.14186544602870668
Enjoy The Mountain,1,48,0.017507093799698198,0.045706195245050624,0.08056885518332511,0.5479167107744919,0.1927666685369331,0.030039518208165288,0.08549496281193564
Ensemble Theatre Company,1,11,0.04856967911208891,0.011967225100802718,0.020357596015938593,0.5218094884502616,0.23014755136418066,0.028410864951596972,0.13873761147260663
Enterprise Fish,1,1143,0.016474981841923295,0.1168316321129004,0.012407727815605544,0.4655322259297252,0.25304918040171887,0.04229142926021231,0.09341282478894945
Enterprise Rent-A-Car,5,183,0.07080831635289164,0.09488292292566441,0.05197442421413536,0.27648473455385514,0.2975621111894565,0.06682100794863338,0.14146648401673115
Enviro Solutions By Lawrence Murillo,1,8,0.1000282892491668,0.07513907068641851,0.009730997728183814,0.35920598547090776,0.3043851759284734,0.03524390820530239,0.1162665577139705
Eos Transportation,1,81,0.02670336683657315,0.01714837157532545,0.004143711829480355,0.6189405522625433,0.20730912519825825,0.01015586873378462,0.11559899589104321
Epic Bowl,1,36,0.03453039378574528,0.12993227632574011,0.022487853812183104,0.2632496379632761,0.33401662338938976,0.04299215484772702,0.17279106114680565
Epic Motorsports,1,25,0.020378133398480665,0.0690048295166343,0.010941718516405616,0.3226844082120806,0.3027182956039905,0.10255521832499648,0.171717406027019
Epiphany Restaurant,1,29,0.011943432430190717,0.06218577776874957,0.01343720200158458,0.417788209000217,0.2876815791081252,0.09837483458927475,0.10858896525640935
Equinox Naturopathic Medicine,1,11,0.062007773794572424,0.017963068813762837,0.06178396558177401,0.36832247132604773,0.37607821551236237,0.05285224009474565,0.06099225407127626
Eric Krebs Auto Repair,1,47,0.0662596468749317,0.061988769050816316,0.0423350531318066,0.21947847496212872,0.4149583228120699,0.027904305213249856,0.1670754252279058
"Eric M Wallace, DDS",1,21,0.0248780196527063,0.11648704329716215,0.26132791161875324,0.19495267447616368,0.31428449645283674,0.0514144095636549,0.03665543901955794
"Eric Shepherd, MD",1,5,0.0045207522809505,0.01573246726766222,0.18130486505106086,0.14848587997257706,0.4233411468565464,0.14233710495755075,0.0842777948826551
Eric’s Auto Tire Installation Center,1,7,0.020234375659908516,0.0057871017239189,0.022638401864761685,0.3948574481265886,0.2887185494016324,0.019043318262057584,0.24872080888599155
"Erik S Wipf, DDS",1,67,0.010985278596566355,0.021426034693383743,0.09337457341190644,0.3687012718900093,0.37034684466893103,0.03660067611672813,0.09856533051690833
"Erika Klemperer, MD - WELL Dermatology",1,8,0.08278615404560694,0.0517918902332894,0.03312994875523141,0.34161722980206827,0.15737571497447783,0.08424991532228882,0.24904914369108153
Esau's Cafe,2,495,0.01847219226453825,0.12074603356428044,0.00871365589811109,0.4250061079571047,0.2844795258729859,0.05650190522945999,0.08608057546144761
Escalera Pest Control,1,23,0.07737597736337663,0.09485428216968375,0.06894659207192368,0.18354708089938626,0.37642363827351644,0.07402781838470174,0.12482461478540913
Esportiko,1,5,0.01573998108506196,0.00448870519176122,0.054854047473054335,0.49237407445907594,0.375171910226345,0.00446869488805526,0.05290262475609776
Essential Massage & Wellness - Santa Barbara,1,8,0.007141480484278812,0.012089731681044161,0.004632644657249275,0.48386990488506854,0.21474823285825548,0.007062874443363362,0.27045510767493397
Estilo Jalisco,1,34,0.011215682750951224,0.019393074678887064,0.02937662065789262,0.5658353062154835,0.28666995965656544,0.026535484823398247,0.06097386440481329
Etherton Real Estate Group- Justin Etherton,1,18,0.012298762242102744,0.006745297325930194,0.11194677676151812,0.3514723971279131,0.44218911975622177,0.019672524869545422,0.05567512151578231
Euphoria Hookah Lounge,1,12,0.014553390904135634,0.260531273195132,0.0447042430702519,0.35686350080262247,0.22214064347402498,0.047714050713693675,0.05349289459021136
Eureka!,1,1024,0.028514576308395996,0.11260993607487531,0.01450503262685738,0.42751039909811084,0.23979674516635893,0.0523798424284791,0.12468346674353366
European Deli,1,11,0.008808572385036764,0.0464595795122229,0.001895426126958918,0.4281050374477424,0.21459229713813824,0.24928372476080599,0.05085536130619314
European Deli Market,1,48,0.01051582137976457,0.04955033059013653,0.004645052524210721,0.40765485780866584,0.35987311868423905,0.03768660866383769,0.13007420890304877
European Sun,2,54,0.03753743336009961,0.07922341437208358,0.027035449042698514,0.49751140962190993,0.14933467503740552,0.06610166796491718,0.14325596684917666
European Wax Center,1,99,0.06199153839972694,0.09919939851776383,0.035747295663271034,0.3902470330711257,0.2443313684544968,0.05036904487048619,0.11811432963227755
Evan's Relaxing Station,1,96,0.048242738070257425,0.15476847318374587,0.041706393611396636,0.3168063825108523,0.29694476881316706,0.03582888656092104,0.10570235459817919
Evangelina Boutique,1,9,0.09602657441023939,0.06964503387118581,0.06590954706512593,0.37590729962620467,0.16212999386092022,0.130033781286329,0.10034779438541992
Event of the Season,1,16,0.02310693121398795,0.007438999884470775,0.006554075262101788,0.5118728308007121,0.20180370495654637,0.0283485182881122,0.2208749318378977
Events By Rincon,1,112,0.020997010481680994,0.02406667704105655,0.003051624016214662,0.5831318457983018,0.18153618701866692,0.021831593570823267,0.16538505864653932
Events Unlimited,1,5,0.25421878264751285,0.20581181303714396,0.0063097357866353804,0.1926860102335922,0.1387014862149953,0.16628036182373762,0.03599182274192568
Events by Stella Mare's,1,10,0.010689713491592489,0.01503882767865428,0.00574479187780521,0.5654904725961387,0.14268184490501876,0.03212918816134328,0.22822516508167606
Everclear Pool Service,1,5,0.01383061660453672,0.01004894871730354,0.00518319504917596,0.4259841164574027,0.22658292260020968,0.01659712491091336,0.30177308642305434
Evergreen Open Space Disc Golf Course,1,5,0.004156894958578,0.00539267230778928,0.00383870011428368,0.5804847061634064,0.27035512216389174,0.10260688788257535,0.0331650237552821
Evolation Yoga Santa Barbara,1,39,0.023286468888191122,0.01107953935831732,0.009229140664385108,0.6697192866808902,0.15406534248867473,0.07430256005878054,0.05831766275700941
Evolutions Medical & Day Spa,1,112,0.02297617882088936,0.0600884919372869,0.025693278979945534,0.5455904419359285,0.1841683890587384,0.0542202196801164,0.10726299828508798
Exclusive DUI Defense,1,12,0.14386902132537213,0.06081115726071096,0.2121770024435439,0.13011434393896096,0.13529761880636212,0.15682713284331834,0.1609037032758351
Exclusive Nails By Alejandra,1,8,0.02818763219693206,0.008291384569019976,0.002508354984456625,0.481595816090703,0.27024566871114075,0.010819600400282013,0.19835153588792306
Explore Wines Tour,1,49,0.005672391226077974,0.004263613298202685,0.007750562480080594,0.6430804840460116,0.18817218377882117,0.004096203440876288,0.1469645637030504
Express,1,9,0.19037335153876078,0.21357189124036163,0.006050761381629811,0.1379994760241566,0.1435159854073491,0.12829288255630264,0.1801956739121427
Express Cleaning,1,12,0.018660296918824273,0.08471451338846231,0.06833780992504516,0.18443029366123176,0.406482523928086,0.022864293307065908,0.21451028203591702
Express-Rooter,1,31,0.024777909860976232,0.023569038190368152,0.022662943245978198,0.26451973762783787,0.5002962218657616,0.04525190552756666,0.11892224824236279
Exquisite Auto Body & Detail,1,6,0.009339746941501867,0.003176135088627517,0.0012221526024707666,0.7186431412895521,0.14726280824591712,0.010008376945430967,0.1103476372857888
Extended Stay America - Santa Barbara - Calle Real,1,127,0.0674116272024634,0.4064880800066794,0.03543569607564837,0.11648406809279288,0.2165440088302982,0.060076972451354294,0.09755954390032374
Extra Space Storage,1,16,0.04370998073864024,0.12297767754353112,0.14721326692961154,0.29032557775462914,0.2606382577359909,0.01067046985554037,0.1244647600178723
Eye & Vision Care,1,67,0.09399702861894668,0.061866989399223034,0.04252842998648155,0.3079523039840981,0.33787002834950136,0.06888543507397003,0.08689978367079101
Eye of the Day Garden Design Center,1,13,0.08745286669223924,0.06312150758906049,0.07744551561504168,0.23706406525945145,0.269650391732844,0.06378671370195936,0.20147892890068198
Eyeglass Factory,1,74,0.0660886172884823,0.06330677330795972,0.021888317746374505,0.3581815826406897,0.27545004359735925,0.06409944635281033,0.15098521771928844
F45 Training Santa Barbara,1,29,0.020986414215415018,0.007780175776509845,0.06234025120020615,0.6157182805753988,0.16674771612702768,0.014659052622376026,0.1117681018879701
FYE,1,10,0.09552732633892443,0.1054374535800889,0.02563490363827437,0.19947968508349728,0.19584215506911276,0.15614755568094546,0.2219309357926249
Fairview Barbers,1,49,0.04317290336725164,0.09764499209372188,0.027295368995009017,0.3780095573765349,0.33855550519513833,0.05766974969729016,0.05765191568251771
Fairview Car Wash,1,143,0.07778134581696407,0.2143604256875383,0.028271803273974015,0.1592843015417717,0.2857232287874562,0.09280785251330659,0.14177103770141308
Fairview Chevron Station,1,20,0.036448181048035586,0.0626783402112778,0.039443179982481466,0.18724015387706455,0.5536164358258248,0.029331280477344936,0.09124244316481049
Fairview Motors Brakes & Alignment,1,50,0.033088137484155546,0.02450240454170848,0.02024101832648734,0.2085228652961086,0.5156328046415001,0.024639111012220334,0.17337366371415552
Fairview Shell Auto Care,1,20,0.20944547341205175,0.1245820092502981,0.025288841529982113,0.12373134628287512,0.3206946109887212,0.05391288036480542,0.14234483432956038
Faitell Attractions,1,10,0.0069310767343267205,0.0035795559640973097,0.00292985249543559,0.5852739252150059,0.17944758851081127,0.00438517248257988,0.21745284795761105
Fala Bar,1,71,0.006763287921580372,0.05557096574265295,0.004679732853103978,0.5446033968555767,0.21491456239051376,0.03248045733034553,0.14098759458488846
Family Barbers,1,11,0.006803292299578409,0.00617635234216731,0.0014666064102625365,0.5482962824065577,0.3783678918949921,0.013318691656670734,0.045570896557447525
Family Discount,1,10,0.04371418338268992,0.0877811887999996,0.041634175047511185,0.3380202729720622,0.3572480071336031,0.01652005587238814,0.11508209388703106
Family Practice Medical Group,1,16,0.09131410759437127,0.16191460762638593,0.10208616549789436,0.21037736934522397,0.24839217134285715,0.1437434099789243,0.04217217583209271
Family Tree & Garden,1,5,0.07968970593065018,0.041071281768381554,0.00546679989201944,0.3431213406380266,0.4755364626646042,0.01246728268451984,0.042647159285843325
Famous Nails,1,95,0.07706139546843536,0.08825289717673222,0.012896468927991823,0.4128434847154973,0.22200437070262663,0.0325994857298945,0.15434189870659454
Fancy Nails,1,81,0.09391441727545752,0.1315520360525467,0.02688849740949121,0.2975157012643413,0.18816983843808643,0.1075106158085098,0.15444889501381062
Fantastic Sams Cut and Color,4,104,0.06403351342977162,0.12991493298781837,0.03894188155838767,0.2841661276817411,0.2798958884399885,0.051282751967217016,0.15176490638987158
Far West Guns,1,28,0.07213390744956472,0.10420822208730633,0.02983279658448213,0.2089196737714311,0.4119381626203124,0.02546202516948266,0.14750518600755766
"Farida Bounoua, MD",1,6,0.022146117446633615,0.06443943999086812,0.10638063007111968,0.2208987835329026,0.5288014809290568,0.015075629615845734,0.04225791672555105
Farm Cart Organics,1,10,0.00586878503672772,0.00501875919289881,0.0011475069331936,0.6710919382050633,0.28444300480186935,0.00514490938512604,0.0272851272951811
Farmacy - Santa Barbara,1,50,0.030698744475375815,0.12931531842797991,0.02710963963414537,0.4208598905836698,0.19273372081108386,0.04829771720571439,0.15098496290855107
Farmer Boy,2,293,0.02242291770611628,0.09636748659463416,0.00941951063399217,0.4133817542062432,0.2791442547912102,0.058116046688757764,0.12114802570361957
Farmers Insurance - Christopher Baxter,1,7,0.10036755030575603,0.1299864359066954,0.017330842475140686,0.2562563140444191,0.2567039310399975,0.009954922250471971,0.22940000785248613
Farmers Insurance - Israel Riley Ramirez,1,8,0.031402602035086546,0.006082585459807837,0.005810614587971875,0.19027917081257326,0.3687271284870803,0.0202132709237048,0.37748461193405086
Farmers Insurance - Maureen Martinez,1,9,0.19237792015903524,0.1040189046050525,0.006270808322975978,0.24043772129678265,0.38614828201631707,0.042105596305595454,0.028640759177505932
Farmers Insurance - Ryan Warner,1,6,0.036204345989972284,0.02010874252300705,0.004397410346427884,0.35802751127630467,0.3225033978621165,0.23417430972525224,0.02458430415329828
Fashion Eyes,1,14,0.015356755732292521,0.008728000102564642,0.004042585068548586,0.4433226573580344,0.2683139542516853,0.046389200134269296,0.21384686434508432
Fast Lane Oil Change,3,94,0.11529380771544501,0.16067305879643867,0.04743096685257458,0.14318021378966608,0.3557953655799019,0.04919374549013379,0.1284328383118647
Fastlane Smog & Oil Change,1,16,0.0682967361499322,0.10952521416766099,0.05076710438152073,0.1862655996719695,0.4660541642224416,0.03643067285884168,0.08266051161626815
Fastrack Bicycles,1,53,0.019714023122774777,0.02724679589561481,0.026815636223511508,0.3475842741318047,0.3374417272730256,0.03020468208815828,0.21099285798955636
Fat Burger Restaurants of,1,7,0.016722329426556774,0.2026159039066572,0.005956184451601286,0.18178016817130677,0.2735815229160445,0.03592116638485869,0.28342269387628344
Fat Eyes Web Development,1,6,0.029572227348883918,0.007957112664977667,0.00258478916172555,0.39072533976286644,0.4456516280770302,0.004142246674746233,0.11936664534732695
Fat Mo's Burgers,1,10,0.014874580129981002,0.2003925587283447,0.04942642613314087,0.04970523251686239,0.2894451839383691,0.03051125542260702,0.3656447926303371
Father Jerry Bellamy,1,40,0.015493746439460613,0.017264472723763868,0.04988718734530262,0.5836192801129073,0.22674431276973334,0.011135771614499338,0.09585521895205598
Fattes Pizza,1,10,0.030870949616655652,0.03188197977142404,0.007958492828765831,0.33476963234134016,0.14516973420977589,0.104226598853711,0.3451226249337196
Feast and Fest Catering,1,32,0.03439045077539045,0.04673672632270604,0.008119716241708331,0.4704974514897913,0.21472135261865327,0.03962615801719944,0.18590814176423007
Feast: The Cafe at Field + Fort,1,34,0.009288586479241856,0.08240897513186446,0.022362271162016983,0.47901277249740604,0.24655556148739854,0.0934819632196141,0.06688986042760967
FedEx Office Print & Ship Center,3,144,0.1334996196439735,0.20305786583897617,0.05195275053625256,0.1413230694852245,0.22045605969550602,0.09734455141248566,0.15236608661264953
FedEx Ship Center,1,15,0.14153448076297837,0.17646235320717094,0.008667159134832474,0.14048514030873774,0.29322242916872104,0.05324223268932348,0.1863862138241529
Federal Drug Co.,1,23,0.09617840740627241,0.09533778339138493,0.004927062411772274,0.26534503947250015,0.36907455240092846,0.0255329491084684,0.14360419628412824
Felici Events,1,21,0.018363391226600984,0.01943949981969555,0.004996168137516857,0.49740000505976023,0.299160113292081,0.034325907405997995,0.1263149189541027
Fence Factory Goleta,1,22,0.05644724367779082,0.06835487949534907,0.047770991822207225,0.24540474831486456,0.43565970269793813,0.05005780416964126,0.09630461806558407
"Ferguson Bath, Kitchen & Lighting Gallery",1,16,0.0867455568804871,0.06383457275296674,0.043865501926120445,0.20137440315011187,0.28876234416384244,0.14766816681367342,0.1677494394534733
Fermie's A-1 Autobody & Paint,1,30,0.1070286784592705,0.029419307210870653,0.07523850100502988,0.3631457841799905,0.19423049665832268,0.031279300331758915,0.19965793179192887
Fernando's Churros,1,43,0.021804397405926525,0.05077706077569268,0.02320238163960053,0.3446794684440287,0.3601807754400164,0.034216063346193926,0.16513985161517938
Fernando's Smog Check,1,200,0.02098096273140977,0.016148898969404347,0.017153353357789405,0.44483925993787127,0.37816469704033806,0.025636755494051564,0.09707607735414055
Ferrel's Chiropractic,1,8,0.024761771375779038,0.021009143820265263,0.044914093770785216,0.21098578264354723,0.37257405812852085,0.12214219234010666,0.20361296029295767
Ferris Heating,1,7,0.09336358614798097,0.03151180176064366,0.1545415390282869,0.2062615041754075,0.23473049168075835,0.19662322942167515,0.08296785250838311
Ferris Orthodontic Group,1,43,0.013659997805303225,0.008475580101096303,0.03287760396677519,0.5781985404901206,0.20542787762662001,0.015177496359683526,0.14618290505686035
Fess Parker's DoubleTree Resort,1,703,0.03588333884009008,0.16277129851380334,0.02214012476685154,0.2623641362794556,0.2518359539580927,0.09573178710402708,0.1692733617233189
Fidelity Investments,1,7,0.213574958499521,0.05938085008944778,0.006186160059379628,0.061926865135319496,0.5628639640552657,0.04878696247137015,0.047280215924339584
Field + Fort,1,32,0.00725934834554205,0.042148803539021125,0.02387054885639368,0.5246160771603172,0.21118550494429653,0.04256614083715245,0.14835357375704913
Fiesta Inn & Suites,1,31,0.04703375697886987,0.46931821812364843,0.06390665662888012,0.08545636534202658,0.15958337224419075,0.04423421346807787,0.13046741842352333
Fiesta Market & Deli,1,27,0.02362237683997519,0.1256061912971307,0.03261978128122988,0.20745975462098912,0.37393993187557767,0.04724973510881812,0.18950223048321072
Fiesta jumps,1,10,0.06217906351666893,0.061242257896810724,0.05402088964183342,0.4801556154852733,0.21397858932614322,0.02181916048284615,0.10660441974177952
Fiestaland,1,7,0.0156487426720559,0.020746544169794184,0.005376258274606757,0.2457333482535822,0.26050689470555094,0.15726738286736816,0.29472084370042595
Fig & Haley,1,5,0.0076156582683324595,0.08711581192910665,0.0021214003441854803,0.45161730139516293,0.4146618444472551,0.00860530682839448,0.028262660745531278
Fig Esthetics,1,9,0.11647993564191787,0.010972004125101645,0.03370325435793745,0.5622395421119614,0.22510180436074728,0.004915890775413934,0.046587570984330404
Figueroa Mountain Brewing Co.,1,437,0.02748414522899497,0.08295043863272726,0.009155499428010857,0.5006705536630944,0.24453795297088385,0.03596223756624062,0.09923917635022157
Figueroa Street Complete Auto Care,1,78,0.038469694686146076,0.01881005011427283,0.023249670030334194,0.28827965218060386,0.4370454810440349,0.03952246158568853,0.15462299632744333
Financial Credit Network,1,6,0.3327532102509091,0.3610101550196608,0.04497433368427054,0.16133872912420574,0.0594068321709831,0.02226032922044392,0.0182564157294109
Finch & Fork,1,1428,0.015185604135058081,0.0700632194100314,0.008567028081509841,0.5401044273979501,0.23212269774908117,0.030042682155888126,0.1039143397897698
Fine Fabrics Of Santa Barbara,1,12,0.07577536317209399,0.061858918818567504,0.00902601869893255,0.16643915724125688,0.3546305483517547,0.015754871574851316,0.3165151268864671
Fine Heart Photography,1,9,0.004778217912341111,0.004703225645547055,0.17005401270257098,0.639129185402352,0.0937196753091282,0.0032411884878658,0.08437450693195887
Finestra Cafe,1,5,0.03782708090730006,0.07179360790178174,0.0077900076517834595,0.102480025216937,0.6952620267868042,0.029652794869616576,0.05519445743411774
Finney's Crafthouse,1,1072,0.020581374541235566,0.06818827617253322,0.011912505853262596,0.5478482098868026,0.2226933390132339,0.031908922643577045,0.09686737217379594
Fire & Wine Catering,1,39,0.008845795778772526,0.00581334757272341,0.0022201501735998976,0.5105341709195039,0.20726920220141223,0.004081954570630374,0.26123537243797607
Firehouse Subs,1,24,0.007604451112759558,0.0698153291305061,0.004090636277396641,0.4068225249260043,0.2156038841931149,0.08041027033080654,0.2156528997875284
Firestone Complete Auto Care,1,78,0.12285956880674717,0.1042529114339954,0.07557761590354713,0.1091393104997666,0.3348775043761214,0.05918969067995647,0.19410339014556927
First American Title Company,1,5,0.08802282847464082,0.09382647192105646,0.007535677240230081,0.19945344051811842,0.5554439082741738,0.019805779028683863,0.03591183200478548
First Bank,1,10,0.12317568543367083,0.15390652311034497,0.0706975407287245,0.168205076851882,0.2484067388810217,0.13119615525938566,0.10441229022108015
First Paige Fitness,1,5,0.01712495246902104,0.00599343893118198,0.00398881772998716,0.4879765138030052,0.32685982137918473,0.00806922875344748,0.14998720884323116
First Republic Bank,1,8,0.007859234479837999,0.007186843082308713,0.0162837116513401,0.55588780681137,0.23092781525338066,0.043000202276743886,0.13885439164005217
First Step Equity,1,38,0.3468449409058514,0.15285583076643214,0.06223279321995118,0.03585840769933139,0.18392755159814103,0.031427730432417395,0.18685273300415195
Fish Window Cleaning,1,8,0.021261959453113335,0.0128402266709599,0.010290253485436487,0.505940806644503,0.3844510060735047,0.024831145390635315,0.0403845959808677
Fisher Strength and Health Gym,1,12,0.004300644946245725,0.006255976356139058,0.0019735117239178747,0.5539642359750966,0.3423053872150679,0.006458403697858192,0.08474182469459866
Fisheye Leak Detection,1,18,0.03159574446423596,0.02644586501022175,0.06515054091707696,0.31150310706450707,0.35380881041702295,0.0131544131889111,0.19834150229063296
Fit Buddha,1,74,0.020371254264515443,0.03716432836301607,0.02942853758734571,0.5232251716323033,0.20904929966137212,0.034999929793254496,0.14576147193391173
Fitness 19,1,96,0.10762904842522399,0.1200154779162403,0.040350988623382926,0.22073761285961757,0.20562438043513487,0.13061739825813368,0.17502509029630645
Fitness Transform,1,12,0.013772392567867992,0.05432556075781269,0.022322045580949582,0.37441690692988533,0.4318295748671517,0.01699544840569914,0.08633805757078028
Fitness with Rachel,1,8,0.0035610381892183375,0.005500299987033875,0.0022375047265085876,0.758163960184902,0.09597000700887287,0.005553986135055275,0.12901321600656954
Fitzpatrick Michael,1,9,0.10756916967996702,0.0682741562939352,0.01604641942928229,0.33734196353341556,0.28317755916052395,0.04748150690769152,0.1401092243225624
Five & 1/4,1,27,0.005409171145098851,0.006369315255950674,0.0016518590079309557,0.661997640022525,0.20304297083229927,0.007462541374412337,0.1140665020190041
Flagstone Pantry,1,26,0.010865206928708763,0.04775231705906869,0.0022819517202710693,0.5236563789658248,0.27374851460067123,0.036268899978425,0.10542672842096247
Flaming Grill,1,8,0.017049046058673377,0.07999095640843729,0.00440199824515725,0.08471639186609532,0.5627615572884679,0.1352928976702969,0.11578712705522771
Flavor of India,1,509,0.017019955225449832,0.13002219386439956,0.010444051233700687,0.4386417649118898,0.2648094245250938,0.04806010526342382,0.091002508921298
Flightline Restaurant,1,329,0.025854745706384755,0.1582127052091598,0.020573088894256675,0.3642394654555416,0.24317994736181708,0.06474461150426401,0.1231954350595512
Flir Cafe,1,22,0.019661316161297886,0.03351333684986454,0.0022962012047751863,0.3314521568086506,0.3856609273193912,0.08461497093296859,0.14280110860074105
Float Luxury Spa,1,276,0.02580234856282329,0.054168185716253606,0.01976233320085047,0.5831384112534579,0.1708428045381299,0.046192389610476496,0.10009352650904206
Flooring 101 - Goleta,1,36,0.033364730660751823,0.05542655943362555,0.04020790493814269,0.3598317983689614,0.3439228512191524,0.028566428502219576,0.1386797280542345
Flor De Maiz,1,438,0.020677116524096376,0.0817013705487774,0.014651577363957996,0.5122448825561117,0.20739419058977399,0.039714746825454374,0.12361611487087683
Flores Hardware & Lighting,1,6,0.0629568641694883,0.024163897071654547,0.025827276714456532,0.3150995514976481,0.24744431177775061,0.1582486039648453,0.16625949740409848
Fly Above All,1,13,0.02928657364995715,0.010310331269955345,0.052270358938795385,0.5273354962253227,0.3269754497764202,0.027931218563865542,0.025890571280167616
Folded Hills Montecito Tasting Room,1,17,0.018736883795902312,0.1476760598015971,0.005024682631140858,0.6271510422195528,0.15352457926115567,0.008671690709888876,0.0392150694285245
Foley Food and Wine Society Tasting Room,1,11,0.00807838804427191,0.007217639705314346,0.03800863893808453,0.4778394323181022,0.2879416768185117,0.005981522548774391,0.17493270727043797
Folio Press & Paperie,1,21,0.016477418897141265,0.08641967401351953,0.027074730905171974,0.5791669602317381,0.1758171814005999,0.05177385547375746,0.06327017013072253
Folk Mote Music,1,6,0.0096986447849,0.028761829133145452,0.00534796068677675,0.3085764262359589,0.3085926317920287,0.05285842518787828,0.2861640776197115
Follow the Leader k9,1,27,0.03328123960333561,0.04908162743474042,0.08634302025246947,0.29196493902795567,0.47748592330349815,0.013137167880173585,0.04870608448982233
Foodland,1,13,0.00839102538660737,0.13679923903411967,0.0027393716647145924,0.3074023271798908,0.37134342984511304,0.022257352507529877,0.15106726950034496
Foot & Ankle Concepts,1,37,0.08008379561864339,0.14476497050664205,0.057956935846517316,0.21934589064315058,0.2876404822376129,0.057101069622345825,0.15310684997726834
Foot Locker,1,19,0.07595846346751046,0.20756949043195494,0.08636641551090989,0.24739427398430722,0.2107104159352418,0.0669464288696058,0.1050544997652698
Foothill Pet Hospital,1,42,0.06372768284858288,0.05851144310907412,0.15552542906828287,0.22916570868359742,0.27573572439585053,0.0856264500180259,0.13170756671267247
For Adults Only,1,7,0.1285386659604098,0.1413601004252476,0.13644640190925977,0.3752390087216294,0.18519995388175756,0.006217869713769372,0.026998040765257785
For Paws Salon - Coast Village Road,1,26,0.038195262730229024,0.07764442776365632,0.06674449893986228,0.38319307837474087,0.221998810983048,0.05705168748346082,0.1551722530275583
For Paws Salon - State Street,1,41,0.039224854818113636,0.10688067147247035,0.1473673386754831,0.2359607301133531,0.2620774474131261,0.06407909539085241,0.1444098835345357
Ford Chiropractic & Sports Care,1,5,0.007747040735557639,0.09531168189132581,0.015378847497049661,0.46260300241410734,0.33452100497670473,0.06133881304413073,0.02309961225837462
Forever 21,1,49,0.13104013063973383,0.20584687711172067,0.01841591795097452,0.16796672213121733,0.17546873700291826,0.07848324594135411,0.22277837014538518
Forever Beautiful Spa,1,12,0.056004099693382124,0.04711657677156226,0.010924436459996842,0.5250660642632283,0.14230021163045115,0.07924814147797098,0.1393404518409321
Fosters Freeze,1,69,0.030717535411763506,0.2255785721607263,0.007448406921247433,0.17303924835995646,0.2936131516538992,0.13908164015890137,0.1305214526094631
Foundation Press,1,5,0.019077583961188742,0.00554685276001686,0.00227041163016108,0.415726475417614,0.46916834115982053,0.00463809291832146,0.08357221260666844
Four Seasons Cleaners,1,8,0.03152006710297424,0.22373121138662097,0.10570233178441407,0.22578702626924493,0.13487627997528756,0.1452915982226841,0.13309151679277417
Four Seasons Resort The Biltmore Santa Barbara,1,519,0.021777001814064317,0.054607204258316715,0.01870991933982283,0.48559099950781454,0.22060071247825414,0.05693152268786833,0.14178263985256703
Fox Wine,1,69,0.012604804875740758,0.047271867056606645,0.006468688475264964,0.6034927869509177,0.19124985825054452,0.04423564013289418,0.0946763503344972
Foxtail Kitchen & Bar,1,273,0.01903261862876018,0.0843204006695763,0.011404063753786213,0.5494111141746104,0.20861884900846348,0.025699735068393677,0.10151321980518016
Foxwing Fitness - CrossFit Carpinteria,1,15,0.008192340602787779,0.007402209161470274,0.16829672377401336,0.37494009238046905,0.25234759896993636,0.051114372575345075,0.13770666026199851
Frame,1,8,0.04349122126586732,0.06910864695964843,0.0158424957917304,0.32646575648686843,0.2696723558474332,0.006455913156969413,0.2689636003924534
Francesca's,1,16,0.012754782888805438,0.12131068461530954,0.0047674568686488245,0.5358087553322548,0.18081609369255597,0.0589187824807595,0.0856234659440815
Franceschi Park,1,25,0.00596109590493138,0.013507391470484383,0.01814831910422067,0.43823403000831607,0.28612400408834215,0.12443639666307714,0.11358875259757038
Francie Naval DDS,1,8,0.010498655203264162,0.04717448417795819,0.0696732584328856,0.46410431992262596,0.3353496284689754,0.016705761547200337,0.056493906464311267
Franciscan Inn & Suites,1,138,0.02545107452855171,0.10696062188366917,0.027191790589300085,0.39599128787728877,0.29852338552481716,0.037249453062110575,0.10863239049702283
Francisco's Mobile Auto Detailing,1,21,0.06281624915122626,0.0428803675486484,0.0033188580058603288,0.2773904591200075,0.3619995424080462,0.012223582304570598,0.2393709380357038
Frankie Mecono Personal Training,1,9,0.024904135873334232,0.040620857435795944,0.014884649633636856,0.3648470546532836,0.3517616223543882,0.03048851732940718,0.17249313923012877
Frankland's Crab,1,30,0.021967265456138748,0.15687819987651888,0.00340347115222049,0.3363506478500009,0.20426989450740315,0.09921737788245077,0.17791313652414825
Franklin Trail,1,11,0.007821973963555919,0.009727233491668609,0.009505178641781855,0.3311833841937848,0.5101269283755259,0.010393898256800345,0.12124141923744566
Fred's Upholstery,1,8,0.10464039057842453,0.013901916390750512,0.002593731253000375,0.4088267584447749,0.3996640699915588,0.046791118104010765,0.023582013091072388
"Frederic Hepp,DDS",1,14,0.01030671026923555,0.03534645396783677,0.016490866966445743,0.40270104066335727,0.41330249833741356,0.025472421939152112,0.09638000818501623
Free People,1,23,0.09996558857433818,0.17832188651158026,0.018104174169306795,0.4147096026091553,0.13708630601025143,0.01711079596703787,0.13470166346625137
FreeWalkingTourSB,1,48,0.004573478230061735,0.010600195522177528,0.004934976035656237,0.6524358115663441,0.1703920556271138,0.007361790252616577,0.14970169334749997
Freebirds,1,1286,0.0362327458596937,0.09139688649783478,0.012420561878951318,0.25747790778730917,0.407825734450744,0.045968426862213,0.14867773768351725
Freeman's Flying Chicken,1,33,0.013975866442320425,0.06680540438162892,0.02116353023280456,0.40779316766808427,0.3344082145415472,0.05512264458406148,0.10073116726496
Fremont Campground,1,52,0.02076430169444598,0.16479376837378365,0.05658421719719901,0.21085727284662423,0.3952197364101616,0.046256649285519015,0.10552405747316344
Frequency Wine,1,64,0.003912562471668884,0.006047500449312737,0.001961835202109747,0.6909793857048498,0.17872039748908713,0.013999916283864834,0.10437838963480313
Fresco Cafe,1,281,0.0242869119098562,0.10901545366629443,0.013304129473966898,0.46161772083754987,0.2570351315977124,0.05040607168430332,0.08433458050592796
Fresco Cafe North,1,97,0.014215596730715175,0.10172005069379682,0.026485431521108382,0.3969383382954942,0.30091094218444114,0.05696015081430791,0.10276948619686717
Fresh & Clean Santa Barbara,1,20,0.019635239429771863,0.049190999823622364,0.04321832258137869,0.24663651814917098,0.3691092535853386,0.030379617033759087,0.24183004742953923
Fresh & Easy,1,30,0.07699382136925118,0.09578362100680043,0.02000735954109885,0.1984633560738681,0.3161927468919506,0.14045693192941444,0.15210215934397028
Fresh Coat Painters,1,59,0.017252126746116373,0.02545747273281938,0.0568027560104876,0.45078259550125765,0.32688105854568844,0.011442735641247594,0.11138124986141285
Fresh Start,1,8,0.03956684212607792,0.2090791972877923,0.006101427163230187,0.21304030773171687,0.14711961336433882,0.023077039804775223,0.36201553465798497
Friends of the Library,1,6,0.014737329329363951,0.008124997761721367,0.0024109433094659997,0.4072898446271817,0.40216637030243874,0.03654186846688385,0.12872865361471966
Friendship Manor,1,6,0.10219766277198987,0.0709544046161075,0.005265412240987599,0.18462466037211314,0.5045523345470428,0.01724568521603938,0.11515982895313447
Frog Bar & Grill,1,16,0.006647148446063469,0.07692737398247113,0.016778780675849644,0.4587217573935049,0.2945590727904346,0.019199737100279838,0.12716610799543554
From The Heart Mobile Vet,1,25,0.040751112522557344,0.06493823902681466,0.11627476199530061,0.24199486848665397,0.2392673151567578,0.16512398018501695,0.13164972536265845
From The Home & Closet,1,5,0.01572247724980112,0.0204984715674072,0.00248218554770568,0.2570595916360616,0.30791110545396805,0.04344016937538978,0.3528860047459602
Fuel Depot,1,6,0.135347512550652,0.08129159258290501,0.027181519932734415,0.0294998190365731,0.35431601852178574,0.08692201902158554,0.2854415035496155
Fur Feathers and Scales Pet Services,1,6,0.017180750165910714,0.010135488429417167,0.14653434203743618,0.507150917313993,0.29573859972879285,0.0050276526405165336,0.018232263702278283
Furniture Santa Barbara,1,5,0.16869287416338916,0.18217321159318087,0.00761092754546548,0.2739345859270542,0.26510769664309913,0.05997131802141662,0.042509403266012616
Fuzion Glass Gallery,1,23,0.02370054833590979,0.051260217596554025,0.009107581723187801,0.4412225566591825,0.3717997378629187,0.008909622404683822,0.0939997320933996
GBT Sheet Metal & Gutter Systems,1,5,0.01564926654100414,0.01842950852587816,0.0017029729671775601,0.18183079510927197,0.5782551601529121,0.0074961011298000394,0.19663617126643657
GM Auto & Smog,1,107,0.08132002509751779,0.06402678442705487,0.03603397225460607,0.31470710645260064,0.3646539126688214,0.022405708111848673,0.11685249207771999
GNC,2,11,0.16565940368243234,0.3394602427513084,0.1178737132365561,0.04200448793761258,0.19413430878723206,0.0718121263198554,0.06905571604147549
Gabe Venturelli  - Coldwell Banker Residential Brokerage,1,7,0.012198221337582329,0.008742305716233542,0.0025935516792481997,0.3536480252764055,0.44494582446558134,0.06597443650077493,0.11189765137221126
GadgetFix,1,140,0.03961344754539558,0.017643633456568053,0.02326486535000311,0.2787888068431389,0.38639120482008105,0.05251458774437191,0.20178345459114222
Galanga Thai Restaurant,1,303,0.037217912803789735,0.15220779866839235,0.01691704720974105,0.39861311075858163,0.2790594096161062,0.040640581123724456,0.07534413578057128
Gallup & Stribling Orchids,1,5,0.0086566487792879,0.00461149638285854,0.00353071606950828,0.29447596371173856,0.3333932042121887,0.03926621130667622,0.31606578156352044
Game Seeker,1,60,0.015324282153354291,0.03686026815169797,0.018848400844823674,0.44649772920141306,0.2795874576161925,0.0350677936347589,0.16781406099131949
GameStop,2,29,0.15302164576433852,0.1467604996779018,0.032355678183476164,0.19592140313510875,0.257426645654928,0.08465816074950167,0.1298559571391549
Gandolfos New York Deli,1,38,0.028216795058381747,0.3038081575972395,0.03152813788007106,0.2810734007706694,0.20059553998841068,0.10013005872391847,0.054647911208265086
Gandrud Financial Services Corporation,1,6,0.20282333635259417,0.06304101717735947,0.042820975737413336,0.4112473624215151,0.2252819694889088,0.01573618743956705,0.03904918325133618
Gap,1,10,0.06351706841960544,0.3814569369424134,0.01028544505825261,0.01582865042146292,0.24708303897641595,0.11983617388177661,0.1619926850427873
Garage-1,1,12,0.08396160361007783,0.021188400365645014,0.0033899500655630668,0.3063375829951837,0.46878121595364064,0.059897766293336895,0.0564434785628691
Garcia's Auto & Smog Repair,1,26,0.08031845910367193,0.06769791991414068,0.04171698619477231,0.2283562867781326,0.46993822145920533,0.02972656108725525,0.08224554687666773
Garden Court Apartments,1,18,0.1070983304849101,0.4064071293299396,0.03331692937839151,0.07446647911921088,0.29159004448188675,0.04541797357766574,0.04170311394975413
Garrett's Old Fashioned Restaurant,1,512,0.024196446981136384,0.07063359833699674,0.007871876335656175,0.4898186864479612,0.29404497170935423,0.029544826833671274,0.08388959461842656
Gasco,1,12,0.10093996643748442,0.034824260180660774,0.06122504969486419,0.3707296855573077,0.3948999031757315,0.014095148207464507,0.02328599007644996
Gaspar Jewelers,1,5,0.01376152513548724,0.00467931209132072,0.0021861413493752,0.3590241104364395,0.36146632246673105,0.055829806905239754,0.20305276960134497
Gastroenterology Consultants Medical Group,1,16,0.047008192283101345,0.24439364459249185,0.02010628193238513,0.14041414563689608,0.2961235747789032,0.15034706529695538,0.10160712820652404
Gatherings for Good,1,8,0.012873253246652838,0.004774793487740625,0.004445974031113987,0.4839432071894407,0.2471869683358818,0.004123753227759113,0.24265205510891968
Gaucho Cafe,1,5,0.00904695326462382,0.1727024674415588,0.00292113223113116,0.3020753268152475,0.40606097877025604,0.06206283364444966,0.0451303137466311
Gavas Alterations,1,11,0.0344323393232612,0.03654375471788536,0.026509870171800884,0.4269820278595117,0.32896978941492055,0.026138367999175703,0.12042384861375793
Gavin Roy Presents,1,78,0.024233230921732307,0.015246488226320881,0.006038160932336835,0.5618995586932541,0.2104753988424841,0.018206203823538977,0.1639009589830843
Gazebo Gardens,1,5,0.0192248485051095,0.00566792603349308,0.00309114699484776,0.5089031225070357,0.2787750299088657,0.0317827227991074,0.15255521722137924
Gazillion Dresses,1,8,0.1510233263834379,0.21649866795632983,0.003373934057890375,0.13664932035317176,0.14108291303273285,0.06608801236143332,0.2852838274411624
Gelato n More,1,127,0.04079299202504174,0.08129802080903448,0.005026817679273165,0.37457427071722765,0.338282645672677,0.03152212094218561,0.12850312886788967
Gelson's,1,115,0.046950463699581786,0.09978799889922016,0.025594080073769038,0.35376309056553745,0.3200465293358202,0.04986994640152573,0.1039878937820701
Gentle Dental Santa Barbara,1,59,0.16187171972853964,0.24271059625533453,0.07455667325342859,0.1158907869273315,0.16980271603343847,0.09355942217704157,0.14160807292624292
Genuine Chiropractic,1,5,0.01155505673959846,0.0333420249866321,0.20573581848293543,0.13397392071783537,0.32513143457472327,0.03736347968224432,0.2528982777148485
George,1,8,0.009515401747194075,0.10521029584924686,0.001973755530343575,0.5605266529601067,0.25697503285482526,0.005095989574328937,0.060702853137627216
Georgia's Smokehouse,1,44,0.017629041463475277,0.1513531321067024,0.019755544705813782,0.4186551710088018,0.24231377177321434,0.020710572888757137,0.12958276972296348
German Auto Repair,1,9,0.07743753529050279,0.018717932844689686,0.0055644643919852445,0.3035507768961704,0.2198414745637112,0.04471945286624957,0.33016834343369633
Get Hooked Seafood,1,10,0.01046560499817129,0.00564858738798644,0.13509685036260632,0.4682051852345467,0.2702046930789947,0.007585603347979431,0.10279345344752071
"Ghitterman, Ghitterman & Feld",1,12,0.0972399837725485,0.05459957208950067,0.20862159240641628,0.29816372127970675,0.27749476337339724,0.013738757523242334,0.05014158954145382
Giannfranco's Trattoria,1,281,0.03897893400589378,0.12093096419139776,0.019497557358030722,0.4936054625933297,0.18582434200075224,0.03699340179166503,0.10416933707292171
Giessinger Winery By the Sea,1,96,0.02463476426297949,0.2494318927122852,0.015953589141796887,0.32164336813578603,0.24931424064682986,0.037672953686220916,0.10134918108330258
Giffin Rental,1,8,0.030653029098175414,0.009483638248639126,0.006932383614184749,0.36414697981672356,0.46897527202963823,0.012256287009222388,0.10755244432948523
Gil's Fireplaces,1,11,0.08909053253856568,0.0610084133646027,0.02626326257913285,0.08355403962460427,0.286629821089181,0.2549760847098448,0.1984778386964039
Gilliland Masonry,1,30,0.06083602871901041,0.053322660654278736,0.03030994778285574,0.2808271952788345,0.3585984023520723,0.06360283703931294,0.15250293247712152
Gillio Rare Coin & Fine Jewelry,1,12,0.043962944997474517,0.06170648689536995,0.02033768173229564,0.4193951581546571,0.23267698467437484,0.06719530806488663,0.1547254209872335
Gimeal Cafe,1,306,0.007469876601057858,0.0723457389537418,0.0033312274554547568,0.5708195549400532,0.24540584492558012,0.0328475219597796,0.06778023199001748
Gina's Pizza,1,66,0.02053707216206623,0.10391378515068381,0.01385357257447935,0.35357403929414094,0.278129610176565,0.06945545125795016,0.16053647846054053
Gino's Sicilian Express,1,261,0.029945197972822246,0.07140391794717117,0.011970179277459664,0.4224901388967329,0.3166357453205976,0.04907345455148791,0.0984813661494745
Giovanni's,2,145,0.029667137181065163,0.1381288417016862,0.012816553812771022,0.3589734666351558,0.2517798505097242,0.08673701839810553,0.12189713353813013
Giovanni's Pizza,1,84,0.05770053136317676,0.09681560499441162,0.005979925646291377,0.40404547136651153,0.23649709010940217,0.03421913371338238,0.16474224692016526
Giovanni's Pizza Carpinteria,1,197,0.031805022101409605,0.26035490468277966,0.02306407655197484,0.29860868179444683,0.22514880267870113,0.06645457265038172,0.09456393864362729
Giovanni's of Santa Barbara,1,136,0.03694399883320058,0.14527166203890157,0.014056343575622772,0.32851016737164596,0.2518393731939688,0.07665556857554129,0.14672288839552916
Girls Rock SB,1,6,0.017234045934552883,0.06979958761561036,0.017199600290041386,0.5763969812154149,0.08456750089923536,0.01876152143813663,0.21604072519888476
Girsh Park,1,15,0.005202403493846406,0.04293073915566002,0.0043566018614606995,0.46608052775263786,0.4289886156717936,0.012386306561529593,0.040054799367984076
Gladden and Sons Produce,1,43,0.009717998047478357,0.015355075589722229,0.0013301440617502162,0.5667745602306326,0.3073658464844663,0.02869832645127068,0.07075806329741549
Gladiator Massage,1,17,0.007229747017845471,0.02523459959090409,0.007391689802341887,0.41908907810883483,0.3459211174015175,0.06538147775127603,0.12975231240339133
Glass House-Cocktail Garden,1,58,0.007814623527871075,0.03911739111785644,0.0032992063051065033,0.638652941123743,0.19419900083850167,0.015740285175932713,0.10117654569832411
GleamClean Cleaning Services,1,6,0.022435104940086565,0.012005969338739849,0.05326804306241678,0.1066092521262665,0.38340052589774126,0.011254106725876468,0.41102700866758823
Glen Annie Golf Club,1,58,0.04274613290406952,0.056093867225893566,0.020421926504711516,0.4626827622384459,0.2490732725227958,0.08343206460844592,0.08554997818207301
Glenn L Robertson Attorney At Law,1,5,0.05187171956058584,0.2619191926321946,0.0146664870437234,0.471510475553805,0.10428794845938676,0.026627881266176663,0.0691162669099867
Glo Aesthetics by Caren,1,7,0.008931892807595357,0.013859586357804213,0.002866857597837186,0.5922949101243701,0.2927050907663734,0.0063277413802487,0.08301391748578416
Global Document Imaging,1,5,0.01817773012444372,0.0060552843846380195,0.0018581567681394198,0.2835228856652975,0.5809804782271385,0.00605191322974856,0.10335354618728157
Globe,1,56,0.02892260964498352,0.1372956346364974,0.006168420812173232,0.42027609454661224,0.22879992524394763,0.025343854302523745,0.15319347181399018
"Gloria Kaye, PhD",1,8,0.008694158459547862,0.06683928080019536,0.06689987157005814,0.2727672600885853,0.26629188749939203,0.1302408465999178,0.18826668057590717
Gloria's Gourmet Kitchen,1,13,0.008637661275525454,0.017061497819108408,0.002426228483762692,0.4157780007674144,0.4201945453309096,0.055515795158079,0.0803862754255533
Glow Beauty Boutique,1,36,0.014385275439255722,0.01259339850771029,0.1122689829806202,0.4054161919242081,0.27979266569794464,0.02116845493179017,0.15437503318793863
Glow Nails & Spa,1,31,0.05016888585692687,0.07087345698645572,0.055615126669797406,0.5096679082207922,0.17265334193624793,0.03696136988864666,0.10405990730730752
Go With The Glow Spray Tans,1,18,0.00978750867135299,0.01307298012155414,0.007472294073926956,0.5195217361647843,0.23358307654658952,0.011075344712783833,0.20548706711269912
Go! Calendars Games Toys & Books,1,14,0.014304587501101149,0.012457760849169264,0.003888052638753136,0.3360789167511809,0.29679360360439333,0.06251413755983641,0.2739629519970289
GoToCafe,1,5,0.005372594087384599,0.009888623538427,0.0012563597876578,0.5324948340654373,0.3845722958445549,0.00535788959823542,0.06105735413730142
Goat Tree,1,320,0.0259782460658243,0.14474067548908348,0.021089769024456424,0.4315881798240298,0.2267985823767958,0.04267860941035901,0.10712593731641387
Goddess Delivers,1,6,0.07686758530326186,0.0291574276052415,0.07102013177548841,0.028891074936836902,0.378663236896197,0.12990400598694876,0.28549652329335606
"Godfrey D Dyne, MD",1,5,0.06846229191869492,0.00902183488942678,0.0900101817445829,0.1022210013121366,0.39749989286065096,0.0076865300536155205,0.3250982799567282
Gold Cab Taxi,1,44,0.08783746100644661,0.03138255284945687,0.04822660324862223,0.3379763125717132,0.37809892781925475,0.02465938463468439,0.09181876408084376
Gold Coast Limousines,1,39,0.009922401430324062,0.007779273255250536,0.026099649937047272,0.5911280559166932,0.20494717972066537,0.010051104672945612,0.15007233294324038
Gold Coast Locksmith,1,49,0.06748118827461584,0.02687625255796825,0.016348514405354737,0.25671492875506147,0.37336749421926785,0.07798194760285618,0.18122967971222737
Gold Elements,1,5,0.060832842218223895,0.3967053193715401,0.0070827506366185206,0.3700829631939996,0.06765112117864186,0.00628362246789034,0.09136135284788903
Gold Medal Wine Club,1,6,0.022386975741634733,0.144565663630298,0.005128451351386783,0.09427435346879061,0.227962442052861,0.13623967613481602,0.3694424397156884
Gold's Gym,3,115,0.08089252540882186,0.14518668317924371,0.0464820260035238,0.2991895338753238,0.265372398165662,0.043924762342003654,0.11895208629253114
Golden 1 Credit Union,1,13,0.1582901714226374,0.08855722672664199,0.008335409645671707,0.36787570379853535,0.2227927228937355,0.05051471164020204,0.10363405679639139
Golden Ash Hair Lounge,1,16,0.010611441481159957,0.010211120275926026,0.09571734038581775,0.5128911477513611,0.2708062522870022,0.006123632600065269,0.09363906469661738
Golden Eagle Tattoo,1,152,0.07077998896420463,0.11161983521014913,0.06915658363188983,0.3581121493928214,0.23068487859946843,0.05003378076684093,0.10961277720114015
Golden Limo - Santa Barbara,1,9,0.11054101554004264,0.005205524943044578,0.002642819017637467,0.5488723543757159,0.19865928460947338,0.08656527064481952,0.047513723839074325
Golden Line Coffee Bar,1,10,0.0061577165150083,0.00770656688837329,0.08725366508588192,0.5697164416313172,0.22979594953358173,0.00473206684691828,0.09463757248595353
Goldway Window Cleaning,1,5,0.009214452374726501,0.008179511874914119,0.00262112149503074,0.30886400789022445,0.3881015986204147,0.08924455689266317,0.19377474933862682
Goleta Airport Pet Hospital,1,39,0.08054764262693094,0.11609745563682498,0.053195713696858014,0.3583065923422766,0.23300972957020763,0.07460319157092804,0.08423967119485422
Goleta Amtrak Station,1,13,0.08211296893512968,0.0185722079342947,0.006021366194965123,0.0941479554614768,0.7168650515377522,0.0210308029244725,0.06124966326527867
Goleta Bakery,1,26,0.03674320660334506,0.050861109104096996,0.0037148316489317114,0.48625226408386457,0.3561733457116553,0.024653533410925653,0.04160169553226571
Goleta Barbers,1,35,0.05826438054043263,0.10237917381870955,0.022908488862282948,0.32176733255120255,0.31767055232610014,0.06656748731620606,0.11044257669044388
Goleta Beach Park,1,71,0.008385862872286478,0.09785208493736766,0.01856937164007878,0.5080692112137577,0.2863790336340456,0.02765666945627557,0.05308775156719973
Goleta Building Materials,1,13,0.10601659340318285,0.0696708864639871,0.04883186406760401,0.2609481352981394,0.42061434055750185,0.013089087755920732,0.08082907457047926
Goleta Butterfly Grove,1,26,0.006759679632243434,0.048465741646605894,0.04125804106633246,0.3853370515549054,0.25611730082891876,0.08959795208200093,0.17246422255769941
Goleta Coffee Co and Loca Vivant Kitchen,1,192,0.02947561719459671,0.10737566676956094,0.017366868613256228,0.46042769610251827,0.2560271708195311,0.03423440188877668,0.09509257407989931
Goleta Dental Care,1,26,0.08508398340423945,0.17611000755389863,0.15434039475915665,0.16834693753984395,0.22897269594697994,0.07067174287602444,0.11647424863902132
Goleta Dental Practice,2,21,0.04468446951692122,0.03808507101244421,0.11669676303392316,0.27208171166767847,0.3265746948641858,0.026278323233349294,0.17559896482686907
Goleta Farmer's Market,1,24,0.0070302097543995965,0.011674851761199484,0.002095622183939321,0.6120549058638668,0.21391780899527169,0.007191800172828712,0.14603480912046504
Goleta Fast Response Bail Bonds,1,5,0.129236938804388,0.04825800596736367,0.00322096723830322,0.2820499788969755,0.49869830161333084,0.0064442890696227205,0.03209155853837722
Goleta Floral,1,27,0.11800351400031808,0.04183125424767944,0.02183219406503696,0.34097351540414683,0.17542952782026042,0.10593684648241222,0.19599316886591686
Goleta Jewelers,1,7,0.023979882776204973,0.025344875757582448,0.006209156559114971,0.22944935903485328,0.5274770525949342,0.01463678625545327,0.17290290711181502
Goleta Motors,1,23,0.24454565050647306,0.09159509723236697,0.07726616787207917,0.0891164590974095,0.2643621737218421,0.05570740650569935,0.1774070614584438
Goleta Mufflers & Brakes,1,8,0.18200224533211437,0.11734852459630925,0.004547948890831288,0.19039406010415402,0.3373486679047346,0.021998785785399325,0.14635976264253256
Goleta Radiator Service,1,10,0.09933153898455199,0.03046414144337173,0.023558880644850393,0.23035071063786744,0.4344153258949518,0.013698449195362589,0.16818095848429945
Goleta Red Distilling Company,1,24,0.005479487364937037,0.008198072435334283,0.038175722008115025,0.6118209214570621,0.1749162794828104,0.0075809164991368925,0.15382860296328238
Goleta Signs,1,12,0.03410969713392353,0.010107711267967967,0.06602256431748775,0.3668865241537181,0.3781151007860899,0.009709044805883074,0.13504936076545462
Goleta Smoke Shop,1,30,0.12621011278048774,0.12070671047937744,0.008191154807961183,0.268112946129016,0.2112882286465416,0.05599228863914804,0.20949855397921052
Goleta Sushi House,1,483,0.015766419630471616,0.12155690697572763,0.015597503518121168,0.4472426747725833,0.25702312237662156,0.03898229215638302,0.10383108284615562
Goleta Transmission,1,15,0.08635954864633574,0.03444326228539766,0.05638166041656702,0.2657188350334763,0.3980173381976783,0.03129266131048396,0.12778667928650972
Goleta Valley Athletic Club,1,34,0.033012341149836075,0.07018754551502158,0.011213373405660238,0.3251157186648069,0.41247385823825267,0.09492036892676393,0.0530768012258169
Goleta Valley Cottage Hospital,1,28,0.08139593769530097,0.1522721157941435,0.08677399490053563,0.21167081012598435,0.20062973603074036,0.08823125606535798,0.17902614421577057
Goleta Valley Cottage Hospital Emergency Room,1,33,0.13522124369487615,0.24279845623779248,0.1402150058173433,0.15007431100115573,0.16481280261932896,0.06822516510940407,0.09865301787133579
Goleta Valley Gun And Supply,1,17,0.06689216048621074,0.07320769243490166,0.0027927754700238236,0.2963280667352271,0.4713694602251053,0.05278380250777387,0.036626017679843775
Goleta Valley Library,1,11,0.009788799903948127,0.08390280208550388,0.0018637444591149271,0.5313970523632385,0.314405200833624,0.012914863012900363,0.0457275529730726
Goleta Valley Optical,1,32,0.019082520646406864,0.019960580430961213,0.08446483921034083,0.31794894308404764,0.31199100297453697,0.061173884712843525,0.18537823583756102
Goleta Valley Optometry,1,6,0.013307720199615314,0.0076240539977637,0.008377130017227766,0.34136657416820526,0.4266967095900327,0.00902444748984025,0.19360335609720392
Goleta Valley Self Storage,1,35,0.012063696252049023,0.01008586867579388,0.030571565555874213,0.5293002001176189,0.344794411717781,0.03232590204237822,0.04085832920058492
Gonzalez & Carlos Dental,1,23,0.05767198607487519,0.09220060582130982,0.0892914953773193,0.2516757957510771,0.3110418649309355,0.031543971818831264,0.16657428296647314
Gonzo Cycles,1,19,0.030326536936244243,0.017994848616102562,0.003976510047275327,0.4303715893337013,0.32726552729543884,0.0578678911674375,0.13219709272839514
Good Cup,2,218,0.027009508851274736,0.1109647389403608,0.005217874143512895,0.4643740580316287,0.24078433315372177,0.04812595212550128,0.10352353314327611
Good Energy Solar,1,10,0.02034909364301706,0.03278210786520497,0.00317401771899307,0.3268659867579117,0.4403967845253646,0.0088035272317938,0.1676284976303577
Good Land Plumbing and Construction,1,46,0.03815558558309689,0.03744855008098171,0.011194122257343762,0.28331548673525936,0.4239110845829482,0.03557117983354656,0.17040399304064716
Good Management,1,9,0.0698990795968307,0.544932374678966,0.1159055019314918,0.001198515139145,0.115285113091684,0.01353422340212591,0.13924515905091533
Good Stuff Baked Treats,1,9,0.006961417513796,0.012933227065433166,0.0020485626688847448,0.3875453087190787,0.16837745884226427,0.004202115000225556,0.4179319459944963
Goodland Barber Shop,1,76,0.040141794433829474,0.15415003668060398,0.03468274678973673,0.30554638560524355,0.333606574813051,0.01999302722412573,0.1118794404166309
Goodland Chiropractic,1,14,0.011710826290904364,0.011707669789237585,0.007689890892444407,0.42232999724469017,0.28765110791261705,0.10981205584747447,0.14909844013995355
Goodland Floors,1,12,0.025067451021944423,0.019397206061209194,0.0044912819503224,0.4107674003462307,0.28965382343934226,0.017009470737927232,0.23361337335275792
Goodland Florist,1,91,0.025999728259553694,0.025573342764151366,0.013268851394289133,0.4943360674775789,0.14225558529781931,0.0719040269889244,0.2266623929583027
Goodland Grooming,1,6,0.08335349371191113,0.08457805716898288,0.15700005684630014,0.4645818679903944,0.09641221538186066,0.00851600756868715,0.10555828067784502
Goodland Guns,1,47,0.04093873411159403,0.06138009573902652,0.06855910295989617,0.29963758133384,0.3890216994158765,0.023767616629521225,0.11669517090256776
Goodland Jiu Jitsu,1,8,0.05250038758094884,0.0745664673740975,0.013284209024277448,0.2865747925534378,0.48986086004879326,0.0058239859499735255,0.07738930438063102
Goodland Kitchen,1,117,0.030744835833867595,0.08573057174953254,0.014744368849076385,0.4037037800517904,0.2494275282966928,0.09577514855967209,0.1198737715464483
Goodland Signs & Designs,1,9,0.06771018164646289,0.007153416615134689,0.004325990581289933,0.3279272265111406,0.20253400018231735,0.06715328708135827,0.3231959160831239
Goodwill,1,43,0.05972547104262721,0.20118788870722917,0.010867823431739358,0.22596372291987193,0.2566407083338776,0.09057746224950042,0.15503692209482361
Goodwill Retail Store & Donation Center,1,9,0.005439271684735955,0.007931831137587556,0.0010740349922949667,0.5932541489601135,0.2786364389790429,0.0188533279837833,0.09481092749370462
Goodwin & Thyne Properties,1,10,0.01032496596453706,0.00496386803570198,0.00241645214264275,0.5481280650943517,0.32939228327013553,0.0066213982063345,0.0981529518961906
Goorin Bros.,1,18,0.0096284917542814,0.047866367191697116,0.00314868103628715,0.42254452046472574,0.18786512537755895,0.0842085203621536,0.2447382871372004
Gordon & Grant Hot Tubs and Spas,1,12,0.03837401900091202,0.01929337478941301,0.018687282294801308,0.43704936783372733,0.2139585078693926,0.08842699009498267,0.1842104673851281
Gosnell Tree & Landscape,1,6,0.015191217147124266,0.01711996025793872,0.0035738765242664164,0.36165172113881755,0.2686234218999743,0.028351394343189854,0.3054884476587176
Gossip,1,20,0.0699682718084659,0.09910494529176499,0.021581228522700203,0.3426575822755694,0.1466665835585445,0.12752322857850226,0.19249816611409182
"Gotelli W Andrew, DDS - Sowins & Gotelli",1,5,0.027690723445266442,0.02374871331267054,0.013086699880659561,0.2755522564053535,0.30798168778419494,0.05989689682610325,0.292042987793684
Grace Design Associates,1,11,0.14982055703347374,0.04143296266821295,0.010487892781384246,0.15595470700116654,0.40408154153688386,0.07165807401973073,0.16656426217576314
Gracie Barra Brazilian Jiu-Jitsu,1,22,0.011157416841755995,0.01397238944561894,0.028439639628314452,0.4813525317744775,0.2909480383810164,0.08505806986200196,0.08907191942191933
Grade Potential Tutoring,1,6,0.2158761702982398,0.11538090058214338,0.04624814531416629,0.2766741698530192,0.19479998635749018,0.07465772152257456,0.07636291968325769
Graham Chevrolet Cadillac,1,20,0.06156747562345113,0.11834794102469455,0.08137748260051007,0.173629886371782,0.2800205079838633,0.08154615762759927,0.20351053487975146
Granada Books,1,22,0.009028438827954177,0.04754857106308914,0.04487441411765753,0.6252680242601358,0.14020545193819667,0.01585095995423295,0.11722412810195233
Granny's Garage,1,30,0.029055502948661598,0.013330643205942233,0.06680559225496832,0.1708425596822053,0.540639677302291,0.05106114190227038,0.1282648891676217
Grant House Sewing Machines,1,16,0.01124489349604113,0.00609657564564255,0.032768746645160655,0.5309262509690598,0.2655725017539225,0.033334459963953074,0.12005658005364235
Grapeline Wine Tours,1,113,0.014022331453027333,0.006110026344525023,0.003149981580342863,0.6997577180710942,0.14630662609279085,0.015255843542631566,0.11539746244207219
Graphic Traffic,1,6,0.022607191776235852,0.010753177649651918,0.0023237027441306165,0.41716349803997826,0.2932307325924436,0.16232495681227493,0.09159673195487504
GraphicInk,1,12,0.02765367302345108,0.010010569865698891,0.070258346007904,0.39093085456018645,0.34940057290562737,0.009128998412052126,0.1426169973565265
Grass Roots,1,36,0.011148317057328872,0.007276040954618767,0.033896169916260946,0.6400368038771881,0.13725500749165398,0.030141419604963884,0.14024622448616553
Grassini Family Vineyards,1,165,0.013189519742842376,0.02688778535582854,0.00987418496550874,0.638068130435281,0.19860899329721698,0.017516506768791237,0.09585488267228792
Graybar Electric Company,1,5,0.17506609829142686,0.06981058358214792,0.0021786667639389196,0.10644817417487498,0.5618258073925972,0.0115072147920727,0.07316348310559986
Great Clips,2,34,0.05204822345609389,0.15367496932637598,0.05659168170378128,0.3176796691208009,0.29376845806837076,0.03960144280812095,0.0866355588111807
Great Pacific Ice Cream,1,122,0.055681294074556825,0.14517516663706415,0.015283945544010177,0.22517775101386786,0.35996810936552215,0.0639871088196294,0.13472662038040023
Greek House Cafe,1,40,0.02961405452806498,0.14209090844378802,0.006965642677096132,0.3408063399270759,0.378843711031368,0.0244778292428236,0.07720151334069665
"Greek Jean, DVM",1,13,0.018011855677916407,0.04732306380397993,0.0178009449378945,0.18993733217939732,0.4527362911747052,0.07898330043714775,0.19520721964251533
Green Cuisine Delivery,1,10,0.07231458236929025,0.16092944904812606,0.009260820955387269,0.4655756594031118,0.20340694393962616,0.02684057750739155,0.0616719965357333
Green Leaf Moving and Storage,1,28,0.295390666529004,0.2572754056891426,0.05909257769651175,0.011835018498199347,0.18154536515274747,0.06802581503455124,0.12683516578649034
Green Star Coffee,2,85,0.023913581681656877,0.03921379463623875,0.013368836008970961,0.4685608829782509,0.33809434377095277,0.024325052265296923,0.09252349532702386
Green Table,1,333,0.01517301152321133,0.05465656806819358,0.009003600105293627,0.5545147099914469,0.20194420370192182,0.04347149714514295,0.12123641014178126
Green Table's Guilt Free OYE,1,8,0.006290883713518237,0.0072749731916700875,0.001370555735775225,0.716320775449276,0.161724958801642,0.00485011667478825,0.10216772771673274
Green Taxi,1,12,0.2133824387953306,0.127795468676292,0.15339062208659013,0.09039026663716256,0.20984075482313827,0.14857338137032147,0.056627066786556136
GreenCoast Santa Barbara,1,10,0.02561371180927377,0.00877060042694206,0.00209184441482642,0.28597125490196046,0.5041716100648046,0.00879364099819208,0.1645873440429568
"Gregg Welsh, Oral & Maxillofacial Surgery",1,23,0.1318437369216395,0.31999042640318687,0.07308702794430044,0.20620691182937104,0.2101549702575025,0.029975579527672328,0.02874133147238546
"Gregory S Keller, MD FACS",1,6,0.0058000742186171,0.024524269334506202,0.13544253289001057,0.26317315663133434,0.25373873673379416,0.22660555310236907,0.09071567592521505
Greyhound Bus Lines,1,20,0.26672066431492564,0.37958129288163034,0.058783044462325,0.02450721702916775,0.10179603635333474,0.10368187220301475,0.06492987975070716
Grill Service Man,1,11,0.020651458487422572,0.021260896422476885,0.002230365334650118,0.2830330053005706,0.3798783789812164,0.0256537759718908,0.2672921199012886
Grocery Outlet Bargain Market,1,30,0.015926315806185164,0.09620087050134311,0.007155663072868823,0.4667708528766525,0.18303394337029505,0.043384688747270625,0.1875276604900136
Grokenberger & Smith,1,8,0.05023558513494204,0.017284072760958186,0.006269959107157725,0.47283882612828165,0.3917017662897706,0.011029118555597925,0.05064068397041406
Groovy Grooms,1,5,0.014319822005927518,0.016499165538698398,0.04971317716408516,0.3495063692331314,0.216694164276123,0.034993192367255635,0.31827410608530043
Grounded Physical Therapy,1,7,0.04812374661144397,0.01840637291648554,0.07559486303944137,0.31849854958376717,0.4196836118187223,0.04880439716258216,0.07088842282869981
Growing Babies Preschool and Infant Center,1,5,0.007191000971943121,0.00772463297471398,0.00099615119397636,0.8607878446578979,0.10402728524059053,0.010976071562617939,0.00829703994095322
Guadalajara Market,1,11,0.05826904294504356,0.25491650830107654,0.007840008993463701,0.19970616583437237,0.37459479475563223,0.04820866531438444,0.05646481697278263
Guicho's Eatery,1,180,0.02009402073971508,0.05807867799335828,0.004504108662270737,0.5379183948660891,0.2660888940380472,0.03422130609720216,0.07909459761123996
Gunnar Schwartz Plumbing,1,5,0.020162508077919437,0.02192590306513006,0.00162760419771072,0.28582384139299394,0.6182025074958801,0.0077450001146644,0.04451261758804318
H&M,1,24,0.08063808265433177,0.1985730406886432,0.06806673271906519,0.26583907530342304,0.15614542423281816,0.038759013133433905,0.1919786317448597
H&R Block,3,30,0.139191660832148,0.11984339124173853,0.036300178065236305,0.19314431607490404,0.24842223454422005,0.13618361662374806,0.1269145948113873
HOME Santa Barbara,1,13,0.027477000428077086,0.028590826559453594,0.0069386134497247615,0.5532338153929092,0.18932039047089905,0.013381567801563753,0.18105778757196203
HP Autosport,1,35,0.01150102179630522,0.005992066707195926,0.009827600731348038,0.27648674934836365,0.5171091951962028,0.00613835099419308,0.17294502605551051
HUB International,1,6,0.0316836295338968,0.06845435255672778,0.07758864059966673,0.17101235811909032,0.33204845525324345,0.06851534560943638,0.25069720856845373
Habit Burger Grill,1,135,0.03643280041955959,0.08821568842847931,0.0136240063881915,0.3378079517311157,0.409479266308524,0.03524601800729413,0.07919425865445558
Habitat For Humanity,1,12,0.010212428072312159,0.013272943654252774,0.0013639022193577,0.5889534711216887,0.22448024217737836,0.0070657123578711754,0.15465129752798626
Hacienda Motel,1,23,0.018125442727266395,0.44557634430289594,0.01647401985626299,0.15792541327866033,0.20619401262830128,0.04314792869896016,0.11255681861961338
Hacienda by Bonita Lifestyle,1,10,0.03131146209780121,0.2941099927644245,0.00999822723097164,0.30534011510899284,0.2715475987643003,0.01957837184891098,0.06811422496102745
Haggen Food & Pharmacy,4,66,0.14206316202850727,0.18686218270202956,0.03842354536512474,0.09908319277085614,0.23427997856880678,0.1432228023909512,0.1560651463452924
Hahka Kitchens,1,6,0.010209939132134084,0.021210677766551552,0.08287037081511997,0.444024789147079,0.23315582579622662,0.025899507803842366,0.18262891021246708
Haik's German Autohaus,1,37,0.11557177978102114,0.060117272672721614,0.027834758879868516,0.24114994151907893,0.3854815563866617,0.07101259667527027,0.09883209346239828
Hair By Audrey Johnson,1,6,0.010284981806762466,0.009920449869241533,0.0022590671627160832,0.5038881562650204,0.24430174815158046,0.005975941118473767,0.2233697073534131
Hair By Nicole,1,6,0.009090580822279001,0.01517094481581195,0.1577628457356089,0.49395485810237005,0.2769000877936681,0.007511816569603916,0.03960880016287165
Hair by Krysta Kay,1,12,0.015358575309316285,0.006737962898720625,0.07078187048561324,0.6536641993249456,0.15126684991021946,0.005857879179529791,0.09633267061629637
Hair by Pam Peterson,1,31,0.014008426824734764,0.06855400332677805,0.02562791186820471,0.628058961720296,0.11028297329621928,0.03997628184621247,0.11349147646462601
Haley Hotel,1,59,0.02749409816638262,0.053023168642539496,0.014123132392187892,0.4407583271386102,0.26910366525210566,0.07013754966921343,0.12536005704995176
Hammonds Beach,1,11,0.005630432834467727,0.18228431137818416,0.011508235808419537,0.4085040800696746,0.3300406350330873,0.053276858758181306,0.0087554408660666
Hampstead Village,1,6,0.012763089345147185,0.03309534400856739,0.003396155302956033,0.5707958067456881,0.16044824570417401,0.08952932571992274,0.12997201116134718
Hampton Inn Santa Barbara/Goleta,1,153,0.024830386650541537,0.14629722829357247,0.023030555023723448,0.2592984496869201,0.3614183638086603,0.06262819864558891,0.12249680871016104
Hana Kitchen,2,599,0.04206760905114369,0.24208640399411704,0.0175722641389607,0.2636322708294057,0.2892132748761066,0.05081757118840711,0.09461060721848548
Hanamura,1,14,0.0285292693463686,0.2633738752171796,0.07463414124504193,0.21299588443278997,0.285035914358949,0.05194966406894046,0.08348125878754732
Hanamura Cantonese Dim Sum,1,41,0.03981972331317455,0.28234321027979953,0.0485375319854583,0.18451602414616652,0.20288801046724358,0.10614798015846708,0.13574751688553607
Handbag & Luggage Store,1,16,0.020391312718857024,0.013870396178390325,0.0035229833738412188,0.25681700184941286,0.3103544526384212,0.035672944024554405,0.3593709121341817
Handlebar Coffee Roasters,2,1280,0.018065200791716002,0.03940662897052784,0.009235954168093436,0.5355891294432013,0.2751479471029597,0.026345199902379997,0.09620993850166992
HandyMan Dmytro,1,7,0.023025659445141,0.010656185647738787,0.001966662854621386,0.2915568399642195,0.6080605813435146,0.006416490368012828,0.05831758518304141
Hanger Clinic,1,5,0.030487660132348483,0.06949402354657645,0.08055006971117104,0.11002775244414802,0.48290241956710817,0.17007867628708478,0.05645940564572808
Happiness Nails & Spa,1,6,0.02364512866673363,0.39172031753696496,0.06720423213361447,0.015237330711291434,0.19434087195744112,0.058500682003796045,0.2493514208278308
Happiness Spa & Nails Ii,1,8,0.010285336611559562,0.09993981831939887,0.014591499806556324,0.3635075784113723,0.43180652847513556,0.01968619323452,0.06018303881864991
Happy Canyon Vineyard,1,69,0.03244349875983413,0.053967858639383734,0.017214359072765847,0.6121453658822735,0.13245104140588548,0.05371279020935453,0.09806508683950461
Happy Cow Cookies,1,10,0.007215699763037209,0.01175081969704474,0.00615349320869423,0.4140160795301199,0.10515866586938494,0.08544323015958066,0.3702619981020689
Happy Harry's Produce,1,19,0.02397631549300915,0.05496827373893828,0.002874377411851416,0.4847607932200557,0.3532890729900253,0.01648892418750998,0.06364224478602405
Happy Laundry,1,18,0.09072123752492993,0.16053639398564373,0.051846000687671895,0.24018553240037155,0.20082688178970576,0.16437893015487737,0.09150500824519739
Happy Little Hippos,1,24,0.008618896419648034,0.017009930898590583,0.04748072959167376,0.5520302009729979,0.1734024576338318,0.06444181244781548,0.13701598183251915
Happy's Auto Body and Paint Shop,1,53,0.06287065107937687,0.016408304359878022,0.006444735439902759,0.5391169241387924,0.16277802090670138,0.06990856208337713,0.14247279275946736
Harbor Car Wash,1,18,0.0644598645675513,0.11175990349147463,0.016232486849831772,0.1963893773887927,0.393963623791933,0.12077889981446782,0.09641584716478563
Harbor House Inn,1,328,0.0074897070769177525,0.015264146386116135,0.013522945540189044,0.5975373541466358,0.1914951041384838,0.02358957534164708,0.15110116489032824
Harbor Market & Deli,1,6,0.10825746653911965,0.19641388324089346,0.030522631132043853,0.06539679008225596,0.3050630463597675,0.052460126423587335,0.24188605092543483
Harbor Meat & Seafood,1,14,0.010527634327965078,0.026670557837600643,0.009267228821824656,0.2533326166615422,0.5361855998635292,0.004756228931780329,0.15926013893580857
Harbor View Inn,1,308,0.04737070134679129,0.08937824325516586,0.035816721350004445,0.37501112221316474,0.250596743918405,0.061831813936451305,0.1399946496035758
Harbor of Santa Barbara Inc,1,5,0.11612314083613451,0.07224185899831348,0.015309567772783297,0.40771980695426463,0.25931785814464087,0.02033842280507082,0.10894934171810744
Harbour House Inn,1,11,0.0033241865881294907,0.0052292351240545544,0.002355928641257082,0.6495351784608581,0.20664660404012958,0.00579418388025999,0.12711468338966367
Harlequin's Theatrical Supply,1,13,0.12067600654867974,0.29897286288010383,0.12156533676450353,0.08882357199147985,0.23915886495692223,0.016735917816941517,0.11406743544368783
Harmony Preschool,1,5,0.0102766291238367,0.015660454169847023,0.16348243475658816,0.36037057284265755,0.2612263776361942,0.00565843726508314,0.18332506641745563
Harris Personal Injury Lawyers,1,18,0.024831261485815,0.012687732290942177,0.08390340947597802,0.39055524194716573,0.3067934453073475,0.0710835872062792,0.11014530261875022
Harry's Plaza Cafe,1,348,0.03147599991024922,0.14716685749991826,0.01870706540372836,0.34280553625678456,0.28868053415147904,0.048013948951178755,0.12315006463988493
Harwin & Co,1,18,0.14890333973906103,0.31108548425577787,0.033966772843592036,0.12349518113801923,0.18670414941799307,0.129088875462508,0.06675620723722704
Haskell's Beach,1,7,0.0046253276190586995,0.0138333035865798,0.004451243015604815,0.6585469841957092,0.28697842319629024,0.010170313662716285,0.0213943904797945
Hats Unlimited,1,14,0.03301544674572395,0.13457231650993756,0.0038564310920523857,0.37118430883024944,0.3575090356171131,0.052973619628963686,0.04688881271119625
Haute Blossoms Floral,1,5,0.010631593503057899,0.00421291100792582,0.00913102680351582,0.4690686486661434,0.12928242236375806,0.00744654163718218,0.37022684067487716
Haven Barber & Shop,1,27,0.008256330624809093,0.008330378763343126,0.01045710519947867,0.5568319663957313,0.3459410475291036,0.007335418947385919,0.06284775671169708
Haven Salon,1,21,0.009921966361746666,0.009759932953221234,0.01869415380809052,0.6103510108133334,0.18462054205260103,0.043263830460741,0.12338856385932077
Hayashida & Associates Physical Therapy,1,14,0.0883619423922417,0.13309713152037664,0.020175089294623007,0.19309101496557038,0.22922034095972774,0.24089583132549053,0.0951586551299052
Hayward Lumber,1,5,0.0474739478901028,0.14083912237547333,0.11092468793503937,0.16622531879693264,0.417719304561615,0.048858938505873035,0.067958702892065
Hayward's Patio,1,8,0.1936925564659759,0.0766491841495735,0.008087140871793887,0.24287436261511172,0.14390619704499838,0.07332192698959256,0.2614686394226737
Hazards Cycle Sport,1,71,0.030803938248706277,0.024816214423429857,0.028540056869453156,0.37647435079086045,0.33475500214057907,0.05464495652237194,0.1499654717848334
Hazelwood Allied Moving and Storage,2,22,0.020783124121159947,0.010862464960981963,0.05094169915272764,0.4377313556879843,0.3305607379191894,0.014468923293117546,0.13465168586381793
Head & Heart Photography by Kiel Rucker,1,40,0.006761235941667056,0.00644260827975808,0.009064684498298396,0.7149750135838986,0.15971210573334244,0.005185355976573145,0.09785899533890183
Head To Toe,1,8,0.0069235906412358755,0.007900090451585075,0.003502739804389375,0.5805427087470889,0.18916936172172424,0.006794585322495513,0.2051669309148565
Head West,1,12,0.0068065409820215915,0.006475834277807666,0.008750588939922884,0.5055688292098542,0.22174715394309408,0.007822207854284524,0.24282886227592823
Headlines & Company,1,22,0.05896908687745131,0.01864119143283455,0.03645962792903772,0.48190726012795826,0.18421646693869576,0.08731385850114744,0.13249251350167798
Health Spectrum Chiropractic: Dr. Rafael Reynoso,1,7,0.01370932820386117,0.016865145315283058,0.16009366465732452,0.25683430352780434,0.39220296937440124,0.024696570388706617,0.13559802714735264
Healthy Pet,1,46,0.030536853946218953,0.05786812022763664,0.00903210338362002,0.4269618660600036,0.3851581015219183,0.015616133128313057,0.07482682098128382
Healthy Warrior Meal Prep,1,12,0.006594214510793458,0.006053670086354592,0.002269834386728025,0.44151838682591915,0.33971152470136684,0.07564359695728241,0.12820877957468227
HeartStone Ranch,1,7,0.006860410262431372,0.010160240178395544,0.003002404967056814,0.4870513727489327,0.19500365573912856,0.2070541723431753,0.09086773218587037
Hearth Homes Interiors,1,5,0.0133688260801136,0.009808190260082419,0.004934011795557981,0.3625315822660923,0.3475405968725681,0.16402001734822985,0.0977967724204063
Heat Culinary,1,35,0.006747646047733671,0.01199746629489315,0.026080463162257428,0.7583324997818895,0.10480529357280047,0.028844443808442737,0.06319218303209964
Heath Montgomery DMD,1,20,0.09606363855127706,0.05052335696236691,0.13380690534249876,0.31507812552736136,0.3115120250964537,0.04363787712645712,0.04937807436799626
Heaven's Best Carpet Cleaning Lake Tahoe,1,24,0.03229536949947937,0.03985492179829933,0.014412195339294415,0.3430198421895814,0.43094621459022164,0.04501005047738237,0.09446139412466432
Heavenly Couture,1,12,0.08941280616757764,0.21633418805625595,0.03449417743346803,0.10029867060075044,0.2210269304923713,0.104933732082524,0.23349949612747878
Heckman Electric,1,19,0.0343928162841812,0.009328665196478916,0.06000219694396942,0.4068450650175739,0.41225023817663126,0.008647597627714226,0.06853344113762044
Hein's Auto Repair,1,5,0.053338246233761266,0.03197687100619072,0.01650326948147262,0.33523204838857057,0.3523341536521911,0.1595318034291267,0.051083621010184266
Helena Avenue Bakery,1,398,0.024993733116677075,0.06195602233254875,0.009672735890965265,0.4990757207568862,0.26515161266887377,0.04012806197229403,0.09902211010541492
HeliCafe,1,6,0.020718929328722834,0.0154021824904096,0.0023552876664325166,0.32565877726301545,0.4462516942682366,0.008498897970033167,0.1811142063234001
Hello Baby Imaging Boutique,1,7,0.005218793089235428,0.011932839015831328,0.002004389135566086,0.8874948280198234,0.08491051742540935,0.0033071072871929145,0.0051315365957894
HelloHarvest,1,7,0.005840815537209986,0.0061569936141105,0.026487968013887902,0.6571927964687347,0.2628492172807455,0.0035785285955560573,0.0378937021430049
Hellz Bellz,1,5,0.11868563941679891,0.011413767375051941,0.00240607023006302,0.3742532812058925,0.10693325512111182,0.11252570869401093,0.2737823106348514
Helping Hands Group,1,5,0.02831548210233444,0.17629533270373937,0.0026574703981168397,0.368637912592385,0.0674827249720692,0.10596781028434628,0.2506432595662772
Hempwise,1,5,0.04978882463183248,0.07999679842032485,0.0032401140779256205,0.37401437524240466,0.448529695533216,0.00683716959320004,0.03759301938116546
Henna Me Beautiful,1,17,0.0098313288249568,0.01787987961228385,0.006905321019824877,0.576887566870188,0.20907793418668644,0.06403853989425384,0.11537944647373957
Hennings Cake Boutique,1,8,0.005310784879839,0.12078948458656667,0.0045008487613813,0.46297470723220613,0.2976878092158586,0.03241735187475564,0.07631900720298286
"Henry Han, OMD",1,8,0.005147242387465612,0.0051017428777413,0.07603773583105063,0.394774411979597,0.24174873676383862,0.2598253419273533,0.0173648159834556
HerbNJoy - Santa Barbara,1,6,0.028610118043919348,0.012924061622470583,0.0028973549682025663,0.41021637587497634,0.3995889719808474,0.04169676464516667,0.10406638092050947
Here's the Scoop,1,110,0.03474652620709751,0.14957835807898925,0.00454768185763065,0.3688604729670756,0.29750847452616486,0.046354089785282535,0.0984043957268692
Heritage Goods & Supply,1,15,0.007154854751812867,0.013538437398771393,0.0019934286906693865,0.5672775406390429,0.26685593730459606,0.045787968339088034,0.09739183255781726
Hertz Rent A Car,4,75,0.1037262698449194,0.15442479101242493,0.06851996465430901,0.22155237563109642,0.21622348296766475,0.06315113932980841,0.17240197345148767
Hi Fi Club,1,9,0.02891187204254993,0.09188969184954958,0.015435910447397113,0.12250431088937648,0.6355108645641141,0.012984766210946724,0.0927626064771579
Hi Time Stop & Shop,1,7,0.02756220800802107,0.14678454432370405,0.11205785026374668,0.28040059309984955,0.3697882166930607,0.008606126798050714,0.05480044521391388
Hi-Time Liquors No 6,1,7,0.06561948645061674,0.31528651361752835,0.006755446499612672,0.28157847484440673,0.19253339671662872,0.0205205071584454,0.11770614768777572
Hibachi Steak House & Sushi Bar,1,500,0.034660605600452934,0.15155170504644044,0.02192196682596109,0.359920703710115,0.2671188378906808,0.0468627252944279,0.11796345637377813
Hidden City Studios,1,5,0.02451263631228352,0.06255876573268322,0.0158582176547497,0.6991577161476016,0.15469037182629103,0.00607985802926118,0.037142385169863665
Hidden Oaks Club House,1,18,0.0165129856452242,0.1173204865351888,0.03234099670468514,0.52997970965872,0.2126823974152406,0.06660158756292524,0.02456185461616966
Hideaway,1,19,0.08801401688374183,0.21194493567791617,0.03890037895823627,0.3610388762455458,0.1931444724139414,0.06919669332963067,0.037760615115985226
Hien Motor Repair,1,11,0.052264432041821116,0.19886650331318376,0.006203294572928355,0.22669811582785435,0.3950787864794785,0.013639623320407445,0.10724923281337723
Higgins Muffler & Brake,1,33,0.10772119276225563,0.06491160183919195,0.0036613481246273094,0.20067126842949423,0.46129142024526093,0.028479995812769148,0.13326317044398323
HighTide,1,24,0.02249226120572223,0.11474533566433816,0.002753549045640546,0.4627530678335461,0.1985076729324646,0.08089373280624078,0.1178543846472166
Highway Karaoke and Fresh Tea,1,108,0.013321309622605625,0.09412243507971715,0.006822067491830867,0.49228775962722093,0.2205470943439717,0.0486332994834002,0.12426602691023916
Hilton Garden Inn Santa Barbara/Goleta,1,71,0.03946082342848912,0.09757270386219544,0.033657511116602264,0.34306609956465633,0.275282663844106,0.06768319070089972,0.14327699604483554
Hilton Santa Barbara Beachfront Resort,1,290,0.053373390089134345,0.21001831737280707,0.04463852144966443,0.1870918849982915,0.2284919435628047,0.13135439776494323,0.14503154323620973
Himalayan Kitchen,1,370,0.014183112136497289,0.12855954644957718,0.008518518931767225,0.45476137783702436,0.24936366991102188,0.05199241336070097,0.09262136731444653
Himalayan Taxi,1,7,0.022236084083228188,0.01457941223634403,0.0056756090738677,0.35009841467919095,0.3462659551628998,0.01073165517300363,0.2504128836361425
Hitchcock & Associates,1,9,0.05537872083692084,0.006931009637709245,0.021491124605139057,0.419421776301331,0.41888288739654755,0.004875280739118622,0.07301922535730727
Hive Events,1,10,0.01127247982658442,0.00408889588434245,0.08807926290901372,0.4845405865460634,0.31141176670789716,0.0073565699858590405,0.09325042283162471
Hiwi Tropical Fusion,1,159,0.011187429046375428,0.13327522157327526,0.009015974403269626,0.43763317563863907,0.2549012506412892,0.04560978396037155,0.10837716728803234
Hob Nob,1,23,0.062498103260346036,0.12836337179633905,0.01818945059937462,0.28160200205520197,0.20265679310440365,0.10013254479322903,0.20655775179519598
Hochaya,1,35,0.005833246470761574,0.04083591449806196,0.009955759307402808,0.539494728709438,0.25703109181486067,0.027816394468702856,0.11903288395676224
Hoffmann Brat Haus,1,426,0.018061999400051154,0.09164486366896363,0.009703566766055109,0.47747480778063633,0.26183187948242526,0.039831283383405865,0.10145160136197824
Hogue & Co,1,37,0.02177415015742279,0.022475524860547456,0.05583793656488347,0.42322343046072164,0.2010854797412616,0.02862043952493848,0.24698304549186814
Hoke and Burger Plumbing,1,8,0.02961926662828769,0.011428645550040488,0.0032728035694162497,0.41676605213433504,0.3517954056733288,0.00763702139374795,0.17948081035865468
Holdren's Grill,1,49,0.02365840200277763,0.35002593666657195,0.01995271164211155,0.23839156174668755,0.20553739730990964,0.05339488235530344,0.10903909990126834
Holdren's Steaks & Seafood,1,555,0.018123732622175825,0.12024645343515178,0.022732455587027092,0.43049189778485836,0.25082207104644255,0.041370987840760286,0.11621240346581325
Holiday Inn Express & Suites Carpinteria,1,151,0.03125888607210309,0.14210438315289411,0.021640633298037833,0.3319760811874035,0.3091141404399019,0.06274671699475518,0.10115916224617495
Holiday Inn Express Santa Barbara,1,202,0.035295513754775056,0.09638992396640325,0.03402086337184008,0.3456433710118002,0.32098236026721866,0.05207312716422414,0.11559483877586031
Holiday Inn Hotel Santa Barbara-Goleta,1,39,0.019273479812396396,0.14346718954710427,0.03299967227623053,0.16358972419029433,0.3355720495948425,0.09203754446039401,0.21306033478452796
Hollister Barber Shop,1,8,0.024203119304729563,0.03482894951594055,0.007270341426192263,0.3963289892417379,0.2805791698629036,0.0174716384208295,0.23931776534300295
Hollister Brewing Company,1,567,0.02596224756979968,0.1582342952570337,0.010774537126832991,0.37379025242825625,0.2921335040992027,0.05249758427307692,0.08660758029687175
Hollister Fuel Depot,1,16,0.18903029320063067,0.11603169428417456,0.09728416211510191,0.07446158174570879,0.33644685504259536,0.091006435235613,0.09573897489462975
Hollister Optometric Center,1,25,0.059085868392139626,0.022635078474413553,0.07673566006356847,0.32129459667950866,0.29926509134471413,0.07634172561578448,0.14464197373017662
Hollister Smoke & Vape Shop,1,64,0.0929611193205346,0.07477876426401049,0.02202655721930563,0.33991710564896493,0.28096132411155844,0.035670267468049084,0.1536848491286946
Hollister Village,1,30,0.08165256814099844,0.12849866695275217,0.0458046316314721,0.38589591850953486,0.20186693061453598,0.04234968403664723,0.11393158966287345
Home Care Assistance,1,9,0.011006295991440589,0.11692233621660202,0.02902606837839504,0.24997270232092378,0.44211056880238986,0.1264861747105088,0.024475837385074924
Home Furnace & Air Conditioning,1,26,0.042534678905772436,0.010643663704216154,0.10957966259089653,0.2671101361047476,0.3777863300190522,0.013876948353404557,0.17846858173680416
Home Plate Grill,1,239,0.00981030026845294,0.04997036426165429,0.005874088084204345,0.5893173252565301,0.23314994250747634,0.01572475936429407,0.09615322279209991
HomeGoods,1,23,0.06365873596792956,0.19361315073151866,0.011572160059586117,0.3003125727282958,0.27709151371179713,0.04493149953043974,0.10882035770413016
Homebridge Financial Services,1,5,0.13678071368485684,0.012124436395242761,0.005612727766856501,0.31116176648065447,0.4653719007968903,0.024241684097796663,0.0447067910805344
Homestead Antiques & Trading,1,14,0.010941461793013928,0.04508666328287546,0.0014915764602066856,0.531864995269903,0.3300657235085964,0.009219348064756763,0.07133022356512286
Honda of Santa Barbara,1,11,0.14195719894169911,0.08731248064643954,0.11588720108424733,0.18354441896504295,0.20996825532479715,0.18238651166162026,0.07894390965388576
Honeys,1,109,0.010493602093155321,0.06291138642433378,0.022437999287188655,0.5372202600739093,0.21880903138155372,0.0655939990714397,0.08253371555234275
Honor Market,1,60,0.015059766753499041,0.06221548507261707,0.005628137243911571,0.440700037147811,0.3255458656232804,0.030911745303698453,0.11993897400874019
Hook And Press Donuts,1,223,0.02054472574640495,0.045112515799701165,0.009825787952429702,0.41604462354715427,0.2822320799472754,0.053183152262568256,0.17305711859543785
"Hook, Line & Sinker",1,29,0.01667856858995064,0.05603473346102337,0.05086971477882386,0.2938042660765671,0.41905096259995783,0.0478257686461739,0.11573596273805813
Hope Gardens,1,6,0.032909914501942666,0.294951123437689,0.07056999013487555,0.3706339579463626,0.11547216866165394,0.01701857747199627,0.09844424140950038
Hope Ranch Apartments,1,12,0.18481125187827271,0.16368990725216764,0.05526861432978567,0.2535323435925723,0.17695096992732331,0.0921574900470053,0.07358940634488434
Hot Spots Espresso Company,1,35,0.04175455202182218,0.1393843404399896,0.011106688743789762,0.208963942682437,0.2964819795851197,0.15344207995970333,0.1488664150437606
Hot Spring Trail,1,14,0.021180967600750018,0.1467597889963404,0.05443332508938117,0.11838967050425704,0.40513243499611107,0.049810790556615976,0.20429304295352524
HotSpring Spa & Patio,1,9,0.03720574290491638,0.08173586693333663,0.008873652757352378,0.3383821862775625,0.2061849954641527,0.1841510747455888,0.143466491666105
Hotdog Mini Mart,1,6,0.0077467988012358,0.011220509108776798,0.0014482884337969834,0.605500312599664,0.32419871181870497,0.0162628830876201,0.033622511778958114
Hotel Andalucia,1,8,0.013054821058176413,0.017426373029593326,0.0024926371334003873,0.38911360409110785,0.2704284628853202,0.03487504181975962,0.27260907634627074
Hotel Californian,1,164,0.049455646596914225,0.11172318943419841,0.039394564830084716,0.33899151326974186,0.2240258629005061,0.08035041976978474,0.15605880566673894
Hotel Goleta,1,46,0.02762675068199468,0.19432400951020254,0.06187451097091817,0.07204582966527512,0.27803905212583585,0.12693866976010407,0.23915117842388214
Hotel Indigo Santa Barbara by IHG,1,252,0.02916744419088072,0.09507716598939922,0.022459053785640823,0.3312745634204244,0.31848441660293336,0.05891918794423825,0.14461816467496283
Hotel Milo Santa Barbara,1,839,0.0389517664864822,0.13682065123824802,0.03220323704488219,0.28129295481479066,0.25898408147931556,0.08901508537709987,0.16273222435504434
Hotel Santa Barbara,1,269,0.05039930728404366,0.13662504510249468,0.035807690863496645,0.3561983155648157,0.27849848116453746,0.04440253939380913,0.09806862771190823
House of Clues,1,5,0.00616945323999968,0.008129387872759181,0.00254434060771016,0.526787082478404,0.23711213469505305,0.01481806137599046,0.2044395133852958
House of Laundry,1,7,0.02900404769128983,0.05066308425739404,0.15060563727248727,0.12978183872266003,0.22929169783102613,0.11549367615953084,0.2951600453483739
HouseMaster,1,17,0.08844067272730168,0.15315080742242138,0.06404199761078305,0.16458713484462345,0.35948174183859544,0.09908997136003826,0.0712076896555064
"Howard Gross, MD",1,16,0.01928604512795568,0.04485766008292552,0.19352677155984563,0.43379935543634923,0.0889491950074443,0.03416122907219683,0.18541977065615353
"Hsien Young, MD",1,10,0.14904208137886593,0.19428341228049245,0.06383011737489136,0.2687641821452416,0.22426737761124965,0.0157993478700518,0.0840134806465357
Hudson Grace,1,8,0.0180257927277125,0.09877402198617344,0.004282437766960312,0.44432967793545686,0.13638511672616,0.05592996062478046,0.2422729907557368
Huey's Detailing,1,5,0.01760031841695304,0.01038102586753664,0.00133997304365036,0.37924417555332185,0.382244735956192,0.013023504707962218,0.19616628047078843
Hughes Auto Body,1,57,0.05119982129167107,0.06829762196866791,0.0971954617860702,0.31719819764941604,0.23468693593320875,0.0618205518306543,0.16960141597021564
Hughes Automobile Co,1,6,0.08416319079697127,0.5014569458241264,0.0054094720204981165,0.003513780587430383,0.24639807602701083,0.0772811783632884,0.0817773414504093
Hugo's Auto Detailing,1,15,0.0134725156395385,0.009418750635813867,0.0026639368811932065,0.34602046293827393,0.3106715119443833,0.0166922905715182,0.3010604942217469
Hugos Restaurant,1,147,0.019930202081533368,0.056503901630719174,0.00983229419751069,0.5340568330574489,0.2860304297195101,0.028458781869841222,0.065187554643331
Human Performance Center,1,9,0.06287353534975809,0.08265856101125887,0.016640582833335575,0.41534747845596737,0.3418306615203619,0.04153019060484233,0.039119008074824976
Human Solutions,1,7,0.013508522434027044,0.006370697802464828,0.047615843708626863,0.11666374853146921,0.4766277213181768,0.14024280853170362,0.19897065744070064
Hummingbird,1,4,0.003371102473465675,0.003153954239678525,0.001825235667638425,0.7750817239284515,0.10262338118627663,0.003416261868551325,0.11052832845598454
Hummingbird Wine Tours,1,5,0.01093897032551462,0.007347873202525039,0.05804373421706255,0.47817565500736237,0.21964225620031352,0.08420857372693714,0.1416429486125707
Humphreys Rain Gutters,1,9,0.01863483688794071,0.03802555000745792,0.029061416309559655,0.47681674888978404,0.3927966128103435,0.009594908811979767,0.03506993471334373
Hurley Optical,1,8,0.00682790548307815,0.010046201554359837,0.0026499851301195376,0.2965024867444299,0.338811207562685,0.1570149141189176,0.18814734322950238
Hustle & Grind Coffee Company,1,50,0.007637779164360784,0.061586532702203794,0.002873070716741438,0.5424718191940338,0.26561854343861335,0.04168181214015926,0.07813044048845763
Hyatt Place Santa Barbara,1,67,0.05630911810674574,0.1655050469227934,0.03531300780057569,0.23030837572270085,0.29823155459294565,0.06326763748552701,0.1510652574230986
Hydrex Pest Control,1,9,0.216727206742184,0.22060309593669236,0.014437574763885757,0.014916967251338021,0.48583182133734226,0.026604620843297868,0.020878728996548353
I AM Healing,1,8,0.0055379374243784375,0.013120538977091175,0.008022966816497463,0.5976620889268816,0.2890337409917265,0.030605901411035988,0.056016808070125934
I Bike Santa Barbara Wine Country Tours,1,80,0.0050995627352676265,0.005123444179480376,0.035403911250796186,0.734685391309904,0.14516185955144462,0.005359896473237264,0.06916592761117495
I Heart My Groom,1,21,0.007860364769363633,0.006153482439306838,0.051802555866223454,0.6483576559417304,0.11895817510473228,0.012781073045473323,0.15408668369941764
I'a Fish Market and Cafe,1,67,0.014726810454418694,0.062310715907065634,0.016851993826297828,0.5113836499504439,0.2797722504126714,0.02725448189372776,0.087700098075334
IHOP,3,259,0.057538636643205764,0.2153058434655875,0.02970566923978858,0.23468336338232607,0.26225164596465117,0.07195125948269146,0.1285635809228453
IHSP Santa Barbara,1,20,0.12543542613857422,0.22503043923352375,0.025027868195320428,0.21790873555582943,0.2672971725696697,0.09439965588971969,0.0449006969458423
IMX Pilates Studio,1,23,0.1263672917494145,0.05069945768564529,0.014833318091088687,0.41515782137613977,0.16441842670673906,0.13029164832044876,0.09823204742987515
IV Bookstore,1,6,0.025246273493394183,0.16190088641208902,0.04970117351816341,0.17399097443558276,0.3438578707476457,0.11221322207711633,0.13308955659158522
IV Deli Mart,1,192,0.05527612437041773,0.17709972746827887,0.01712655450622449,0.2563620950222684,0.33761807852958253,0.05509353259064175,0.1014238813337821
IV Drip,1,146,0.0256386493525646,0.07809827600331487,0.006073149390182125,0.3879731054581647,0.33814153796514773,0.031570689262318284,0.1325045923681687
IV Hair,1,41,0.03160073969331451,0.04624866274406946,0.004792712143304273,0.4071571016513811,0.2920974146393014,0.04115217545626272,0.17695119481238464
Ian's Tire and Auto Repair,1,145,0.03829533572565631,0.01716226118472239,0.020830333326011845,0.26902724343095097,0.49951161534107963,0.03174537310039556,0.12342783279700906
Ibiza Hair Design,1,10,0.01791130220517511,0.06007486679591234,0.04725693265791047,0.3782737753354013,0.23356745690107342,0.04207549537532027,0.22084015263244505
Ice Milk Company,1,116,0.014765384545798588,0.1847409179553606,0.010469114664813515,0.34068239717929955,0.2956214546364459,0.05860324358017629,0.0951174823301322
Ice in Paradise,1,36,0.027607970094929095,0.032449124974340875,0.026033179380141887,0.46723381566051914,0.19160220681482718,0.06404776449522205,0.19102593634225837
Iceberg Heating and Cooling,1,5,0.02494432330131524,0.01567299361340696,0.0027789231389760403,0.4227040708065033,0.4588883437216282,0.0188456420321017,0.056165699101984434
Ichiban,1,233,0.028514584442980283,0.11862797546775032,0.00954664304333858,0.4254490795963476,0.2835558038604617,0.052439151486169996,0.08186676707708317
Icon,1,60,0.115951005811803,0.29168614724767394,0.07308828760869795,0.17861451055553818,0.20557270336430516,0.0462400844165434,0.08884725446114312
Idyll Mercantile,1,5,0.0021994369802996,0.0030789627227931797,0.00104061843012454,0.9264854073524476,0.03028612919151778,0.01386725145857776,0.02304221643134948
Ike's Place,1,164,0.031903894668907765,0.09316905172205975,0.029635275701854456,0.44363657086974057,0.22658939662718824,0.050667419072053146,0.12439839256126656
Ike’s Love & Sandwiches,1,100,0.04083450744161378,0.10640469210804436,0.011523451973625873,0.4174766415706836,0.2696909048920497,0.05720567874144757,0.09686412678565827
Illusions,1,19,0.10909628954495446,0.11195022986564584,0.0587229610169551,0.2604354123315332,0.32772892546889026,0.043199878639394465,0.08886629820948364
Images By Valerie,1,8,0.0051816810300806,0.005997673026286025,0.0038717960233043127,0.707216925395187,0.07299992581829425,0.1074806815886404,0.09725128149148071
Imagine,1,6,0.02765079614861553,0.009912781863628532,0.003658439585706167,0.46473886414120597,0.16397644082705173,0.05764883826486761,0.2724138759076595
Imagine Weddings & Special Events,1,33,0.014829582675839864,0.005426721449828463,0.023595913574381712,0.4779307223630674,0.2884204804219983,0.051265916998752104,0.13853066825223234
Imagine X Functional Neurology,1,42,0.03867828682580558,0.018765124115383298,0.04463652350629364,0.3352139189955778,0.3094546009697729,0.0993802520097233,0.1538712869043506
Immaginare Events by Giseli Spera,1,10,0.00899536060169335,0.00532787020783867,0.0121238896856084,0.3242035048082471,0.3824808582663536,0.09267847812734539,0.17419005073606963
Imperial Barbershop,1,5,0.0081629113294184,0.00992429172620172,0.0017211572034284,0.5216278597712517,0.39032219052314754,0.00608402891084548,0.06215754225850102
Import Auto Geeks,1,6,0.1394112121003369,0.1675091707438696,0.06624736570908374,0.11567592465629174,0.2772295012449224,0.03685482498258348,0.1970719688106328
"Imported Auto Service, Inc",1,9,0.07452768162410288,0.05131673761126063,0.0371896166212132,0.4142971355468035,0.2459035737233029,0.015066291955817046,0.16169897376352713
Impulse Advanced Communications,1,5,0.029764757864177177,0.0362086525186896,0.4914608511608094,0.11239076219499107,0.21380252963863308,0.07124679721891874,0.04512566216289994
In-N-Out Burger,1,229,0.03074187836121747,0.11053264614522013,0.020911038596377208,0.2835989054878329,0.3695633831255008,0.060401862260974964,0.12425028572421248
Independent Automotive Group Inc,1,12,0.08060157083673397,0.02161216136300932,0.006504173938689392,0.3955276529304683,0.24762747320346531,0.03112255250258987,0.21700443575779593
India House,1,136,0.03548580213186244,0.3964951093478114,0.014035596558909734,0.1962483279095228,0.18036618505892177,0.08205905591688963,0.09530992638610765
Indo-China Market,1,71,0.06896660900199257,0.11916120056371189,0.013617250334609143,0.3004068305927433,0.3047592055157456,0.028936068050261596,0.16415282948152485
Indochine,1,74,0.07152955523122576,0.15150405428092292,0.03024060576619274,0.4092513537486681,0.21219074613936997,0.03340583492850729,0.09187783794697822
Infinite Beauty,1,8,0.010267373916576575,0.0075371883722254625,0.003964604744396575,0.4911713285837322,0.1995391265954822,0.0072074313939083,0.28031295409891754
Infinity Rentals,1,26,0.29799150442704553,0.161850038718862,0.020093069810312763,0.0061891392039027235,0.24385283994846615,0.13178925560070914,0.13823415464363414
"Ingrid Lawaty, D.M.D.",1,16,0.011160439360537512,0.05358685066312313,0.1648399526602588,0.2010299354733433,0.41603485285304487,0.05972137594653755,0.09362659271573645
Inn At East Beach,1,262,0.03424156800099957,0.13267346540219785,0.026506217052730794,0.4103198574720624,0.23481306263986787,0.04671485453110027,0.11473097687388077
Inn On Summerhill,1,99,0.01958881045463537,0.05163030180729677,0.014718781825098526,0.4760913655315902,0.23851387073389355,0.07303689186099084,0.1264199776389175
Inn by the Harbor,1,132,0.01583293243355437,0.07319007957068437,0.014841240886942731,0.5049903633418691,0.2527287548414967,0.04356172453668528,0.0948549028500124
Innate Fitness,1,15,0.011902039296304132,0.0090855544665828,0.020678046693016414,0.6093926529089609,0.2429006779255966,0.008916581794619498,0.09712445919091499
Inner Life Explorations,1,5,0.00959105887450274,0.0066351209767162396,0.056161166424863004,0.5859354175627232,0.21592576317489148,0.029671760555356703,0.09607972949743265
Inner Wellness  Cente,1,18,0.0045581500421070665,0.04455640402415557,0.009870755833819361,0.6245547694464525,0.26031138297791284,0.009997366914629055,0.0461511529412948
Insight Electric Company,1,6,0.032950852997601,0.008331782611397368,0.06718322477536269,0.37287959014065564,0.45482970331795514,0.010796747752465266,0.05302812065929168
Insight Environmental,1,12,0.06661678000818934,0.14261163689661768,0.13975833684283614,0.16259842125388477,0.33252832231422264,0.09035956814962746,0.06552692774372793
Insomnia Cookies,1,76,0.04382530783799374,0.06761246050269902,0.00755118772672411,0.372123600924265,0.2975543417330635,0.0480493571100707,0.16328374038474924
Inspiration Point,1,88,0.011997733284343537,0.027916700888784896,0.042593879111253986,0.26977111363984557,0.5290301601106132,0.05541197395227337,0.06327844628619704
Inspire,1,7,0.19460261559912134,0.13248420945767841,0.10352289643404734,0.12264549336396155,0.27053197420069147,0.06215000817818297,0.11406279435115196
Institution Ale Company,1,155,0.03833457839847988,0.06551349834621609,0.007946052801825296,0.5188892728555197,0.23315533169304886,0.029658113691895673,0.10650315139209847
Instrumental Music,1,23,0.02917347178521117,0.05582757918898052,0.002882556544373818,0.49855916670766537,0.29060428927693027,0.0467248590936398,0.0762280915641104
Insulate SB,1,6,0.009476209369798433,0.007186410657595784,0.0029076157370581837,0.35017813617984456,0.6003325333197912,0.003791037287252617,0.02612807314532495
Integrative Medicine Center of Santa Barbara,1,7,0.0958157211009945,0.17473916978841378,0.010291884054562828,0.1772496716418702,0.3716468432519053,0.008165637646535629,0.1620910758418696
Integrity Appliance Repair,1,62,0.08574272645261856,0.0673952315043988,0.0059817884846837775,0.10849181222710604,0.4849787756590353,0.09437490692136866,0.1530347609171463
Integrity Rooter & Plumbing,1,8,0.22112089069560167,0.03775723799481051,0.04052285020588894,0.08982382901012893,0.385509742423892,0.03484066424425687,0.1904247482307255
Intensity Fit Club,1,14,0.017563804451908343,0.011306217838344786,0.0024471419622256285,0.27398408503670774,0.49644005990454126,0.0073872214582349,0.190871468745172
Intermezzo By Wine Cask,1,144,0.013335910385244915,0.050844819421197576,0.007744463332225328,0.6135834429844382,0.2102070293371475,0.03691550997892687,0.06736882573063158
Iron Horse Auto Body,1,32,0.08669676497811447,0.03224439675977915,0.01274724179529579,0.3257498153107008,0.31608949092333205,0.05320457798734419,0.17326770321233195
Isabella Gourmet Foods,1,17,0.005715875146800935,0.008934601263129381,0.0014203655660179235,0.6592124718077043,0.19561279548660795,0.006688769598601006,0.12241510447005133
Isla Vista Bicycle Boutique,1,38,0.10570122343242948,0.06748251288081515,0.0216827891540321,0.2881674161364667,0.32215347971865216,0.028991460815488652,0.16582110780291257
Isla Vista Community Bike Center,1,6,0.04321164102293548,0.023589980167647153,0.0026150269065207,0.309148874754707,0.34033391003807384,0.08118034650882082,0.1999202277511358
Isla Vista Food Cooperative,1,89,0.03650735998447728,0.06851994121719274,0.01044121189428792,0.4600536867294701,0.2830988905821623,0.042167363377036804,0.09921154025104939
Isla Vista Laundromat,1,22,0.11229202733375127,0.16354723375777455,0.008835708551817865,0.23116948248405766,0.2875023613874377,0.05163364996075286,0.14501954009756443
Isla Vista Market,1,32,0.13020470137416845,0.421173545793863,0.0071353043085764095,0.1369027541686591,0.22674192511476574,0.031953340039763085,0.04588843351666577
Isla Vista Screen Printing,1,10,0.01872512362897393,0.039083240320906,0.0020582737663061698,0.5532621882390231,0.21510861460119482,0.06435903916135424,0.1074035160243511
Isla Vista Surf Co,1,8,0.030154650114127386,0.03220627472182965,0.00495952375058545,0.15138656226918096,0.44299719273112714,0.11380815415759565,0.2244876589393243
Island Brewing Company,1,270,0.01732545541922764,0.03533850734993052,0.011829899561416774,0.6068837729784988,0.2252578288687531,0.033956446784927846,0.06940808642690101
Island Outfitters On Linden,1,11,0.19697869594462888,0.07546807584268121,0.002981833616186909,0.4601855505607091,0.22943151710470291,0.015298740483227718,0.019655593162910455
Island Seed & Feed,1,28,0.008262985560577318,0.007856559636171058,0.0012535967398434429,0.5906212681106159,0.30146647095015006,0.01056535675057338,0.07997376628087031
Island View Nursery,1,15,0.010499764590834525,0.018520011946869353,0.00253795416016748,0.3440496220253408,0.30173085114608206,0.08380743218585844,0.23885434887682394
Islands Restaurant,1,211,0.03478937203305111,0.1231105191022338,0.006392194050785119,0.43877786790973605,0.2321840285111695,0.05844927101861681,0.10629674743047703
Islay Events,1,6,0.021904906063961418,0.0069888673218277166,0.0034191640346155332,0.628460797170798,0.2133938173453013,0.006041297921910817,0.11979116220027204
Italia Pizza & Pasta,1,24,0.014607461538010536,0.08533040819990367,0.04152706986375653,0.3510310496373374,0.2689106074976734,0.10828216273512221,0.13031123791976518
Italian & Greek Delicatessen,1,6,0.009999180988719016,0.01623619873619945,0.0020814760840342336,0.4230853935781245,0.22345952029960847,0.21356393652968106,0.11157429074713336
Italian Grocery & Deli,1,49,0.02980446219159171,0.05012506576093403,0.01717323331312005,0.29740298116741204,0.40963057303154954,0.08922921255116859,0.10663447457802838
Italian Pottery Outlet,1,29,0.01258467275504789,0.015588614100124631,0.01741316433341622,0.43150282276248364,0.2576694106040843,0.016546311655788296,0.2486950094201441
Itsuki,1,260,0.05487592348810997,0.18417479689389715,0.020756488732093573,0.26236411064355003,0.26241196575529796,0.08129015316371802,0.13412656569304926
Itsuki Restaurant,1,70,0.009434509826158788,0.07155208007399254,0.01411085893258647,0.4418140245801104,0.28417327462562486,0.05401316437471122,0.1249020902473213
Ivy Santa Barbara,1,13,0.039180956655540104,0.046291769750846076,0.06073260522232601,0.4866645194661732,0.27319236099719996,0.007828224163788962,0.08610954132074342
Iyengar Yoga Studio of Santa Barbara,1,7,0.012418875936418714,0.02072776421638467,0.004535557419460742,0.38757826512612936,0.39796823369605194,0.010201795625367285,0.16656953122998983
J A Quality Upholstery,1,8,0.08500474023458077,0.04819252059678542,0.0018911215192928875,0.47115913161542267,0.34744540555402637,0.01923040194378694,0.027076667989604137
J Luna's Mobile Car Wash,1,5,0.00915260594338174,0.01344908582977948,0.00160777448909354,0.5845725417137146,0.35207669362425803,0.00670041963458054,0.03244085460901254
J Wilkes Wines,1,76,0.015021311661449065,0.06290983032407602,0.013980265015944498,0.6171745676168173,0.16869297716766593,0.032585021450741804,0.08963602417651069
J'aime Skin Spa,1,48,0.008846161062441097,0.03244159838747383,0.06897705870323985,0.5925499608517081,0.18222323378237582,0.02247100412447854,0.09249098881749278
J's Tires,1,5,0.03723736563697454,0.02776671634055668,0.0069728840142488,0.5996609679888933,0.2240875586867332,0.03717288840562102,0.06710154972970482
J.Crew,1,9,0.189332818696534,0.24752182777350143,0.0089847715118796,0.14024273959350664,0.08292600869511561,0.09991502201753769,0.23107680129922092
J.Medina Landscaping &Hauling,1,5,0.00950944912619882,0.00315280873328444,0.00206495870370414,0.3868038773536682,0.4438196837902069,0.006441614823415839,0.1482075914740562
J7 Surfboards,1,9,0.008186960489385612,0.005172761545206067,0.007313890188621933,0.563390025558571,0.25616812643905473,0.0040375904904471,0.15573064108482662
JAS Productions,1,73,0.014509995471150243,0.008812750516657048,0.006244347601003057,0.4091609139569512,0.3746421406626038,0.008465192795807623,0.1781646581940761
JG Estates Collection,1,15,0.12768945054461556,0.4094260903075337,0.1438551895165195,0.006799125500644207,0.1834635922685265,0.0875385169871151,0.041228029659638774
JJ's Liquor,1,12,0.09542845833736158,0.3496956455055624,0.05388795553396141,0.14820775640328063,0.21758979856773897,0.07377582804959573,0.06141455488007821
JJ’s Diner,1,65,0.014145801689189164,0.024664788423643332,0.020026674302061967,0.4921995155405826,0.33921690703584595,0.030151491760849334,0.07959482169781736
JPL Productions,1,12,0.008972601916563341,0.008584503724705385,0.12604972466457787,0.6193233428445334,0.06604435100841019,0.005905728040185392,0.1651197489118203
JR's BBQ,1,7,0.007810785767755285,0.07250913437123273,0.0033727610217672856,0.08459634234064387,0.30526647929634365,0.40378801710903645,0.12265647162816351
JRA Designs & Alterations,1,46,0.018081554910168,0.015574348364126541,0.04257905832491811,0.34075649921863294,0.3979348289253919,0.014465287740281527,0.1706084159567304
JSB Cafe at Santa Barbara City College,1,16,0.06215980887645851,0.02732310265855626,0.0111669452489877,0.2894206188793759,0.41249273883295245,0.08502844373288093,0.1124083516770042
"Jack A Sturm, DMD",1,12,0.04700927251542447,0.05030769604491067,0.1879749611446944,0.2467465034181562,0.296079800153772,0.0895337370069076,0.08234802819788452
Jack in the Box,3,182,0.1406201881524124,0.37804149793893366,0.04257688578154253,0.04960255208777024,0.20662777675673935,0.07542477347657775,0.1071063333362402
Jack of All Trades,1,10,0.052516890299739286,0.0727071166154928,0.00658311657607549,0.16610496530774976,0.5344625275582076,0.09630223650019612,0.07132316185161466
Jack's Bistro & Bagels,1,8,0.027607901050941974,0.22917230610619296,0.01216113743430465,0.3450279060052708,0.2412846330553293,0.07365767000010233,0.0710884439758956
Jack's Bistro & Famous Bagels,1,211,0.04830906481837399,0.1259872482723216,0.017669932397305303,0.34678885726543957,0.3190687104013541,0.04740921199328363,0.09476697516916714
Jack's Bistro and Famous Bagels,1,221,0.02298053160754377,0.09862509508350147,0.015458327269537653,0.37808872425754353,0.30017267934118325,0.06372399119464296,0.12095065616973043
Jack's Kitchens,1,5,0.09394709710031743,0.10494590327143664,0.00447741046082224,0.038820239342749065,0.4664033383131027,0.20784669723361726,0.08355933837592598
Jackson Medical Group,4,59,0.1708269519534088,0.13385967422529294,0.041379954756663714,0.12549949494502266,0.28306445063454866,0.1435111230594437,0.10185834247879363
"Jacquelyn Sugich, L.Ac - Golden Ginkgo Wellness",1,8,0.02955937670776615,0.014068444201257024,0.086424570181407,0.155222728732042,0.4734441922046244,0.044191801338456516,0.1970889222575351
Jade Restaurant,1,14,0.008787397993728479,0.2051775115957882,0.001562024674577843,0.48448323707894553,0.2648181357820119,0.010774181673436235,0.024397505547053
Jaffurs Wine Cellars,1,69,0.03368377974223125,0.045603378375560215,0.006634923087245655,0.4783835835253779,0.334346329746093,0.025390888646960322,0.07595712054466852
Jake's Cottage Cuisine Cafe,1,8,0.01897280517732721,0.18731634248979387,0.005606554266705588,0.21660386447911148,0.5207199845463037,0.014963796507799963,0.035816638730466324
Jamba Juice,1,15,0.04385446275894836,0.18742319305116925,0.005755613480384106,0.16599104766501108,0.42717891881863274,0.09016827153973278,0.07962848747459544
James Crolius Plumbing Services,1,7,0.06957726855762299,0.07314635984533062,0.004151250755447586,0.289004983646529,0.3224347833810108,0.00968325711853267,0.23200211208313704
James D Dart DDS,1,5,0.18537513101473446,0.1837986001744866,0.1791523891035467,0.2896687159780412,0.10741193182766433,0.01634343815967436,0.03824977129697796
"James G Brewer, MD",1,13,0.027349511994263824,0.023891097315264676,0.06126800489549234,0.31505620271827167,0.3647898085630284,0.0756615875109743,0.13198379674353275
James House Santa Barbara,1,18,0.007630698609217539,0.06613052913194724,0.020063538036386757,0.6475325354193855,0.1663010312347776,0.05468448579388977,0.03765716095868907
"James Kwako, MD",1,16,0.16439482257555932,0.13696591997540958,0.06849590257479572,0.17081012089147404,0.2783099588996265,0.1449306270005763,0.036092635695240426
Jamie Slone Wines,1,211,0.009890234810675302,0.03468305641295322,0.008029994189433516,0.7260159111920506,0.13630797207836606,0.014873405902478707,0.07019942860070488
Jane,1,751,0.011958351935267392,0.057471303624732926,0.005835541952334694,0.5788502768649749,0.218499024919161,0.035950134414838415,0.09143536601480051
Jane At The Marketplace,1,309,0.022156722066226188,0.10624494415242221,0.009009269857986307,0.5103403528814425,0.21480483045005822,0.05638624270993633,0.08105763458777938
"Janette Hope, MD",1,7,0.05094843988107245,0.22011473613591595,0.1893314338355724,0.09614305376141728,0.19243078253098897,0.16281857251721826,0.08821302040347026
Jang's Karate Center,1,7,0.009297857792781873,0.012185967061668615,0.016736214348514113,0.5600064629688859,0.34713059291243553,0.008777941976274729,0.04586498166567509
Jared's Moving Services,1,58,0.04485865946104423,0.02291855859522028,0.024451239987934793,0.24123236126515304,0.4463668409654678,0.029721154460025066,0.19045117516712892
Jason Campbell Painting,1,6,0.014463922784974118,0.011099309932130033,0.0072507566947023665,0.3984925781066219,0.3695650454610586,0.009011071640998083,0.19011733160975075
Java Jones,1,15,0.06730675202173485,0.23782026410723722,0.0068981382103326,0.41749160182468276,0.165244381998976,0.01362727275506278,0.09161158242107677
Java Station,1,206,0.03481359451187507,0.14900498555391659,0.011454046743574899,0.4236599819684397,0.2378879791268066,0.05775532562164721,0.08542409059800682
Javan's,1,31,0.035823292174046034,0.055067875925751894,0.0033628261317648744,0.2930859721476031,0.453348932877904,0.08822900231086434,0.07108208383133091
Jay C's Place,1,5,0.00703769838437434,0.04527418175712222,0.0020914900815114,0.4136921264231205,0.43470706455409525,0.06695584855042395,0.0302415908314287
Jay Farbman Photography,1,7,0.015594723202022015,0.0081170649666871,0.0022507302076389,0.5861588791012764,0.26799254279051504,0.005649738712236243,0.11423632475946628
Jazzy Maid Service,1,54,0.029578702377707274,0.03940933064721451,0.03318507971211884,0.42390277568591517,0.28758129161023704,0.02219796475859492,0.1641448753394393
Jeannine's American Bakery Restaurant,3,1077,0.02043620685814592,0.07041439473715576,0.009945603798007534,0.4792808695151672,0.2705274798960088,0.0426683055479386,0.10672713905006917
Jeannine's Bakery & Restaurant,1,657,0.014934895113620807,0.06341973088998513,0.009212154124900961,0.5380637118836675,0.25191109896285946,0.029701278091527335,0.09275712875034117
Jeannine’s American Bakery & Restaurant,1,41,0.007615562008761907,0.02033621927995866,0.025875297732787475,0.5905127527260381,0.2061317344423292,0.03408315277192737,0.11544529096473277
Jedlicka's,1,9,0.004438957885011156,0.0056384410321091115,0.001802519351864811,0.5227494519980004,0.23351166707774,0.10554841494498149,0.1263105360170205
Jeff Bochsler at Guaranteed Rate,1,22,0.014661728753708246,0.013125033948612768,0.03390598723622543,0.4006109284237027,0.4528605957430872,0.007405470252375668,0.07743026921525593
"Jeffrey A. Stratford-Jones, DDS",1,39,0.06476353495590718,0.07637716077554679,0.11603800929823098,0.4254783102003738,0.21964264145861256,0.03301167604811963,0.06468867472647566
Jeffrey C Edman MD,1,13,0.015960167135255224,0.0794573105209005,0.07543190373018237,0.39706605789251626,0.26582712189366037,0.04742774612700133,0.1188296882543139
"Jeffrey S. Sager,  MD",1,5,0.01288488078862422,0.15011909382883457,0.017128478758968342,0.25165771450847385,0.2653776653110981,0.02009934387169774,0.2827327992767096
Jen Stein Realty,1,9,0.028805026448228258,0.09879145013271932,0.0046292795773802,0.4742408686433919,0.3564098642932044,0.008189092985250822,0.02893442650222111
Jen's Petsitting of  Santa Barbara & Montecito,1,19,0.014742884981004763,0.011073922407568238,0.11421235856036406,0.6230280096029961,0.13257331160926503,0.0170520178753098,0.08731749678324709
"Jenn Kennedy, LMFT",1,5,0.008416424319148021,0.01728410450741644,0.23253774177865122,0.5153975378721952,0.16851003095507616,0.02097163023427124,0.03688256843015546
Jennifer Ellison - RPM Mortgage,1,12,0.014899314536402577,0.010465697608500043,0.009556738751901576,0.3066875906661153,0.5486417727079242,0.0059544439524567006,0.1037944403942674
Jennifer Henry - The Acupuncture Lady,1,13,0.011540279884894254,0.019217540886109795,0.059792478828547616,0.19507154131021634,0.5107822091533587,0.07363460932929924,0.1299613498581143
Jenny Mann Floral Design,1,10,0.00869367760606107,0.0069953162514138495,0.11854142459342251,0.43240744988434016,0.26223296076059344,0.00430461126379664,0.16682454156689344
Jensen Audio Visual,1,5,0.02139372779056426,0.00478533264249558,0.00203272830694908,0.3957526765763759,0.26270619146525853,0.01169725027866654,0.3016320541501045
Jensen Guitar & Music Co.,1,18,0.0799473025447999,0.14040042448969967,0.003069678017507361,0.30539569607612466,0.3230168678694301,0.05781724452713705,0.09035278924016485
"Jeoffrey P Benson, MD",1,6,0.1149837788349638,0.3440581856605907,0.0432339151545117,0.018606006546178784,0.3444764252441625,0.11335555991778769,0.021286117747270752
Jerry The Plumber,1,10,0.11333071277476843,0.049097056547179774,0.00427772231050761,0.3076358183170669,0.28605627641081804,0.0429919990478083,0.1966104049235582
Jerry's Plumbing & Heating,1,32,0.1657211020865361,0.14832026188742017,0.06532834314930365,0.04391891548038979,0.27636270804214286,0.128651408587757,0.17169726650172373
Jersey Mike's Subs,4,178,0.09233243828194651,0.18740470953850763,0.025421456178274807,0.22808167488468556,0.2608329326835241,0.07466585811926046,0.13126093400818856
"Jervis Yau, MD",1,14,0.03691879237469812,0.06460038653209002,0.04812522697362247,0.30822004088050947,0.46128656395844053,0.04140650983234597,0.03944248413400987
Jesse's Shoes and Repair,1,31,0.1048930519590935,0.16607578377044127,0.04184654673125831,0.06337584358369627,0.2867937639295574,0.11173233291464703,0.22528268103938423
Jessica,1,18,0.06801416181648766,0.12380744249741024,0.014461123673956685,0.2917469389956548,0.2534244200214743,0.07440520099286606,0.17414070200175044
Jessica Foster Confections,1,19,0.01030428246227332,0.06008968411601684,0.0517545366708777,0.4042828867938002,0.24119957703116687,0.05172843795490299,0.18064058709301442
Jessica Maher Photography,1,10,0.01714133903151373,0.00543493902077894,0.00216920753882726,0.724036791920662,0.14113352848216887,0.0029065506765618603,0.10717762755230065
Jessie Sessions - Berkshire Hathaway Santa Barbara,1,19,0.015117805831036241,0.006670301541146826,0.066626297628605,0.2538231809035335,0.5041431514056105,0.006516323449384168,0.14710292475003942
Jesusita Trail,1,24,0.009301724210672505,0.011934466233166506,0.028496035702119064,0.2366803180775605,0.6511347851483151,0.026221865089610174,0.03623079929578424
Jhonnys Pest Control,1,55,0.0897799624214795,0.13080084043216295,0.018908091410676987,0.1896138072119687,0.3785609462383119,0.08046360489573663,0.1118727529506114
Jiffy Lube,2,252,0.0735772730281857,0.08208519805292964,0.04810224702703717,0.2560916663802807,0.31060556237057346,0.061217188445707026,0.16832086263780685
Jill's Place,1,329,0.022146302542513284,0.08869960420219349,0.017447555163895696,0.47919250900876964,0.22290197422863814,0.03322457012580278,0.1363874828810223
Jim Callahan,1,6,0.005117972342607834,0.0033802960145597164,0.4543611994983318,0.3702104641124606,0.1326495965477079,0.0037868969957343666,0.030493609354986465
Jimmy John's,1,20,0.06035330955637615,0.17314684406155717,0.00275995170231904,0.262202964714379,0.2883904003538191,0.07677691277349363,0.1363696112239267
"Jinny Chang, MD",1,8,0.0127809649566188,0.06623967672931026,0.059734278125688406,0.3416266040585469,0.23525001364760098,0.12309934665972828,0.16126910221646537
Jitters Coffee,1,63,0.013648148567881385,0.09486486549703547,0.021584229886583525,0.4058285004977647,0.30345318022937995,0.06032765941095667,0.1002934150183425
Jnl Glass,1,16,0.020127212919760443,0.013441943803627463,0.029113841366779476,0.27213670437049586,0.3967114970437251,0.13435473854769947,0.13411405638908033
"Joanne & Tem Gronquist, OD",1,15,0.013549787473554366,0.0444201029138639,0.06913190533329419,0.4715672347073754,0.2381795703433454,0.010507395910099106,0.15264398278668517
"Joanne S Garofalo, MD",1,16,0.11628146517614364,0.2923884756601183,0.0809392502851551,0.05459068481650315,0.2644142612698488,0.11666433644131753,0.0747215300580137
Jocelyn & Spencer Photography,1,5,0.006346326135098899,0.00272001649718728,0.00123455447610462,0.7697579383850097,0.13817201517522332,0.00459922333247956,0.0771699301898479
Joe's Cafe,1,744,0.02982192312574425,0.13518860236687147,0.014094015675694951,0.37824770702249105,0.2911801822952956,0.05658545221204574,0.09488211894624266
Joe's Window Cleaning,1,6,0.019817501578169486,0.013117111792477402,0.0015151907185402501,0.45149654150009155,0.3883705747624238,0.025971035007387348,0.09971203717092669
Joel's Roofing & Rain Gutter,1,9,0.20532039180397982,0.18750281585380432,0.0101248174647076,0.08050565971967034,0.19017610729982454,0.07912987434408726,0.24724034439875842
John Briggs Motorsports,1,15,0.024270727361241938,0.03091435496074453,0.010269401876333422,0.20600496476205685,0.47448468344906963,0.058156678453087765,0.19589919792488214
"John D McCaffery,MD",1,14,0.12366444207561597,0.23271141410805282,0.02999710296613294,0.2929576731486511,0.21762495042224012,0.043035885884559526,0.06000852405226653
John Dunn Gourmet Dining Room,1,5,0.00644879913888866,0.00950636379420752,0.00158906416036186,0.3557544738054275,0.5765314802527428,0.00823978681582952,0.04193001054227346
John Edwards Salon,1,32,0.03520143870628084,0.05507267279608637,0.007846968075682468,0.4100305290048709,0.31605671741999686,0.046472257221466806,0.12931942267459812
"John Henno, DDS",1,6,0.0089221399199838,0.0163123600262527,0.009699246341672983,0.5133679459492365,0.36749603785574436,0.022026856973146366,0.0621753723826259
John Howe West. Independent Toyota & Lexus Service,1,17,0.04868497258490494,0.033229280465200274,0.0062927848193794,0.2088043852435315,0.5591481306097087,0.07500173120677248,0.0688387397950624
John Hurley Automotive,1,8,0.017912291776156,0.00598492204881035,0.10521074657299319,0.44515289820265025,0.3654434300842695,0.012458214841899424,0.0478374911472201
Johnny Was,1,5,0.051108310930430834,0.07766278156777842,0.0036378077871630997,0.6318931045010686,0.17488531265407797,0.01974396361038084,0.04106874801218506
Johnson & Yong Chiropractic,1,6,0.00459592979556565,0.003768564240696467,0.009340675101460232,0.46141602587886155,0.09149101097136735,0.016544942569453217,0.4128428407323857
Johnson Family Dental,2,201,0.1043803054018094,0.11680014523566322,0.10296651225540532,0.23639757559977617,0.2214416537135005,0.08091369319639966,0.13710012003102925
Jolly Brothers Catering,1,17,0.00920794302981123,0.01360142930849067,0.0467151232211001,0.5092293684069505,0.20115580596029756,0.03834133254199777,0.18174899835139507
Jon McCuskey - Guaranteed Rate,1,5,0.00914373598061498,0.00425317748449736,0.00271175531670446,0.4706192634999752,0.31035684943199154,0.0047082697739824,0.1982069646939635
"Jones Thomas H, MD",1,6,0.1788898205850273,0.05791054790218667,0.020181083974118,0.14082353748381135,0.3510118510263662,0.08924313068079447,0.161940059158951
Jonny D. Wallis Neighborhood Park,1,5,0.006821313919499481,0.17660961158107963,0.00570360537385564,0.476013657450676,0.16141723319888107,0.0157460196409374,0.1576885312795639
Jorge Dj G Cue Munoz,1,17,0.02202521752127824,0.028798346325535934,0.0029077902573215117,0.3955280522487181,0.3664706088602543,0.049196196596740745,0.1350738148698035
Jose Eber Salon,1,15,0.010736381604025713,0.04139957404695448,0.012382432287752893,0.5436637207865715,0.16771299025664724,0.020172249510263356,0.20393265603731073
Jose Martinez Gardening Care,1,5,0.09556724634021517,0.0353716568090021,0.00422686132369558,0.25881864039693026,0.40157574564218523,0.07116284291259942,0.13327697422355408
Joseph C Weber DDS,1,8,0.009253348165657312,0.05865180889668403,0.16201773361535737,0.220401796628721,0.20684701099526134,0.08252557639207223,0.2603027081349864
"Joseph Hwang, DMD",1,7,0.029469703357400588,0.024468449809189313,0.02031676960177714,0.5273844030286584,0.3358141609600612,0.008512794139928,0.05403370895822129
Josette Tkacik,1,11,0.008975124727426545,0.006794874376447982,0.0014542987866495909,0.7271549620411613,0.1875215044922449,0.007649306969886427,0.06044992779127571
Joy P Bean,1,5,0.024853517115116082,0.00491327322088176,0.3776075745467097,0.27007008478976785,0.21610296890139574,0.00517395623028274,0.10127859273925421
Joy de Vivre,1,5,0.09106911666458468,0.0251378516783006,0.19515901749255132,0.24279565867036576,0.064514787774533,0.04229097060160706,0.3390326083404943
Joyeria Latina Americana,1,9,0.018492439244356368,0.028449585635421954,0.07748958984545119,0.2531907476950437,0.4614882018003199,0.014256219922875311,0.14663321069545213
Judge For Yourself Cafe,1,114,0.009497169449132935,0.07516755881104532,0.00436456771434705,0.5547676607481359,0.2670105088526677,0.01176949408673268,0.07742303313908015
Juice N Things,1,25,0.008552162582054679,0.08471790484385561,0.017115789813687977,0.47371193961356767,0.22468851689249272,0.01756914410740132,0.173644544808194
Juice Ranch,2,173,0.029120857588478415,0.08394274748528689,0.011356166175316238,0.40143982299843756,0.280274393747566,0.055160580326081614,0.13870543317473624
"Julie A. Hemingway, DDS",1,6,0.045493078709114294,0.014886875015993882,0.006519728524532767,0.5481957877830913,0.22995662813385323,0.010757950677846816,0.14418993187913046
Julie Morgan Hair and Makeup,1,36,0.008840559170089817,0.008719743235916264,0.02732412944007789,0.4965585385475101,0.16545008800716862,0.04635489508574306,0.24675204593222583
Julienne,1,305,0.019697241909748475,0.09692252999702158,0.006121874243864494,0.4271244266449252,0.2714601525846013,0.06602058228578597,0.11265318990135408
Jump On The School Bus,1,178,0.01590071141973572,0.007268274698361938,0.012245757324951962,0.6308089833748475,0.20854533343900283,0.008067422044813963,0.11716352315132994
Jungle George Grill,1,19,0.00674128953955671,0.10554269866674741,0.0063689900347717425,0.29465922864466465,0.34228920995404843,0.06028883333170881,0.1841097511841278
Junior's Taxi,1,18,0.08798541194604083,0.13675630901060581,0.0701503882268702,0.21448257979742869,0.3143402773679958,0.054418639422187325,0.12186637669543006
Just 4 Fun Party Rentals,1,43,0.061491610319895064,0.059398484605819285,0.06039878504274972,0.37279524276070947,0.2779582352594061,0.010656768542736028,0.15730088105598503
Just Blow Drys Montecito Formally Shine Blow Dry Bar,1,62,0.049930748711865834,0.1032254602844571,0.012347802091220857,0.4469865493658524,0.1761079475043281,0.05691626932727349,0.15448522492266828
Just Play Music,1,56,0.06759298234412973,0.1901082586243449,0.010864217325953518,0.18564279255432273,0.21900356950105299,0.05627558120925506,0.27051259544220685
"Justina Pham, DDS",1,17,0.018218138193547243,0.03299457371673159,0.0839748762458946,0.4432078476392609,0.2799887777141788,0.021256767617374172,0.12035902516971173
K Frank,1,9,0.022460261747861855,0.08942092895934665,0.0028003815483922338,0.591235321894702,0.19781462248000828,0.015367372427135657,0.08090110661254984
K-Nine Solutions,1,41,0.06296512285224726,0.011257988204838795,0.09157122872775507,0.3897372737311099,0.29283135881783756,0.030034083708348387,0.12160295903364692
KAMAP Property Management,1,10,0.11338102815207089,0.13760892731370403,0.01829685919801699,0.09361872836016114,0.28822381962090726,0.01156056909821923,0.3373101128265261
KB Events,1,37,0.013720078025692778,0.004547387630540224,0.0302476510161697,0.556962319807074,0.262560089987174,0.00611315636165636,0.12584932359891965
KFC,2,69,0.049520459056467424,0.33586598334996787,0.025230342654706993,0.14261309025755176,0.28379498799905123,0.07236120475294146,0.09061393127996012
KOL'S,1,27,0.030271679210407538,0.10936869067221842,0.0035549968953192184,0.5147036136046087,0.212857194641536,0.05995927356114536,0.06928453577199463
KRUZ 97.5 FM,1,9,0.012072869641188878,0.12585496207854396,0.011692733542683166,0.11524091174619062,0.0385572896338999,0.5802602090148462,0.11632101672391092
Kacie Jean Photography,1,12,0.009320114302681726,0.005027424029928292,0.0029904498442192002,0.5661030234768987,0.12968583971572414,0.00426514305096735,0.28260801398816204
Kahuna Grill,2,275,0.01543913897550237,0.0788047396254048,0.010439355753690208,0.4454273910282857,0.3026703892665153,0.043307178042067,0.10391181372042572
Kai Sushi Shabu-Shabu,1,243,0.04448353282632033,0.24201235100277219,0.027276352553464493,0.24632811758813586,0.27077558273933405,0.07395834651767988,0.09516572103229129
Kaia FIT Santa Barbara,1,6,0.022122834886734614,0.008097972876081817,0.1358120730534816,0.2845134337743123,0.2498948909342288,0.09338317881338294,0.20617561042308807
Kaiju,1,67,0.03010746098120011,0.15878257938267995,0.0127314434941934,0.3479517141692409,0.2791619064397554,0.06502161817381903,0.10624326559117254
Kait Hamilton - State Farm Insurance Agent,1,27,0.04411920561472432,0.007414034936421804,0.006699729650453789,0.49264434759108416,0.3550755562502201,0.022260235557849978,0.07178688702966876
Kaleidoscope Flowers,1,73,0.04180664865440391,0.04530047727764694,0.01677526425122125,0.3984521760402745,0.22431416072793403,0.06746785089928552,0.20588342491250278
Kalyra Winery,1,144,0.023183213362547833,0.10565686148078784,0.009433281446541061,0.4593354266782828,0.28136559667634875,0.03343858540352403,0.08758703389483137
Kanaloa Seafood,1,228,0.019629544063559032,0.08357324064714347,0.01098500644634197,0.41049253873720054,0.3158797185986483,0.038200392110555044,0.12123955865114876
Kaptain's Firehouse BBQ,1,71,0.02246080329280972,0.18513293307795983,0.03432209044039035,0.27887540550502404,0.34523716877693383,0.05297542253384546,0.08099618764892609
Karen D Photography,1,37,0.010669752530678046,0.0074349433385036655,0.020945695818030553,0.5104856984689832,0.29986085501071563,0.004273960285039719,0.14632908811138287
Karen's Kleaning,1,14,0.07039619647964299,0.1051894852758518,0.00575361603114285,0.4303735632648957,0.2152269138023257,0.010360801492684592,0.1626994061682905
Karpeles Manuscript Library Museum,1,12,0.020770103107982576,0.14864783526475847,0.007233429205371016,0.24146932884468694,0.17993368759440875,0.07242796551630208,0.3295176546865453
"Kashfi Sean, DDS",1,12,0.019963655077541834,0.20763964022626166,0.2330188838241156,0.22609251265627484,0.21098335584004715,0.011657970045537957,0.0906439843238331
Katherine Reginato's Wallpaper Service,1,7,0.022854465059936015,0.039579571224749026,0.0021188613775718003,0.4074912305389132,0.407904395035335,0.0058588298436786,0.11419264632942415
"Kathleen Boisen, OMD, LAc, CH",1,5,0.07084667403250926,0.14787798468023533,0.049792715930379906,0.16237581083551045,0.42410795390605927,0.011538960691541379,0.1334598555695265
"Kathryn Waters, OD",1,14,0.07154544318161368,0.007750720035151664,0.005648215384488607,0.49391722624256673,0.2919318194368055,0.00631341670772855,0.12289317118536144
"Kathy Patmore, DDS",1,17,0.009447633186081258,0.01619933059384274,0.29261853980407226,0.15468927585821157,0.3108628305661328,0.013665865079554522,0.202516537721214
Kawaii Body Wax,1,16,0.02434024190006307,0.026736004569102037,0.1253507809597067,0.3832690626149997,0.3119759006658569,0.013421818628557913,0.11490618798416104
Kea Plumbing,1,11,0.04430251458490433,0.14456876373680472,0.005291807338256663,0.15141051738332448,0.5830463064326481,0.007920610739595473,0.06345947023311795
Keg 'n' Bottle,1,34,0.10914833581431162,0.181642932796796,0.034038114157738115,0.13010921918954835,0.3560055846225141,0.027657221331644534,0.16139858332120205
Keller Plastic Surgery,1,18,0.0988566774111758,0.18600142947010073,0.1303284339988345,0.1992842911729692,0.13295133657649982,0.07630361545468779,0.1762742129180373
Kelly Marsh - Cornerstone Home Lending,1,47,0.028670369578089435,0.007228077991191802,0.08670361271001732,0.47013669202421254,0.2805219830628088,0.005425228155218013,0.12131403906746427
Kelly Sweda Photography,1,7,0.0069461156214986,0.005739677331543343,0.08434088513188594,0.5679386172975812,0.23473860004118505,0.0071951054768370284,0.09310099602277785
Kelsey Crews Photo,1,13,0.012730809215169631,0.006175067893659208,0.002306370765346846,0.5623539141737498,0.17374158127663225,0.007316391852397708,0.23537588083686733
Ken Symer Automotive,1,24,0.04666922084288668,0.02809138214797709,0.01951675512827927,0.31506706173725735,0.478890686451147,0.015168738250698229,0.09659616195131089
"Kendall, Rohde, & Associates",1,37,0.03755339828785504,0.018908479722921465,0.07478290828294117,0.36941038767140155,0.2994021372366193,0.015899120829999402,0.18404358125140738
Kendrick Guehr - Santa Barbara and Montecito Real Estate,1,16,0.011330816632835144,0.005685799755155993,0.040551806690928026,0.38305400835815817,0.3865412686718628,0.0071773928502807,0.16565890819765622
Kennedy Accounting Systems,1,5,0.10343646276742216,0.2953625421971082,0.34094992745667696,0.02707371370634058,0.18005637414753434,0.03285981491208072,0.0202612166292965
Kennedy's Automotive Center,1,60,0.04045019361074077,0.02183797755472668,0.04809978559496808,0.28345684166027546,0.4568614444695413,0.035054996889084526,0.11423875229277954
Kenneth M Hallum,1,49,0.07772219980287608,0.017119841070427532,0.08732723275660438,0.25216659218814147,0.41608890437768126,0.05055989876831402,0.09901533499170015
Keota's Hair Design,1,49,0.042860953605315624,0.030571461212108512,0.03377007063756198,0.4942680445680281,0.1848862863392854,0.03250276899364374,0.18114042509708322
Kernohans Toys,1,7,0.006921758243281886,0.014009729892547586,0.0011834946178298287,0.5906705124569791,0.25659422975565704,0.018160589488356214,0.11245969662974986
Kevin Schmidtchen,1,18,0.0147721060396482,0.03248936229566521,0.0061754256118243716,0.23170486911355204,0.5390616592226757,0.022952510031043618,0.15284406230784947
Key 2 Fitness,1,45,0.03208916508851361,0.023301725409045352,0.044412728430729104,0.37343357762632273,0.38200674984190197,0.036479414849438556,0.10827664797090818
KeyPoint Credit Union,1,15,0.06330664356549576,0.026920053487022675,0.026429434559152736,0.3290583300869912,0.37296455378333726,0.10256551139367119,0.07875547641888257
Khao Kaeng by Empty Bowl Gourmet Noodle Bar,1,53,0.00923884636612674,0.02467900918212381,0.0023945029704163304,0.6338816805312164,0.1595907477784972,0.05122185776554887,0.11899335571687736
Khasy,1,10,0.00429427844937887,0.01132613292429592,0.00161308893002566,0.6081243326887489,0.24397229440510268,0.08859666879288848,0.0420732064172625
Kidaru Playcenter,1,11,0.013993759808892498,0.017400207781148175,0.001895016752479718,0.4633521733234044,0.3589764262803576,0.015410402832044746,0.12897199375385585
Kids Cuts,1,35,0.05658647372121253,0.0583045945103679,0.06697684448362058,0.4148236573673785,0.2592482367530465,0.022428609284439203,0.12163157344662712
"Kiken Robert, DDS - Ocean Oral and Maxillofacial Surgery",1,31,0.08424113995035085,0.042864169456034606,0.0595885360718614,0.2915282355538839,0.35611153925738986,0.027487988178167562,0.13817839102158622
Killer B Fitness,1,26,0.018621082722137708,0.02072110726909994,0.01877900786348614,0.512259056003621,0.3223099135435544,0.02487565509419739,0.08243417997772871
Killer B's BBQ Bar and Grill,2,231,0.018052128218698917,0.12417280395566663,0.018394806148011582,0.41288907704844635,0.2837547811032454,0.04261011838030017,0.1001262888357696
Killer Shrimp,1,146,0.01826838019689897,0.1262542331014753,0.0071242165782453345,0.4472803501033524,0.23947143163340645,0.042944087815942986,0.11865730262568777
"Kim Elizabeth, MD",1,7,0.13247488129750956,0.25034716796861695,0.015468222421726957,0.1624807818027745,0.26324331055262257,0.015080336747424913,0.16090530030695452
Kim Nails & Spa,1,65,0.06955503537856898,0.1314167487587278,0.025672301669748307,0.4215876853648716,0.21516249502220977,0.0398565371234256,0.09674919182434674
Kim's Tailoring,1,15,0.07148105927432571,0.04544210477421677,0.009181595574288274,0.23012888521576919,0.45809878086050354,0.044978438333297725,0.14068912578125792
"Kimberly Pham, DDS - Smile Design Dental",1,28,0.060383246459033556,0.09357955002841269,0.046943024423463965,0.26247797971882386,0.34818378121625365,0.03790889811768592,0.1505234909626389
"Kimberly Uhles Hurvitz, MD",1,12,0.025156605503677033,0.015256457360616526,0.03460359119101966,0.44866886651531485,0.2821874600679924,0.020393483282532484,0.17373352982879922
Kimberly's Wigs and Salon,1,9,0.16295994067978525,0.18211583811272344,0.039253984054084826,0.31000214512459934,0.1929424878002869,0.010298043541196277,0.1024275910781903
Kimchi Korean BBQ,1,322,0.029028545471265436,0.09863277278538292,0.01489681392658268,0.4084089303347886,0.29289487416867555,0.032384813349601416,0.12375324498807792
Kimpton Canary Hotel,1,490,0.020749064700497376,0.0555668569641539,0.022726027087821597,0.487510019795861,0.23023805589930685,0.04552335051026153,0.13768662342882465
Kimpton The Goodland,1,451,0.03278238559980663,0.16186634356779622,0.023448911658062253,0.35800663609089417,0.22835186644541944,0.06459949215504433,0.1309443626346576
Kims Market,1,20,0.04033154582139099,0.22582709382986646,0.003412479438702525,0.3937259165279101,0.23223105630604546,0.03390479724621396,0.0705671091767726
Kin Bakeshop,1,25,0.007989990266505587,0.006299621714279013,0.00266899870242918,0.5178740710765123,0.21355783667415376,0.018527077869512097,0.2330824252776801
Kineci  Health In Motion,1,6,0.012143911056530933,0.10739402114025624,0.17816902858127526,0.032748154985407917,0.6008690583209196,0.04024723622327043,0.02842859822946285
Kinecta - Goleta,1,15,0.026903769855077028,0.1310764015729849,0.0533510928236258,0.3353694886104979,0.37959179442065455,0.012758978658045287,0.060948480844187185
King's Cleaners,1,6,0.08991570925960934,0.37237101700156927,0.014389666224208933,0.007604861156626866,0.20060805728038147,0.06996990134939547,0.2451408025808632
Kingston Martinez & Hogan,1,6,0.17092602335227028,0.003525701002217783,0.0036972350402114,0.5885363481065724,0.131805468952128,0.0051759334940773,0.09633328150569766
Kiss Kiss Makeup by Melinda Diaz,1,5,0.00917367460206148,0.0147915735840797,0.006288598338141979,0.5673267602920532,0.2514450281858444,0.007597849937155779,0.14337652195245026
Kitson,1,22,0.02351028335661707,0.07197544043777844,0.05818441647517659,0.4204914195103232,0.22173874602991744,0.09127003573600877,0.11282966066871512
Kiva Cowork - State St,1,13,0.012411234004852814,0.0062346389660468,0.005695925774769092,0.6289821280023227,0.1903953997848125,0.007408707635477124,0.14887195539015985
Kiwi's Auto Repair,1,79,0.04969021223361682,0.023439896530235916,0.07345534361128196,0.26874512152251184,0.3134184021066544,0.051809277845240045,0.21944173792070598
Kling Chiropractic Wellness Center,1,17,0.005196656045668211,0.007060150588479052,0.11086325963055163,0.3581395293722915,0.2590137064073454,0.02230491161154688,0.23742178808349892
Kmart,1,87,0.08122228804290633,0.3189569163609874,0.04322126875939271,0.07064609940835516,0.23970226271763098,0.09914673710423892,0.14710443132107368
Knapp Nursery,1,18,0.01852844563351629,0.11021839929485895,0.04245917277552907,0.300474791541799,0.4243149484197299,0.013388865291037437,0.09061538001211976
Knapp's Castle,1,101,0.03114743312212201,0.03609955538522982,0.09555957533821394,0.2220575086239928,0.3948898975469983,0.07666289449858447,0.14358313168666442
Knit & Pearl,1,11,0.004261540217240373,0.004579803197305937,0.0013187024954028636,0.745501096741381,0.09611788688396862,0.09456659963523796,0.05365437328476794
Knowlwood Tennis Club,1,5,0.00321135907433924,0.006197156966663861,0.00092246559215704,0.8792005896568298,0.09098040685057636,0.004007817292585919,0.0154801820404827
Kogilicious,1,127,0.014174831021892403,0.09932495145847663,0.0029567210947888858,0.39944166259764047,0.35372944638191717,0.024208868587917536,0.1061635220920168
Kona Ice of Santa Barbara,1,6,0.010558285401202698,0.0040220307807127,0.10837055551625474,0.7382026240229607,0.09549606343110396,0.003372279500278283,0.03997816859434045
"Kopelow Jeffrey S, DDS",1,7,0.0076896381963576,0.045149923152556344,0.2084773148609591,0.39221639216079246,0.15614140246595656,0.06816670059093405,0.12215862835624382
Korling Construction,1,21,0.0658868662126007,0.015264443687296288,0.0023723595908709378,0.37507976644805496,0.4157139275755201,0.00988598884682033,0.11579665013899401
Kory Robertson - State Farm Insurance Agent,1,5,0.016342292632907582,0.0056762542109936,0.00153903107857326,0.3211542365141212,0.42784415036439893,0.00443584290333088,0.2230082212015986
Kotuku Elixir Bar & Superfood Store,1,39,0.04069862828906383,0.05667933840185208,0.00705377310992047,0.5135269590074387,0.29724237891152877,0.02362168591338181,0.06117724300099484
Kris Gonzalez Acupuncture,1,6,0.011660215638888317,0.016671405329058517,0.0043998630038306836,0.2460421829018741,0.42026487512824434,0.2751678551236788,0.025793589147118167
Kubisch and Ferris Orthodontics,1,9,0.009378833579830777,0.008854816266749423,0.0029145026087967446,0.43495044940047795,0.38918146930841935,0.019026777318989177,0.13569316537015966
Kunin Wines,1,171,0.044756312306550944,0.08580253428707374,0.00875401063750722,0.4812899359776938,0.2651933303037495,0.0344028752889451,0.07980100088684723
"Kunz John David, MD",1,10,0.01152604534290726,0.01939349549356843,0.0942716423538513,0.24669069889932865,0.47913813721388576,0.1314679817296564,0.017512021795846468
Kyle London Photography,1,32,0.008063003664574306,0.01450792422110676,0.0269428519013672,0.573896097484976,0.2206580794882029,0.06775916800324917,0.08817288208228996
Kyle's Isla Vista,1,12,0.04397190440795379,0.14961850334657353,0.0029811058096431997,0.1664380182822545,0.19909254135563967,0.24968681523265934,0.18821111515474812
Kyle's Kitchen,3,1241,0.017445458950409894,0.08632444718060991,0.008005262587057046,0.47877572523896683,0.25334778791976414,0.05930166286428542,0.09679965430039136
Kyle's Protein Grill,1,9,0.006110763849897478,0.02230101488789331,0.008418056602951899,0.3882088084291253,0.1934192302740282,0.12129190817682277,0.26025020920981956
Kyoto,1,264,0.022968465569041,0.13624440114962807,0.017862211529669925,0.43694558191925875,0.2705122207152078,0.04044211713180901,0.07502499947639242
L&L Hawaiian Barbeque,1,150,0.036427044145918096,0.1552142225982,0.012583960563836876,0.33739054031088017,0.3362176955149819,0.05369461434039593,0.06847192388105512
L'Occitane en Provence,1,5,0.060998665844090236,0.025208113249391283,0.06537865753052755,0.4760751385241747,0.2690482102334499,0.00877473680302496,0.09451642613857983
L's Kitchen,1,13,0.011803672362405478,0.010702120059599638,0.002005674983732923,0.27809469720635277,0.35037375048089486,0.061642791363947916,0.28537730285181445
LF Santa Barbara,1,39,0.06773198004931398,0.2318212336559111,0.04988773736672901,0.3142039624165194,0.13792457788561777,0.06758293204116989,0.1308475837517434
LL Transportation,1,9,0.12136441531280674,0.010619379444202978,0.003741858501194211,0.5000906100030988,0.2848603862027327,0.0264619996822956,0.052861367766227955
LOKUM Turkish Delight & Baklava,1,233,0.01853452262877334,0.06246177683276612,0.009588411846672746,0.5359770374009366,0.22027559608147104,0.025764569658146472,0.12739808013080114
La Arcada Barber Shop,1,7,0.013807879710969072,0.014580982005489672,0.0027365208661649,0.5100177728704044,0.3099790341886027,0.006847786750378315,0.1420300342807812
La Arcada Bistro,1,144,0.026599766770232194,0.16170226709922036,0.013031656580601974,0.4592980233542726,0.21128955203554745,0.0459495595601361,0.08212917063388478
La Arcada Plaza,1,9,0.004918032558634811,0.0185717072130905,0.011397931724786724,0.5068312065882815,0.38703938345942235,0.005470228562545377,0.06577151382548937
La Aroma De Havana Cigar Lounge,1,74,0.010317453555290767,0.03144181616733325,0.02305668980635169,0.6582801433317866,0.21586126348356136,0.017541372119700742,0.04350126137000479
La Bella Rosa Bakery,1,26,0.07271354868470759,0.16834545972792858,0.03062103196078584,0.27538738471384233,0.2780973717677765,0.08876166181961215,0.08607352572233554
La Bella Rosa Bakery Cafe,1,46,0.06762918936716307,0.15823202746864606,0.007855341696995258,0.34439919157201704,0.23753370123955864,0.05833917445725878,0.12601138490920316
La Calenda,1,9,0.012478694073959311,0.08785745650271155,0.01640620687653098,0.6838743520848867,0.10706537899871665,0.0032661458373897225,0.08905178572361663
La Carreta,1,39,0.0178717014421589,0.0704774738898357,0.011623035773831872,0.38083988485428005,0.3768794965954163,0.02848075147574906,0.1138276638081058
La Casa De Maria,1,12,0.009217651405682108,0.023864086193498186,0.054884881872567313,0.4854135881178081,0.26152216161911684,0.06940257836443678,0.0956950481049716
La Chapala Market,1,37,0.014531860706975274,0.08483588083244453,0.0024077645833351863,0.24610030529957663,0.5092050969802044,0.04295260440306482,0.09996648471034758
La Cocina Mexican Restaurant,1,74,0.011759015917148691,0.06689525296521444,0.014260943934975798,0.5466466541134601,0.20481403338773221,0.045497053875461976,0.11012704218611921
La Cumbre Animal Hospital,1,84,0.07281327194816961,0.044705902406435766,0.044429650024020266,0.34640609501885977,0.30948751084949994,0.07158051798441664,0.11057705895066079
La Cumbre Feed-Roeser Milling Co,1,12,0.04190955171361561,0.05388506764817668,0.008557720871370559,0.4112149516198163,0.42027325990299386,0.008037423831410649,0.05612201398859417
La Cumbre Golf & Country Club,1,6,0.0036674536919841503,0.0040308979999584,0.0013896449430224167,0.7052949766318003,0.23582468988994754,0.0053409832374502674,0.04445139737799758
La Cumbre Management,1,5,0.4649924665689468,0.1048513596877455,0.09619181500747798,0.0055183770251459995,0.12576538212597366,0.1794302400201559,0.023250375315546943
La Cumbre Plaza,1,27,0.04864592857538131,0.10169053596608267,0.013769077719189178,0.20060856725494547,0.22502952389832998,0.26527059912957524,0.14498576492554055
La Estetica,1,6,0.017280156083870634,0.008411581836601982,0.004072523054977216,0.6566203124821186,0.08567547274287786,0.0063177847187034335,0.22162215892846382
La Femme Photography,1,5,0.0070966062135994,0.0030148002551868,0.00126225792919282,0.7717398524284362,0.14664902631193394,0.00390722856391218,0.06633022557944056
La Fete Weddings,1,23,0.06069812877103682,0.031850713406405974,0.06930691581826814,0.4327825004710694,0.2502104704794676,0.010359109161705057,0.14479216625509048
La Guerrerita Mexican Food,1,131,0.01495178377492178,0.10473728706644318,0.009302225584192648,0.4767968502248467,0.24630502093306075,0.04022436044872058,0.1076824624830757
La Hacienda,1,50,0.014505284938495564,0.06858684452250595,0.011297568099107543,0.5760123409260995,0.19985467294231055,0.03250706482445817,0.09723622308578339
La Hacienda Mexican Restaurant,1,61,0.016930014227104672,0.07074047019514328,0.004205788188942154,0.562383076864997,0.2002035197420198,0.03606868330503763,0.10946844358829258
La Maison Santa Barbara,1,9,0.004592145689659589,0.0047249260371447,0.0019660721752895556,0.6309007207552592,0.15223439182672233,0.006812680629081978,0.1987690638957752
La Michoacana Premier,1,30,0.04605657927459102,0.07901458646083478,0.006089135797810686,0.3547654479703245,0.2646680040983483,0.015830591468450877,0.23357565413850045
La Paloma Cafe,1,77,0.025481356670717097,0.05605913967864777,0.012039502723181763,0.6112429616589541,0.1755700965545007,0.022908033358610438,0.09669891697983557
La Playa Azul Cafe,1,326,0.024970027291361604,0.08100878553594633,0.012612384290647203,0.5281943499828058,0.24125524750336474,0.03263997223351055,0.079319231086082
La Playa Inn,1,58,0.029519571362721587,0.031209242674682627,0.033727736799909425,0.5259479942399374,0.19954616374111378,0.01877925349881161,0.1612700383050431
La Playa Pilates and Wellness Center,1,5,0.00468890224583442,0.004581132857128941,0.00180662226630368,0.7752925336360932,0.18747837208211418,0.00455208159983154,0.021600343938916862
La Playa Stadium,1,7,0.006375155112306943,0.01006060802111663,0.0630142558698675,0.2244381571986845,0.492391756602696,0.07168327857341081,0.13203679743622027
La Quinta Inn & Suites by Wyndham Santa Barbara Downtown,1,185,0.034986471938523035,0.12528168928614386,0.038306054956204136,0.29104999564540873,0.30040327553461127,0.06847073421939398,0.14150177150952148
La Rouge Artistry,1,94,0.010498825132480195,0.009373541792577203,0.0326921692749044,0.5687849013087776,0.18504676836087028,0.0313675177080477,0.16223627261252713
La Rumba Bar and Grill,1,13,0.07287861358445993,0.32397154392674565,0.005284497594962285,0.30605882699064046,0.14422392895301944,0.09083526993456936,0.05674736033408683
La Salsa,1,23,0.018555601086953366,0.09576608110016775,0.0031193312720658307,0.4228512228962601,0.31970000015976635,0.042636552612985545,0.09737122006228431
La Salsa Fresh Mexican Grill,1,26,0.006106995341654527,0.09187044365367346,0.013902132835937617,0.47611166128458887,0.27889690021626073,0.042591449419537936,0.0905204214370594
La Soie Bridal,1,18,0.03482880399355453,0.0458797096378273,0.07468270437352148,0.37294094477935386,0.24861965038710165,0.08094254563588438,0.14210563944652674
La Sumida Nursery,1,41,0.06301729825734179,0.12091531645415755,0.006143787277368321,0.3487045415975267,0.2906962546815232,0.03730502432757393,0.13321776921497427
La Super-Rica Taqueria,1,1788,0.01788890452147743,0.07545797713877334,0.01158789656476529,0.31302961096634657,0.4002214179915856,0.04328678968398055,0.1385274018526001
La Tapatia,1,50,0.06369070695014666,0.30505928896949625,0.010268684046459338,0.20151888116670302,0.28544281093403695,0.03732224300969388,0.09669736429816106
La Tapatia Bakery,1,55,0.03878725348463785,0.11552706873044369,0.007035224685784047,0.3666108162454541,0.3432594850828702,0.02482194524385369,0.10395820431347762
La Tour Wine Merchants,1,12,0.006157098745461492,0.02123108047332298,0.0030333242369427085,0.47256925888359547,0.29187452358504135,0.07071598006101944,0.13441876927390692
Lab Social,1,40,0.0047252499411115,0.012186255415144787,0.03406090325370309,0.5686044280417264,0.2196451253490522,0.05248378560354462,0.10829425329575311
Lacks Karen Management Co,1,14,0.25801473558697446,0.22369897492795382,0.08471595978023413,0.18401728607464712,0.1836669395810791,0.036224721473575125,0.029661361992891305
Lafond Winery City Tasting Room,1,56,0.03602716036714675,0.07696212809033953,0.01584029356880425,0.5515213252396539,0.21260923788317343,0.015570116875876087,0.09146973162881163
Laguna Blanca School,1,7,0.010307509152750844,0.006428000251097271,0.0019930667227266714,0.6135607659816742,0.31130380795470297,0.0044081963465681575,0.05199865130375
Lake Los Carneros Park,1,12,0.0047897354525047835,0.022730085397294365,0.005236229408183091,0.45794428465887904,0.43660754275818664,0.012389993139853025,0.060302123485598665
Lama Dog Tap Room,1,242,0.03543267604050198,0.07406743914083753,0.011170904849144033,0.5108710017949073,0.23466629309344972,0.029279760236578585,0.10451192712538279
"Lambeth Lyndon L, DDS",1,6,0.0077810383518226,0.07515487377531824,0.0648506937238077,0.2976813193333025,0.1964294634138544,0.15702394605614242,0.20107863641654447
Lana Nails & Spa,1,257,0.04456042676506349,0.056737578755510915,0.015484375004128392,0.48390332100766165,0.22667228087695884,0.04826074557112533,0.12438126823888428
Land Rover Santa Barbara,1,21,0.08408090140714881,0.061586836923933755,0.01806896342064381,0.31446102525972364,0.30575449897774626,0.07327785166091325,0.1427699153178504
Land and Sea Shark Tour,1,122,0.08071003744014169,0.12126010851638738,0.03426082504719499,0.39420510365982675,0.20427768059135945,0.05531653898890263,0.10996970658994
Landscapes by Davids,1,7,0.2035483300153698,0.31742808698410435,0.028178059354623985,0.21892722112326216,0.14033795839973856,0.0536545865969466,0.03792574675753708
Lane Farms Produce Stand & Patch,1,40,0.05254002481378843,0.10138123539800285,0.00437412394894631,0.38785104725102426,0.29075393394450655,0.04666838675329922,0.11643125291448082
Lang Motors,1,19,0.021027078135184115,0.023330986806142442,0.0412971247753471,0.18119459907450758,0.46261893835310874,0.16391212640232158,0.1066191343492583
Lani Nails Spa,1,28,0.15347778643315121,0.21821189073047464,0.02507186124109591,0.15985678027936953,0.26847251782393344,0.04793161444415866,0.12697756664212126
Lao Ma Tou,1,83,0.02106462204015349,0.20577118631819796,0.01678202829410665,0.308519578216589,0.2909111960998635,0.028847431839746654,0.12810396041415337
Lao Wang,1,147,0.03248012052899615,0.15274527593282977,0.015263176167765458,0.38614403768236666,0.2721553116872095,0.05209452514164462,0.0891175538493117
LaoWang Burger,1,11,0.009327069591646099,0.130184768021784,0.06273064829557283,0.3864559860138053,0.26116047570989886,0.018932712740603444,0.1312083368909291
Laplace Wine Bar & Shop,1,18,0.005487594963698083,0.00547433046611125,0.008622272735616773,0.7038485656181971,0.13934786188312698,0.02364462922560047,0.11357476106948321
Lara's Auto Repair,1,44,0.05720800308997485,0.02488717218247152,0.03298628448630382,0.30620131337888196,0.38823768394914543,0.03897003831066694,0.15150949137221847
Larry The Massage Guy,1,10,0.017458141269162262,0.07155847530812023,0.00593733320711175,0.34335489179939027,0.4758700430393219,0.02325834869407112,0.06256277044303711
Las Aves Cafe,1,39,0.009357264014677315,0.10003864318609998,0.0034605818397651566,0.5613509091572502,0.2027271907143772,0.02024294065239906,0.10282248714102953
Las Brasas Mexican Grill,1,9,0.007419848245465044,0.18585463597749666,0.0032356599759724002,0.2964400170991818,0.31211562454700464,0.07940252958279513,0.11553168736605175
Las Positas Mobil,1,17,0.22225704520721642,0.13289423180086646,0.01452370452941116,0.06636497718692916,0.41759253265883994,0.024549288702580805,0.12181821173769143
Lassens Natural Foods & Vitamins,1,22,0.051262117811182305,0.2244759464202533,0.008164686587406279,0.17813791450647506,0.2644320024516094,0.18888789886312385,0.08463942619379267
Laughing Buddha Thrift,1,20,0.0042285641771740694,0.01097154026501806,0.0020071296028617647,0.6141708659008145,0.23172574075870211,0.012326482194475774,0.12456969036720689
Launderland,1,30,0.09597107538332537,0.2267607162017763,0.03675797505420628,0.2313228803007708,0.2573888725911577,0.06337088307676211,0.08842760634919003
Lauren Kendle Event Production,1,6,0.0091749545341978,0.005610346541895184,0.0031223881038991833,0.5902758911252022,0.28277840589483577,0.00418472546152765,0.10485328982273735
Laurie Bailey Photography,1,6,0.008761222396666749,0.008370553900021999,0.0020007067214464335,0.6393711989124616,0.2556966580450535,0.014020255747406398,0.07177943239609398
"Laurie Counihan-Childs, OMD, DHM",1,6,0.01816607322931905,0.011364684770038916,0.09171357089265557,0.5355529511968294,0.24682211503386495,0.03208345562840495,0.06429713017617658
"Laurie Rasmussen, Harpist",1,5,0.005000400729477361,0.00312711442820722,0.36907084241975097,0.5133160908706487,0.05711448639631268,0.0046236227732151195,0.047747451765462724
Lavender Inn by the Sea,1,167,0.007430575051537283,0.051376038410806776,0.02036792897074869,0.5635669098722241,0.21734880462768455,0.030577877489710456,0.1093318718081217
Lavish Nails & Lashes,1,13,0.07542582852049512,0.0874554411364862,0.002070961580522154,0.5145418126888287,0.14646331335489562,0.11899578992205741,0.05504684494091911
Law Office of Christian J Younger,1,5,0.01089941512327638,0.02471176972612734,0.24723290209658444,0.10359995625913139,0.49199103824794294,0.059062072401866283,0.0625028357841074
Law Office of Guneet Kaur,1,6,0.00744934870939075,0.004770312050823067,0.17805304047457562,0.3545808202664678,0.41876767203211784,0.00923748283336555,0.0271413361964126
"Law Office of J'Aimee L Oxton, APC",1,6,0.015790740959346232,0.0088871538561458,0.17607996284884084,0.32753260433673853,0.3772763875313103,0.07651139661902558,0.017921748260656952
Law Office of Lauren Rode,1,8,0.0930850250879302,0.02195401414064686,0.20313251037441654,0.2524540436570532,0.258736789226532,0.06739929970353836,0.10323831817368041
Law Office of Meghan Behrens,1,5,0.1402716044336557,0.04869488966651258,0.0143431146163493,0.12542070490308102,0.4948225773870945,0.02088779495097692,0.15555934156291182
Law Offices Of Stephen E Penner,1,9,0.025627314759832223,0.09686822508875689,0.09721549052725696,0.25442999684148365,0.5090085989278224,0.0074815889561755215,0.009368813803626377
Law Offices of David S. Secrest,1,12,0.09974579561579348,0.02538927881202346,0.09316287415761808,0.32472905587443773,0.34947332569087547,0.09409179365805655,0.013407872291281757
"Law Offices of Gregory I McMurray, PC",1,7,0.06161271960341499,0.07771077851897899,0.09797429468017069,0.1760718934903187,0.4663459041288921,0.010258582620216216,0.11002583848312494
Law Offices of William C Makler,1,25,0.06576622808817771,0.06255388063378628,0.015553771441336676,0.23688874179497357,0.44023667350411416,0.06773985227569933,0.11126085610128934
Lawson & Fisher Chiropractic,1,17,0.009304088841685423,0.016371324802200975,0.11622526020030761,0.2720083719913792,0.40035366376533227,0.046199011013788274,0.13953829080085542
Layla Threading,2,108,0.09463704699602973,0.12973242585306888,0.04937067413831953,0.25617257038538804,0.2436615035220273,0.08343599344327765,0.14298978158923864
Lazy Acres Market - Santa Barbara,1,267,0.04528765362288017,0.11353442943476186,0.018801355264555043,0.3441862011211052,0.2863300374241664,0.06330945120151203,0.12855087171791793
Le Bon Cafe,1,5,0.00732713066972786,0.019285810273140643,0.00260646478272968,0.35925645066890866,0.4280048578977585,0.1662212630733847,0.017298012413084478
Le Cafe Stella,1,271,0.02015143007811539,0.1357978167700945,0.017242323222627635,0.46648308227948737,0.22217895385957015,0.04519424267217162,0.09295214910010333
Le Café,1,10,0.04518732195137995,0.22347780389245595,0.00372136509977277,0.32592450790689326,0.1191691203974187,0.2026871548732742,0.07983275885926554
Le Crepe Shoppe,1,22,0.00660152778833761,0.06655021960614246,0.0015314404736272498,0.5867452322087378,0.29871123076670547,0.010140867131254163,0.02971947221720417
Le Macaron French Pastries,1,51,0.026762167626407464,0.08519197268498255,0.016126641811912503,0.4721995391386479,0.2657202996642274,0.04127014578575739,0.09272924698797944
Le Petit Bistro,1,8,0.021205325552727975,0.4158278818358667,0.012387008100631588,0.314168280136073,0.10958773666061457,0.05066554658696984,0.07615819660713892
Le Reve Organic Day  Spa & Boutique,1,98,0.03493163056673991,0.06958349917870371,0.04548288465890915,0.5219619580041451,0.15094491254481274,0.04317218358557172,0.13392292944612263
Leadbetter Beach,1,44,0.014432600855467449,0.13006133847044438,0.030878121984476935,0.3324352431386201,0.37142112014010886,0.03905210290527474,0.08171947763978754
Leading Edge Tutors,1,10,0.02457645842805502,0.00937821430852631,0.09805759628070514,0.4313656948506832,0.25267809461802243,0.02419700266327703,0.15974693647585808
Leah Valentine Photography,1,16,0.009525171306449875,0.005948637975961844,0.016640620156977044,0.6136492225341499,0.1981525808223523,0.004523258940025644,0.15156051889061925
Lee & Sons Plumbing & Heating,1,15,0.035904418428738864,0.0267006819757322,0.003598994951850373,0.4175426239768664,0.37234868109226227,0.0152203602250665,0.1286842244987686
Lee's Tailoring,1,94,0.05194081160106117,0.087857864180981,0.0201724191998785,0.25673318832884834,0.3703155675754347,0.03422098564221816,0.17875917273959974
Left At Albuquerque,1,26,0.0141317737109672,0.2698420970790231,0.059205370470478455,0.3158999227363472,0.25875356284758216,0.04595517988603271,0.03621209458931559
Left Coast Electric,1,8,0.03402679169084872,0.018401825393084374,0.0023026742128422124,0.15862068827846085,0.6780612133443356,0.03075420731329353,0.07783258182462299
Legends Hair Etc,1,42,0.015074507426193283,0.02791292667305757,0.021039517759899783,0.5322410788863808,0.20955665487175182,0.010572157589541251,0.18360315319815912
Lele Patisserie,1,20,0.011774154478916849,0.010958292172290345,0.04462007923866617,0.480511786614079,0.2651498053921386,0.0379067118861712,0.1490791862364858
Lemon & Coriander,1,23,0.004535821868795039,0.022464216651354438,0.001500682109389813,0.675580106837594,0.23859845563445398,0.01063892030177389,0.04668179786075711
Lemon Tree Inn,1,269,0.0388229625549714,0.2722324704990261,0.0325087322323361,0.2501200022943859,0.21454363434876703,0.0723268770470827,0.11944532051914432
Lemos Feed & Pet Supply,3,85,0.031062040977892145,0.04568084772498178,0.017713069121750462,0.43678516108296156,0.3356099599041044,0.02734762368148517,0.10580129582051402
Len's of Santa Barbara,1,10,0.0344554322538897,0.02191337210824708,0.009692565532168329,0.35610811996739355,0.44891734775155784,0.03841793544124807,0.09049524064175779
Lena's Studio Pilates Exercise,1,5,0.0081572041846811,0.028181854169815716,0.01086761259939518,0.43788366466760636,0.4811546951532364,0.014593969471752599,0.019160988554358417
LensCrafters,1,75,0.10339975222479547,0.12364320396368077,0.07134144649840887,0.23735198652022513,0.19811425130193427,0.10054963905829932,0.16559973140402384
Lenz Pest Control,1,27,0.11858592253109367,0.18464287881377253,0.07593892889606108,0.17874867954351764,0.24342955650623746,0.055922305737449565,0.14273173504302067
Leo Barocio,1,15,0.011028995923697908,0.01344282228965308,0.02494455196623065,0.38832439550509057,0.30504779821882644,0.03255560098138323,0.22465586247853933
Leo's Sewer & Drains,1,17,0.12195791833458794,0.11560674502021245,0.09563114878427068,0.10859512633589256,0.3918642481405507,0.09572132182417104,0.07062349878662426
Lerina Winter Photo,1,7,0.007960107310541985,0.004764392048985243,0.11573169993269918,0.5073225714066731,0.18629207329026284,0.0036867455679124575,0.1742423923153962
Les Marchands Restaurant & Wine Shop,1,210,0.017756997277250552,0.06624803722813898,0.00751023096159938,0.5180713642779405,0.2303172686225956,0.040332154099208574,0.11976394748725437
Leslie Joy Photography,1,9,0.014118316479855076,0.00813748916455851,0.018541432354443964,0.5352344968252711,0.26409804924494684,0.0036755691334190888,0.15619463046702242
Leslie's,1,11,0.04612442067908966,0.07038202010814774,0.004216048035728273,0.16859697659542272,0.454355677632107,0.04356035751036618,0.2127645053816112
Letter Perfect Stationery,1,22,0.0805260750084099,0.05631621074016116,0.024815404798242804,0.19894588893723925,0.30757298159667035,0.093153608539565,0.23866981263166628
Lettuce B. Frank,1,23,0.03397159195130524,0.10871494992676631,0.003300322098252513,0.24957048172844853,0.3263739186905972,0.18222076591590172,0.09584798645886143
Levi’s Store,1,14,0.06402841014953857,0.016633594876371408,0.001892952080067607,0.5215765572751739,0.16373262865402333,0.052050136275023966,0.1800857286102005
Lewis & Clark,1,29,0.012888218798064429,0.051942516100223546,0.031558998924647905,0.5196488791362157,0.21252848717769413,0.06621282827109094,0.10522005870006974
Lewis Plumbing,1,71,0.08876606056460135,0.06270866069703318,0.038091020995560776,0.25681446447991435,0.34812644476884264,0.07378197599097452,0.13171137807051267
Lexus Santa Barbara,1,298,0.03499972289029642,0.02140994904283117,0.044144791055924996,0.4193869935584586,0.31444236012128796,0.025840294599336143,0.13977588940843086
Lice Rescue,1,6,0.02940719563048327,0.014260611884916766,0.05327619716990734,0.5838593098645409,0.22638315272827939,0.008560649274537934,0.08425285581809776
Life Vessel Santa Barbara,1,5,0.00295934814494096,0.0063609102973714,0.001615156175103,0.7487083330750466,0.21831426080316302,0.00613662078976626,0.0159053676296025
Lighthouse Coffee,2,117,0.020563601007243238,0.06163085494727751,0.004711338010433471,0.5682045396165644,0.23290626250971583,0.024630010566817403,0.08735338834106408
Lighthouse Skateshop,1,25,0.008767227614298417,0.00481138679897408,0.004223040412180072,0.5896279244869947,0.16899155462160703,0.026112827747128853,0.19746603652834888
Like A Letter,1,5,0.00781361004337664,0.0054224046412855,0.0216715872404165,0.5634510934352874,0.34137001037597653,0.0074602266773581005,0.052811104804277365
Lilac Pâtisserie,1,602,0.01296371845108842,0.05662344701559529,0.006729742422208884,0.5207537532133028,0.2140747081682525,0.03320279965746487,0.15565182676595288
Lilibeth Salon Hair & Makeup,1,24,0.010896583621312508,0.10840074481287347,0.059433947939396554,0.4327161714245449,0.2518401659520653,0.01010760944336647,0.1266047571552917
Lilly's Tacos,2,1744,0.015444374067931485,0.053390152505367286,0.011428850761182404,0.35808518555599006,0.41819732210910215,0.0312209115548226,0.11223320344461918
Lilsy Wood Fired Pizza,1,45,0.021589501339217814,0.09067150632876692,0.008007202547742004,0.44077722270093445,0.2981614540331065,0.03588081529726166,0.1049123064614832
Lily in Montecito,1,11,0.07817413450472731,0.012330286554060828,0.001976771274877836,0.41839769546111877,0.27739068239249964,0.031121650329706308,0.1806087767366658
Lily's Flowers and Fruity Florets,1,43,0.054924213357248064,0.06082512940778285,0.013386775955400753,0.2973878974714966,0.19275488674120844,0.1607891503873086,0.2199319455187854
Lily's Nail Spa,1,73,0.07539449939312894,0.16397705876144053,0.04240144162469902,0.3097548396737244,0.185602136005724,0.11196514243763955,0.11090487690980554
Lily's Nails Of Santa Barbara,1,168,0.0954765131848814,0.17224443942229425,0.023450798132433233,0.2936250957784414,0.20428967557243244,0.09047202099810372,0.12044145814884571
Limitless Creations,1,9,0.013512965291738455,0.02974409126262694,0.0016209614178579112,0.35908481561475325,0.45497044838137096,0.02129456550917687,0.11977213662531638
Linda Blue Photography,1,6,0.004980089220528766,0.0027358941054747166,0.0076197340240469,0.645631139477094,0.06375308753922578,0.003271649009548067,0.27200839761644596
Linda West Cellos,1,5,0.0192084525711834,0.01243961540749294,0.0026436798740177804,0.45122323725372554,0.25372457252815367,0.04063111837022002,0.2201293386518955
Linden Laundry & Laundromat,1,8,0.010633225843775962,0.26724656394799234,0.0027913431258638874,0.3488180359563557,0.25353914673905814,0.06557176882051859,0.05139993506600143
Linen Fluff and Fold,1,23,0.010762494998862504,0.04499813791809841,0.01012991013450786,0.38303551431137906,0.3802760266091513,0.024417640641331624,0.146380273260824
Linnea Villegas Massage Therapy,1,10,0.007389240129850751,0.0137682347092777,0.1591399492230266,0.25725767277181144,0.41748451106250284,0.01702967826277014,0.1279307503253221
Lions Park,1,24,0.006017122092695542,0.007639054589768972,0.0019116880951817333,0.6605234468976656,0.14298203234405563,0.08552683769084973,0.09539980305513984
Liquor Mart Gas Station,1,5,0.10735465008765457,0.3922846809029579,0.01066461615264412,0.0031886175624094397,0.2633659666404128,0.033469350636005354,0.18967213029973204
"Lisa Beck-Uhl, DDS",1,8,0.010509121158975137,0.02059269999153906,0.003937458095606363,0.4502668213099241,0.47543568164110184,0.008467463951092163,0.0307907735696062
Lisa McGill SB Brazilian Waxing,1,9,0.013099794586499477,0.010292588746071646,0.03852172028079313,0.6152359876367781,0.270787828705377,0.0066783471912559116,0.045383728161040235
"Lisa Rader, NP - Women's Medical Clinic",1,9,0.00582797245846849,0.0499766067239559,0.006620696474177099,0.5667503343688117,0.3160116689072715,0.04308041697368021,0.011732292102856721
Lito's Take  Out,1,290,0.024668423178734144,0.05154612647261113,0.009034819235314632,0.4013766816383677,0.34656403511441475,0.037310724575393625,0.12949919283775418
Little Alex's,1,112,0.03584172356776041,0.16053834353962357,0.021365625358417368,0.34004397819340476,0.2988097525584245,0.05484877136145116,0.08855180867976739
Little Asia,1,28,0.025255589637838794,0.3583506154370428,0.03087434828609855,0.09491555237452429,0.2993947310772325,0.13180891787799603,0.05940026449596704
Little Caesars,1,29,0.08599593964052094,0.21964418059536092,0.01572234065328109,0.23737900036764487,0.2681807727263919,0.04249766085232635,0.13058011212932136
Little Caesars Pizza,2,40,0.11250098680029619,0.1520449908362934,0.017215962668706147,0.27587816128216214,0.21141656171530482,0.0689156429667491,0.16202769445953885
Little Corner Store,1,11,0.011852960536171716,0.11863581485919311,0.008797616726951627,0.4625004197111014,0.22109192656353113,0.06449213329787279,0.11262914703481573
Little Dom's Seafood,1,100,0.011720119806122921,0.14441171458573077,0.021322895931953044,0.45342737168772146,0.20221632670145478,0.05758182450663294,0.10931974767707285
Little Kitchen,1,280,0.012911741902436349,0.07440114154347348,0.006426597068951018,0.5345549189731953,0.2208504827443643,0.04077895534781934,0.11007616469121002
Little Rainbow Foot Massage,1,82,0.024450310034941407,0.12636845814782507,0.03556157355502005,0.3423820809353279,0.2361792071790593,0.0741309264473185,0.1609274302233044
Little Rainbow Foot Spa,3,158,0.049714554950397394,0.16899400195946818,0.03862788562262809,0.31582852462995525,0.23505422333550127,0.08187569141214049,0.10990512164831275
LivHOME Santa Barbara,1,7,0.0370600798300334,0.10912619803899097,0.004599855497612429,0.25453447844068117,0.5701852496713399,0.008433677289368828,0.016060439354207843
Live Bee Rescue,1,5,0.06377035509794948,0.02970241960138078,0.011435750685632181,0.12047624150291081,0.5301306843757629,0.07051920173689719,0.1739653666503727
Live Culture,1,43,0.011122735483885883,0.07969079931743092,0.00368230350702714,0.42241196700258093,0.2527032272760258,0.04702812743503163,0.18336083179036541
Live Oak Cafe,1,265,0.008053307602058978,0.045293712814971056,0.007117131383779831,0.5725782030912222,0.22558241296682574,0.020387371202034578,0.1209878613111422
Live Oak Grill Catering,1,7,0.03140880573274831,0.043453909922391114,0.002137080683106757,0.451971883220332,0.3624500057526997,0.0061140261657003005,0.10246428687657624
Livescan Santa Barbara,1,14,0.07531003555881653,0.021850335760973342,0.004332099718989621,0.34742385717774077,0.4486185193860105,0.01724034261756705,0.08522479439021216
Living Vehicle,1,26,0.009499358514753623,0.00814769322571985,0.039689999836040254,0.39265781793241883,0.27169595125059665,0.006255481571245596,0.27205368466317076
"Liza Presser Belkin, MD",1,5,0.04391370584489772,0.12978335297666488,0.00588963003829116,0.7187495531048625,0.08027630243450402,0.01050012693740424,0.0108873529359698
Lizard's Mouth,1,36,0.009844802282815236,0.03545131561178192,0.056048807101130124,0.31662552234128166,0.46520836609933114,0.03746530317261603,0.07935587765597216
LoadStar Movers,1,27,0.018155425830088782,0.016526896502236193,0.05031346022884391,0.3380169137898419,0.44447286018273896,0.0065296589465880335,0.1259847769030818
Loan Phan - OnQFinancial,1,5,0.012179621914401601,0.00732689241413024,0.00527343830326566,0.2384069468826055,0.36557126957923175,0.18858141871169204,0.18266041018068788
Lobero Theatre,1,37,0.030031643055907924,0.054974995910605326,0.017865112561078037,0.5035251850935605,0.18830587068018875,0.03629530903354686,0.16900187220134943
Lola Bella Salon,1,7,0.04398871269742288,0.026653881625471842,0.12213031525191449,0.45259741820128896,0.15509840819452483,0.0125734959063785,0.1869577402248978
Lola Boutique,1,7,0.01464005025835437,0.017606469968865956,0.0042933902503656,0.48358460439236034,0.22467970741646628,0.017771155772996743,0.23742461570405532
Lole Atelier,1,9,0.012330345175642889,0.0876771698886942,0.0269509279848231,0.3559960770782911,0.1483431348784102,0.02798914241914942,0.3407132055403458
"Lomeli Drywall, Inc",1,9,0.012094883455170466,0.009133522114199023,0.0017636757563902667,0.4545077108260658,0.4535913930998908,0.018977786983466763,0.04993101199054049
Longboard's Grill,1,515,0.02325911450638313,0.1905944742836528,0.016175208850062937,0.387649122842653,0.22937142024657606,0.056296679802528234,0.09665397582270509
Lookout Park,1,49,0.01034865685268205,0.11829157126829859,0.021615242865292913,0.4145409873287592,0.3244793012177533,0.035483139011134555,0.0752410889764753
Loon Point,1,12,0.025864293934622123,0.2002609971289833,0.027639921240430892,0.21414648791930324,0.33579830049226683,0.09593441244214769,0.10035558293263114
Loop & Leaf,1,12,0.004920713564691392,0.07047960881512454,0.001986129961248125,0.7072432976371298,0.14148566468308366,0.005390948538357966,0.06849366059759626
Loose Pooch Dog Club,1,23,0.024457509330797725,0.10345594596077239,0.049166984560028805,0.37021506320604164,0.2299227433927033,0.07471977670312571,0.14806197334647822
Loquita,1,928,0.015921325810393572,0.05294641322805165,0.009649405198364623,0.5473457652020944,0.2228510580075792,0.027546929686023115,0.12373910119797446
Lori's Mobile Notary & Fingerprinting,1,15,0.12593652292465168,0.07511357173013185,0.008543437408904186,0.21438086833804842,0.33863647977511085,0.08163704960606989,0.1557520637909571
Lorna Jane,1,15,0.03592995533253993,0.11885580092202869,0.005849709095976573,0.4204372419471231,0.15210932561506824,0.1245431371266022,0.14227482490241525
Los Agaves,3,5132,0.020013223833508145,0.05962974714524118,0.011277073455205825,0.4639832619283829,0.2900749676782971,0.028418728850393697,0.12660299715316536
Los Altos Restaurant,1,164,0.020408698847437817,0.07612300974816624,0.0037729461968765204,0.5295413797630761,0.25303145818605377,0.015667217016282507,0.10145529633793952
Los Arroyos Mexican Restaurant & Take Out,3,896,0.02915022108313024,0.10516469831821133,0.01353744328967613,0.42619521284862977,0.2782891653051982,0.047374858123021064,0.100288402264141
Los Banos Del Mar Pool,1,10,0.07775936082471158,0.10616517481685143,0.01658824496844314,0.4646306152280886,0.2232152574229985,0.01577894475776697,0.09586240784265096
Los Gallos,1,54,0.0161246500264732,0.08700790470983415,0.003268434870901846,0.4549474087306643,0.31285918008372254,0.024963204035345687,0.10082922022276623
Los Padres National Forest,1,13,0.025954195387804677,0.16762387021802935,0.015826387474170044,0.13128336729445994,0.44247335768662965,0.04208403226668727,0.1747547818634372
Los Padres Outfitters,1,35,0.005390543173000694,0.021010645761686732,0.051547636764423345,0.7043487281039623,0.11934279708990027,0.009491794127305666,0.08886785268384426
Los Padres fence,1,13,0.030842729629232294,0.023525117842767056,0.002982486881172377,0.22335595311596987,0.5494970905666168,0.13959370625133694,0.030202903999732043
Los Prietos Campground,1,48,0.07268875221537499,0.1800848936763941,0.07369644486000951,0.23766910164583044,0.2924956322434203,0.05800726395682427,0.0853579005391414
Los Tarascos,1,140,0.010488246640722617,0.04765802604004936,0.017116643141655733,0.48607663201733625,0.31245842975497773,0.023238355410701017,0.10296366718830535
Los Tarascos Bakery and Deli,1,43,0.013773988729321113,0.02980063434996161,0.002156069842681537,0.42429638870309516,0.33593086692569557,0.03330140483435672,0.16074065788280822
Lost & Found Cafe,1,5,0.00495296777226028,0.00546625112183386,0.00208179956534874,0.6542349100112915,0.14299947209656233,0.00469080903567368,0.18557381108403204
Lost Horizon Bookstore,1,13,0.003708183931079277,0.006490425757454807,0.0028499222647111614,0.45871144404204994,0.3697421749910483,0.015103073145907602,0.14339476864999873
Lotus Skin Care and Well Being,1,7,0.03185247051130443,0.12094773438626097,0.05782532945574654,0.3922534152931933,0.16995055973529813,0.05365338056747397,0.17351709253021647
Lotusland,1,97,0.02179674197350787,0.03419382287070544,0.014491230383222479,0.4125885367105456,0.23355509694569654,0.07123245212211048,0.212142117122265
Louie's California Bistro,1,151,0.01793100268060386,0.057100848253548026,0.00658138482449787,0.5723271967990814,0.20123025051176247,0.04121858187001317,0.10361072944942858
Louis Vuitton,1,6,0.0304787090669075,0.2857200636159784,0.04591597134033989,0.3846212178080653,0.07552061555907125,0.09961841208860274,0.07812504282143581
"Louise H. Stewart, MD",1,8,0.04382548845023844,0.12248302969965148,0.216303513290768,0.24327326670027102,0.2728775255382061,0.046815351117402274,0.05442184256389732
Love's Towing Service,1,34,0.12317904419101332,0.060813831411959444,0.037905744922361026,0.34258145433063064,0.22891655301346495,0.07610328259932639,0.13050007099723987
Love+Story Events,1,5,0.00839618495665488,0.0030293704825452997,0.0016108238021842601,0.7434033751487732,0.1294453155249357,0.0037319931201636202,0.11038295477628704
Lovebird Boutique & Jewelry Bar,2,28,0.011002020843859168,0.013383053047748774,0.003230171371667068,0.6115629044278259,0.14318985478686433,0.045607175337084124,0.17202481027093847
Lovejoy's Pickle Room,1,76,0.0403852540200061,0.06341331413760164,0.016446111647957447,0.5033634244372431,0.284134572800739,0.025152462713824736,0.06710486091967471
Lovely Spa & Nails,1,134,0.06655418455910017,0.132261540108263,0.039149009724931204,0.36090417997129676,0.20299069528683406,0.08776843880039092,0.11037195323611981
Lovewater Surf School,1,29,0.007369170840508421,0.00599672019698427,0.04384134175328148,0.5135221164191848,0.25577162202961484,0.03323931726305901,0.14025970304320595
Loveworn,1,15,0.0079111063232024,0.009073279037450694,0.0024111742173165865,0.5172364891817173,0.2308798117563128,0.10330100653227414,0.12918714666739103
Lovin Oven Mediterranean,1,54,0.011589549499115415,0.10028389657317242,0.006512211458390981,0.49445257892970135,0.2050511363410839,0.04800149320874842,0.1341091470309981
Low Cost Plumbing,1,14,0.04248226911295199,0.03476727313162488,0.004863555767639893,0.13500878434362154,0.5562314305986676,0.09534403769898092,0.1313026707087244
Low Pigeon Coffee Roasters,1,94,0.009097649830398397,0.03652775471044224,0.0034803786324931136,0.5375171597976426,0.29082194573562986,0.014496444428507982,0.10805866694290861
Lucca Truck,1,26,0.011359594019058181,0.046931590667764526,0.003334890233907942,0.6073328342217093,0.15566479494401178,0.03664123176489593,0.13873507091865084
Luce Salon,1,21,0.016103046075884378,0.04595990706556693,0.035459592822007786,0.5734073820390871,0.19394623024743934,0.009333116434780566,0.12579071643717935
Lucent Skincare Santa Barbara,1,63,0.01984106522009127,0.016578825934427846,0.04222334941778889,0.5062047932149162,0.2945921498956897,0.01870047828988242,0.10185934235859244
Lucia Kiel Portraits,1,8,0.0081927368737524,0.017393448870279774,0.14072256276995174,0.6579990044701844,0.10787812527269122,0.0147862358426209,0.053027906978968496
Lucky Brand Dungarees,1,22,0.14246150433742014,0.2705513081217015,0.016837593055573582,0.23145753256077028,0.16232767028056758,0.06312801050741898,0.11323636578692288
Lucky Coin Laundry,1,29,0.08205909888934469,0.27752441629478386,0.010580720424106106,0.06468567084059404,0.40273223403070507,0.04396359572299462,0.11845425340138241
Lucky Dragon,1,90,0.030337522345750236,0.22293956895332986,0.030913588546294054,0.25504512891412656,0.3359295333528684,0.03384722100777753,0.0909874421298607
Lucky Llama Coffee,1,501,0.016290359407827814,0.04232289943416057,0.005044079180402507,0.5510772452459665,0.27027269985567226,0.028799388532693114,0.08619332894591793
Lucky Penny,1,654,0.017552851474917208,0.07795474772860964,0.009067197481533557,0.4998660108858391,0.2584195602904159,0.04033893716556445,0.09680069311597062
Lucky Taxi & Limousine,1,7,0.01887114400908877,0.0068894810974597575,0.20197414277520556,0.34868113001409384,0.3158148167588349,0.006615193893334643,0.10115405996995308
Luckys Steakhouse,1,404,0.03090932909606739,0.09849359334453979,0.018686819040006967,0.44461553243496327,0.25028286998144045,0.0549472557691428,0.10206459477814118
Luigi Crisa Plumbing,1,10,0.034079654724337126,0.08355231222230936,0.17703921575448472,0.21826285244897004,0.44943733140826225,0.016311466367915212,0.02131714839488264
Luigi's Pizza & Pasta,1,6,0.010775932925753233,0.10813959703470266,0.055085252475691904,0.2720672184562621,0.4665830706556638,0.01395113556645805,0.07339780118005966
Lumber Liquidators,1,12,0.051665739815992574,0.058946083299815606,0.0406853265255146,0.27271682717643364,0.3880043023576339,0.042431165483624946,0.14555056765675542
Luminous Dermatology - Santa Barbara,1,46,0.060437723065463224,0.08592514697849522,0.04500651269526034,0.29874849353623373,0.3169556582731235,0.0536535878554391,0.13927289726131634
Luna Grill,1,241,0.034124170438457946,0.10655637349304449,0.009967539058051395,0.41187811626147486,0.26561322704651213,0.05452351764866622,0.117337055712034
Luna's Jump,1,11,0.09195840436520729,0.2524645529126494,0.033987221498550296,0.23865609016502273,0.25798876003616233,0.02814153958619989,0.09680343599228015
Luna's Jumps,1,11,0.1288613335927948,0.08851409039925778,0.08365109754429957,0.22736434627917,0.21569248593666332,0.14252881231633097,0.11338782513683489
LunaBella Make-up & Hair,1,110,0.014593328436074563,0.012825714027646628,0.05720349204493682,0.5002910403577103,0.1528304939285259,0.059897085641172076,0.2023588395296511
Lunchbox,1,11,0.007204901808026109,0.007527577796612237,0.0014724623602391093,0.595192067663778,0.29869152402335947,0.004827817753803937,0.08508366668088867
Lure Fish House,1,1525,0.012077854852169154,0.05369055109159619,0.00982145345933944,0.5601528747003625,0.2300639586891887,0.034667690131263605,0.09952561588793775
Lush,1,87,0.0415029068211168,0.060483751021694857,0.02578024494601543,0.5334800128449001,0.19418575378782488,0.036109111150030807,0.1084582188471766
Lux Nails & Spa,1,362,0.06628732462137038,0.08741805565499089,0.02665376066265929,0.41295604107020945,0.19921160085758355,0.061296840361383755,0.1461763809002853
Luxe Transportation,1,34,0.010850524591446314,0.004608439264462888,0.002236158053753568,0.6427623349077561,0.19883798142237696,0.0056363627663813,0.13506818034083523
Luxury Nails,1,43,0.12311491082953069,0.16522771393918145,0.04647132074852947,0.1978047659138737,0.2612240872789867,0.05834645439524112,0.14781074891635754
Lyft,1,14,0.2226846850743251,0.13942437045209638,0.010406759613293307,0.17315475882995607,0.2792950802083526,0.12561899711311392,0.04941534011491703
"Lynn K. Jones, Certified Personal and Executive Coach",1,10,0.02299200340639795,0.0080150558147579,0.02480829714331772,0.37094970270991323,0.41398679465055466,0.01245984078850594,0.1467882785480469
Lynzi Doula,1,7,0.009044874093628313,0.006988356438731471,0.06862654860430792,0.5463900113744395,0.3166257712457861,0.011480941769799972,0.04084348864853378
M Kitchen,1,15,0.009108106403922001,0.24408331934052205,0.025025665273036134,0.23832012094790114,0.2625493791264792,0.12987428753791994,0.09103912639742091
"M. Salman Haq, MD",1,7,0.0107534445290054,0.02701384900137777,0.0024280647880263995,0.3135505477631731,0.5587356090545654,0.053548889267923526,0.03396962948941754
M. Special Brewing Company,2,168,0.02473560557458157,0.07207632061735711,0.010600730010559122,0.5357979891436809,0.22384385281752436,0.040916693691022854,0.0920288079412005
M8RX Nightclub & Lounge,1,23,0.0620976215653607,0.12635962032895207,0.0121191645866138,0.4837022693359556,0.19394372437027804,0.05163978375292014,0.07013779819902514
MAC Construction,1,21,0.026522362261034865,0.009550702242579786,0.15221581570499218,0.3555349929790412,0.38745617653642384,0.012275082663455486,0.05644487034130305
MAC Cosmetics,1,41,0.06639768001793811,0.10396096357513533,0.027222427228613275,0.34305475586343825,0.22684088912678924,0.05247642461880582,0.1800468785506559
MAC Cosmetics Nordstrom,1,11,0.045640857043591374,0.06754663683982054,0.08463251399172635,0.35582362695343117,0.262504043565555,0.018988941880789638,0.16486339245668863
MELLER WILLIAM MD,1,27,0.14407398250316164,0.36921232124290393,0.13292974429377521,0.014130526246002794,0.2354422299519043,0.02535000162768277,0.07886118802276469
MICHAEL & ANNA COSTA PHOTOGRAPHY,1,42,0.007880158120921448,0.006283592930274216,0.03069154577886881,0.6914772709742898,0.15061240746373572,0.018074987029346276,0.09498003236062466
MIZZA,1,389,0.01371581545327055,0.0751059199328735,0.00935436869472569,0.5474013490048728,0.19675367999017465,0.03979238645074248,0.11787647886185575
MJ  Electric,1,6,0.28738102860127884,0.05461418954655523,0.05495113045132405,0.046830000899111164,0.38535868283361197,0.12137021558980139,0.04949475328127539
MJ Cafe,1,13,0.005858743455834061,0.005998789762648208,0.0014487225383233,0.6273026992925085,0.2196870343759656,0.004364829349259877,0.13533918960736344
MOXI - The Wolf Museum Of Exploration + Innovation,1,141,0.009509652209838024,0.023580079377052518,0.008071671896622338,0.6393894986431148,0.18062034942513552,0.028197518705905547,0.1106312246530825
MTD Transit Center,1,13,0.12685789221611155,0.2780657531156276,0.13515983046426508,0.06919445254607122,0.15087165619031737,0.07862483666170957,0.1612255762581928
Mac Expert,1,24,0.04538408008132436,0.008464165402983729,0.031030611190847854,0.40253814618336037,0.4038071369868703,0.017518005372645914,0.09125784396504359
Mac N Cheese After Dark,1,140,0.01667930292065383,0.07712953282004616,0.021147303961957426,0.4068166445409588,0.30861725601217976,0.033246467525272445,0.13636349325866567
Mac's Fish and Chip Shop,1,462,0.01404650336636923,0.16202661187012043,0.007904108143343492,0.3442919042989011,0.33516942802615046,0.05291137977445784,0.08365006350334608
Mac's Grog N Groc,1,5,0.013481347914785119,0.0128682304406538,0.1867090809391811,0.19298105002380905,0.5058218106627465,0.00818344638682896,0.07995504327118393
MacMechanic,1,93,0.041173836544296225,0.02724347619016861,0.04893365209629274,0.23070808985928992,0.3563340304229128,0.04653984521796061,0.24906706971476872
Mackenzie Park,1,11,0.01634240154684939,0.06157675537873393,0.07452735082585021,0.3748596513813192,0.3858514773574742,0.011357790705832508,0.07548457487824961
Macomber Karate Martial Arts,1,8,0.019596191428718088,0.01655704854056234,0.0025013981176015875,0.4876400479115545,0.34130228217691183,0.004143215162912338,0.12825982173671943
Macy's,2,100,0.0866887481283629,0.29092905340832653,0.02903875385003625,0.10488215200050031,0.19995869058184323,0.12835504327551459,0.16014755459851582
Mad Dogs,1,67,0.040279273598788454,0.1511816283038108,0.013666676956840476,0.2854589715186478,0.3268617274823473,0.058308538534233664,0.12424318555311586
Mad Fitness SB,1,37,0.014121755578467027,0.032204491094170035,0.004141459632444622,0.6405625799041543,0.19401708296877704,0.014440869116476006,0.10051175437213195
Madam Lu,1,137,0.03672937031437631,0.21991609316616637,0.01019614796433763,0.30846626068959115,0.26040525796286157,0.048628930998354226,0.11565793052155955
Madame Rosinka Consultant,1,13,0.04169219019464571,0.024827227251639977,0.06797269236323276,0.260942995440788,0.09245564982008472,0.04459289374510536,0.467516344327193
Madame Rosinka’s Intuitive Readings by Gina,1,10,0.02424888304667542,0.05496660606586371,0.02534321006969544,0.5354071000125259,0.14108539121225475,0.01067736635450269,0.20827143373899157
Madame Tailor,1,9,0.13171000695890844,0.03382346297924713,0.005688090213677889,0.21346330958315063,0.266930586244497,0.18737161891638401,0.16101292771701178
Madeleine's Photography,1,14,0.03805012502042305,0.03022562150311252,0.003704680840850621,0.500913085931513,0.2989026639344437,0.04634869394690857,0.08185515183556287
Madison Nicole Design,1,9,0.010773797312544388,0.00480926098922881,0.07753763984267904,0.5045920295847787,0.26213701317707694,0.006260610547744512,0.1338896409918864
Madison's Sports Grill,1,69,0.024444387407392968,0.19783763287157033,0.01343712899783297,0.2990085622949518,0.22552838442725653,0.10431887215995428,0.13542502731138809
Maeda Restaurant,1,6,0.06061932925755775,0.2955192024819553,0.11815382045460861,0.13759124977514145,0.33500924830635387,0.008855737706956716,0.044251406720528956
Magellan's Travel Supplies,1,5,0.03820060472935434,0.1782265499234199,0.0035099658882244795,0.14750309805385764,0.3637500435113907,0.0860613363794982,0.1827484008856117
Maggie's Massage Studio,1,11,0.005349827533460773,0.013227855638516172,0.004400893146256781,0.6482957289977507,0.16864974140612912,0.05049878985367034,0.10957714385056697
Maggie's at State and A,1,53,0.015513555632183663,0.13008801277863066,0.013095356415263062,0.38702877844411454,0.256888932508926,0.05816745977708186,0.13921790888076116
Magic Nails,1,33,0.09195141150672548,0.1604585192469654,0.0486045762646068,0.3836625007432744,0.18524782085142125,0.03792336226130521,0.09215181013287012
Magic Pita Cafe,1,27,0.00909515170173507,0.13137048199833196,0.022030013256611396,0.44034615536414395,0.26267758125646246,0.0874453120761447,0.04703531575527175
Magid Masonry,1,11,0.0504237346097149,0.01976869479668407,0.07593299079665233,0.1770657295022498,0.4210539817471396,0.013968356726267735,0.24178651677952567
Magnolia Barber Shop,1,42,0.014685828881781673,0.030028747996160083,0.02421509502372433,0.47084560899418737,0.3188321783562146,0.05412095135432619,0.08727159866664022
Magnolia Event Design,1,41,0.019808451963088808,0.008755787710869269,0.006191854045737671,0.5161977576421256,0.27735265523973257,0.006680490874980593,0.16501300996055868
Magnolia Liquors,1,7,0.20025717812989435,0.21535318916929616,0.009534335620368655,0.1595859386725351,0.2012824015691876,0.04279684787616129,0.1711900840912546
Maguire & Early Orthopedics,1,10,0.1258976316545158,0.06617845243308688,0.08743089530616995,0.3126789491041563,0.30175402313470834,0.08181489268317814,0.02424514556769277
"Maguire Michael, MD",1,6,0.028307044063694733,0.029212312617649602,0.006038033713897016,0.1427557797093565,0.6797939638296763,0.034101165986309405,0.07979166888010995
Maharani Ayurveda,1,11,0.0056787290483374005,0.025571399982171936,0.0034082397469318913,0.5348378853364424,0.36408020623705606,0.010836187199774071,0.055587331764399964
Mahneke Motors,1,22,0.02427526523189784,0.015661783325909152,0.034480665749552684,0.3252604173401117,0.48925997655500064,0.02711104456631631,0.08395085409706962
Mail Box Express II,1,11,0.0044922781049866,0.0031635356400245996,0.002336564161603027,0.6309366314248605,0.23163574620742686,0.07648788690990342,0.050947366621006566
Majorelle,1,7,0.02190821035765104,0.06180983113258009,0.0048225135043528855,0.3566241720358708,0.3462348942245756,0.09324927411840424,0.11535113504422558
Make It Work,1,17,0.14208143231842443,0.07058247986852242,0.007821324240306677,0.0103403808727093,0.2011628066025236,0.3667416223324835,0.20126996192095029
Make Smith Leather Co.,1,9,0.009469349170103622,0.007117080301718944,0.0017526514356075668,0.46433159139835173,0.3411532413835327,0.016408366616815277,0.15976770801676637
Mala Town,1,5,0.0055078571196645,0.03235231162980196,0.00170330263208592,0.3362988953478634,0.4879326790571213,0.10091348867863412,0.03529142942279572
Malai Thai Massage,1,61,0.038481939105950554,0.05161144374965181,0.02708540300573371,0.4465399058841047,0.225965174960858,0.05816277273793196,0.15215335812870043
Malaya Images,1,11,0.007373977262018701,0.008101456565782374,0.0028673305006866458,0.6587233421477404,0.15676771417598828,0.0251413565023209,0.14102482317354187
Malibu Farm at Miramar,1,52,0.02483884053631645,0.1601947158957885,0.07428574370155375,0.4525213794326052,0.14588671586870283,0.0579415285677756,0.0843310741250976
Mama Lu,1,45,0.015484160391820757,0.21064382361558573,0.019461278924589098,0.23282182962478445,0.3456876809087892,0.06705154051176371,0.10884968664031472
Mama's Bakery & Deli,1,41,0.019611604023361304,0.056984828124901736,0.008735073344901203,0.4232595648571122,0.3291765129784258,0.029474748608020154,0.13275766399371003
Mammoth Moving & Storage,1,20,0.023139572597574383,0.0505380622169468,0.05838771216804156,0.3070368125743698,0.44487768560647967,0.019771028001559852,0.09624912772560487
Man And A Van,1,18,0.030196072029260265,0.007909519497641416,0.06540428865345241,0.4632037373052703,0.3459475872417291,0.012411762779164583,0.07492705120239403
Mandarin Palace,1,233,0.03496247695088422,0.21547933869101824,0.014330894744739111,0.31252220761412636,0.2506197201989415,0.07052227699691466,0.10156308007981152
Manning Park,1,7,0.006047071423381514,0.008900490356609185,0.001027357635653657,0.6034914031624794,0.339179382925587,0.008969813951158043,0.032384466180311745
Mar Monte Hotel - Hyatt,1,784,0.04057146681410883,0.2177271075037127,0.04143981836876965,0.1754773364018361,0.2455420082857314,0.09632390201666712,0.1829183624000989
MarBorg Industries,3,33,0.17917245262387121,0.19000300742460016,0.029891184356529214,0.1653198474457233,0.30986499548607477,0.02403463122688906,0.1017138890950291
"Mara K. Sweeney, MD",1,6,0.16496594948694104,0.015104657659927951,0.004892999102594283,0.3190185466082766,0.4655150827020407,0.006912482009890117,0.02359030193959667
Maravilla,1,12,0.10682285941826797,0.13939709584034665,0.0059487549394058245,0.2560162564817195,0.18828657828271386,0.16200372741635263,0.14152473923362166
Marbella,1,22,0.007828044922048681,0.19041622940196906,0.012991268591246186,0.3519399303067158,0.30344434963031247,0.06289552954364225,0.07048464756966986
"Marc H Bienstock, DDS, MD",1,18,0.015242260997183578,0.01909642544988952,0.12117790265862514,0.3035535785473055,0.37571102510102916,0.015282592542159024,0.14993622963730657
Marcel Hemp,1,23,0.007698838366195509,0.006156758858275587,0.0019161191088167219,0.5594238816639003,0.22047869727501399,0.028354429700614258,0.175971296676637
Marcie's Pies - Jimenez Family Farm,1,21,0.023719610202880083,0.2634202588759806,0.011862051919923067,0.2760648432359587,0.13491879347046568,0.1296239141818313,0.1603905152684698
Margerum Wine Company,1,141,0.02075869917286661,0.06802461416326815,0.0177661617577954,0.5625262319181339,0.1982840420116822,0.03753157869949008,0.0951086802380027
Marie Sue Parsons and Stephanie Young,1,8,0.08936788066057484,0.05528005491942163,0.04602707546291634,0.28454238850099495,0.4830861007794738,0.014186489657731689,0.0275100159924477
Marina Beach Motel,1,136,0.010704418607501206,0.05260326424489471,0.011960254647419745,0.5364949228794157,0.26460608668104907,0.023781468111658696,0.09984958459458802
Mario's Auto Body & Detailing,1,7,0.28502586324300083,0.38099302551043884,0.029767216100091327,0.046625826740637366,0.1670478736715657,0.044430070290608026,0.04611015146864307
Mariposa at Ellwood Shores,1,8,0.0070451592910103005,0.014237541399779676,0.02840851234941505,0.5773496059700847,0.32664370397105813,0.024287803651532096,0.022027676284778825
Marjorie Luke Theater,1,6,0.07043543880960587,0.045239760152374665,0.0157586550340056,0.35767796166085947,0.3168189177910487,0.13845459876271582,0.05561466375365848
Mark Collier,1,7,0.1006546798494777,0.04605010629165914,0.0049044008108986145,0.31526512577797144,0.05227038570280581,0.002278726647740971,0.4785765811934003
Mark Crane's Tree,1,9,0.0298530037204424,0.06463797421505049,0.08256071758741093,0.1939890256746568,0.46314596343371606,0.051811013577712846,0.11400226878726644
"Mark Da Re, DDS",1,6,0.0027736780175473164,0.017873472728145583,0.1473782653532301,0.5388188051680723,0.2598256292597701,0.019308446576663568,0.014021727062451283
Mark Johnson - Cornerstone Home Lending,1,17,0.014890973620554934,0.0071477714501430355,0.0026730667364865297,0.48198041851248813,0.38829615838168297,0.004719736602376436,0.10029185724937738
Mark Nargi,1,37,0.010955926078069608,0.01953327216245733,0.009084435426032222,0.4817474080702743,0.30963993369526155,0.004954402051815657,0.1640846314462455
"Mark S Pasternak, CPA",1,5,0.06052997068036344,0.051911536557599836,0.00373654458671804,0.09995144605636594,0.5121672496199607,0.21200649961829185,0.05969671607017514
"Mark Silverberg, MD, FAAP, FAAO",1,20,0.07083361486438658,0.018721462768735313,0.07906064271664939,0.3943087543302681,0.2450687795411795,0.07634734632447357,0.11565941022709007
Mark Todd Salon,1,7,0.039126962024186314,0.08473882247095124,0.0331680373845821,0.367613634643411,0.2853625807911157,0.060723783947261266,0.12926615575062372
Market Forays,1,8,0.0051951401183032,0.013138441980117876,0.011749455698009077,0.6562662590295076,0.20300161908380684,0.004410946959978863,0.10623813766869712
Marketplace Cafe,1,52,0.01631195160734928,0.08019953830584055,0.003704762673386,0.47315948906068045,0.2345043754814049,0.062443630431796585,0.12967623915084492
Marlo's Therapeutic & Sports Massage,1,10,0.00955523620359594,0.03180324491113421,0.00939931796165178,0.34081411007791756,0.3967751322314143,0.0628775459248572,0.14877542294561857
Marmalade Cafe,1,185,0.018247132961059297,0.18866238684009606,0.018154864451876238,0.36441276955018703,0.23138096468976216,0.05139333183776483,0.12774855189365206
Marshalls,1,35,0.052541647811553266,0.12535180303634008,0.023674671024283608,0.1901664396548377,0.33735376359628777,0.04690378942593395,0.22400789284812547
"Marta Sovilj, MD, FCCP",1,5,0.13091707876883443,0.08424965059384698,0.030098022636957423,0.3876442957436666,0.3215779289603233,0.01063750889152284,0.03487552953884
Martin Family Dentistry,1,9,0.008245700459358143,0.013199941546190478,0.14851141796033412,0.34738793415534824,0.39559071410136915,0.008171725293828345,0.07889253772898676
Martinez Tile,1,10,0.01454605009639629,0.009271935629658359,0.0031662152148782797,0.3493444929365068,0.3806874133646488,0.13371294555254276,0.10927095864899453
Marty's Pizza,1,65,0.028962719938359534,0.0853858384644039,0.008246767804778777,0.31060598339133244,0.3845933440929422,0.0792935461325284,0.10291179581545289
Marvac Electronics,1,5,0.010988722811453,0.0096669940743595,0.0019845141563564197,0.20703795133158565,0.3658296077512205,0.15812084111385044,0.2463713981211185
Mary Helm Skin Care,1,5,0.0097255084663629,0.030337519152089876,0.0020902845193631397,0.4738809198141098,0.3928549282252788,0.00696103237569326,0.08414981029927726
Mary Jane Photography,1,9,0.007118243672367533,0.020177189933343012,0.0034742345322026336,0.5862967653406991,0.15923631677611005,0.06640103027328018,0.15729621756407947
Mary Layman - Keller Williams Realty,1,5,0.013164785876870099,0.005088602798059521,0.0032904051011427597,0.44608592689037324,0.4856176346540451,0.008940029190853179,0.03781258985400196
"Mary Tingaud, LAc",1,10,0.020130595006048618,0.03508396777324372,0.01037732004187996,0.3910844888538122,0.36931097693741316,0.03276133537292475,0.14125132379122074
MaryLinn's,1,30,0.06894698648247863,0.2005659083408924,0.11946068998270976,0.20615953773667567,0.21455394460353996,0.06496350376013042,0.12534943196612094
Masala Spice Indian Cuisine,1,254,0.02006847108714278,0.10723097188564153,0.015558646341939738,0.4591389480997959,0.23012518582088268,0.0424585588948753,0.1254192137218531
Maserati of Santa Barbara,1,7,0.16589137033692425,0.13014414045028383,0.2800305679307452,0.030507781775668215,0.1934370640000062,0.057608032565829956,0.14238100871443746
Mason Beach Inn,1,120,0.03204711102880533,0.1346557778694356,0.027359576392579237,0.35236972574978914,0.2908157988839472,0.06077627018530616,0.10197573929811668
Massage By Sharon,1,42,0.015850058598776435,0.07401869235937257,0.015601093745707215,0.5311107838379463,0.20403875156660517,0.013726521416434177,0.1456541014846325
Massage Envy - Goleta,1,35,0.16143432540619476,0.20646618327425256,0.09136068703872813,0.13980313446622203,0.22545731328427787,0.0457689126487821,0.1297094484458544
Massage Envy - Santa Barbara,1,70,0.12117846595772004,0.1447828293470333,0.0626355143887589,0.21210001427763406,0.23037293553019736,0.10011492109125743,0.12881531371136323
Massage Green SPA - Santa Barbara,1,193,0.034436677175108295,0.0632046942374128,0.021959426387127473,0.481758425313071,0.2288593116971553,0.05686337192762407,0.11291809331920052
Massage Therapy Associates,1,8,0.010150180314667462,0.008165248145814926,0.0029580187838291246,0.525561991147697,0.31605163682252163,0.008441631798632387,0.12867125496268267
Master Clean USA,1,16,0.031485735195019474,0.12612330239790023,0.01927237220661477,0.1888478527398547,0.3455696036107838,0.10658614475687497,0.1821149690658785
Master Locksmith - Santa Barbara,1,17,0.02939740064389561,0.013808763212770836,0.03417641321977816,0.2460000625236288,0.2795251894139629,0.03550538860316219,0.36158679973553204
MasterCare Home Cleaning Services,1,52,0.029887960643883604,0.04137404709875293,0.06181691917355722,0.30183278644891776,0.3385027276369958,0.01766205796649532,0.20892349979840216
Mastercraft Motors,1,55,0.062311023617671255,0.0628367186746221,0.06666211890935131,0.2433667892050421,0.33440132967450403,0.039536959366788194,0.19088505909947506
Matador Tapas Bar & Latin Steakhouse,1,8,0.0061851060308981,0.041778318089200135,0.00261154756299215,0.269066300446866,0.3265927154570818,0.11780193471349772,0.23596408491721374
Mathilda Apartments,1,10,0.08404397399863225,0.012391585775185319,0.09579516811354546,0.5562889624852687,0.213402759283781,0.01911979813594365,0.01895773742580783
Matilija Pure Water Systems,1,26,0.11205307484711875,0.10184987712329106,0.025179817359178066,0.26585104018942307,0.32614503965641445,0.06771622952342458,0.10120491996013482
Matt Raab - Berkshire Hathaway,1,12,0.06370483742405966,0.010189133502232476,0.005453884718008292,0.30325006546142197,0.5417489831646284,0.006486052317389558,0.06916705666420357
"Matthew Pifer, MD",1,18,0.010141224134713349,0.039273776663725946,0.07461827856281561,0.2826043928960441,0.4001195047878557,0.07409031394248203,0.11915250528707268
Matti & Me,1,8,0.0096726363553898,0.13102015547337936,0.011001624021446287,0.4980591635830933,0.18287403264548624,0.018244017293909513,0.14912834204733366
Mattias Blom,1,27,0.006695925490930633,0.010495486182022652,0.03563994947816585,0.5897466746262379,0.20509994305946205,0.005922251937186497,0.14639976382669473
Mattress Land SleepFit,1,11,0.009430973102677227,0.007992259692400645,0.013600511762144156,0.5419346683404662,0.3142141625285148,0.013941981215876564,0.09888544551689513
Mattress Mike Furniture Gallery,1,95,0.02979241812503647,0.0241832985159769,0.04545492188833453,0.43802483414642907,0.2622126067792506,0.00996385594572573,0.19036805940252774
Matty's Hot Chicken,1,12,0.01983317111929254,0.15363550129889816,0.009694510352952967,0.34999611374223605,0.38224978977814317,0.02047450223471965,0.06411640509031707
Maudet's,1,6,0.006870823446661183,0.013521544344257517,0.0018670156714505831,0.3856299916903178,0.4573343778029084,0.005697541520930784,0.12907868546123305
"Max C Haws, DDS",1,15,0.02344989549989497,0.06182862792629744,0.07049219471324851,0.3327347964358826,0.26844964064657684,0.03650974263437089,0.2065350990276783
Max McDonald Surfboard Repair,1,7,0.021652989289058042,0.12135022404670177,0.0017809213064277857,0.4061510868237486,0.3932140905942236,0.0070261206877018,0.048824539408087675
Max Relax,1,25,0.07582284020725631,0.23927565129706632,0.039544024548958945,0.35024880201439373,0.197009320249781,0.02715691351331765,0.0709424561914056
Max's Restaurant & Cucina,1,151,0.021714551930565536,0.11152541497722264,0.00534853793234276,0.48891278692761697,0.23188508567801172,0.040547287588498036,0.10006633738290194
Mayo's Carniceria & Tacos,1,35,0.027318580290635195,0.18405131368531974,0.01068729233395835,0.3218915091536473,0.292179010003539,0.048253479091051384,0.11561881141803625
McConnell's Fine Ice Creams,2,1703,0.021723184590413787,0.03946477943547781,0.012484638275289684,0.41430285211273943,0.33728339764602916,0.03474356200892192,0.13999758768280943
McDermott-Crockett & Associates Mortuary,1,10,0.06694620163179929,0.12175658312626178,0.06547735696658487,0.16498517558211456,0.3242847225628793,0.03133726641535754,0.22521269025746732
McDonald's,7,360,0.11856552826615771,0.24127467635731184,0.03299355527229227,0.11852426414601112,0.25902852184857084,0.09155538435637325,0.13805806773452783
McLean's Auto Body & Paint,1,18,0.04174480574308992,0.043104179041822295,0.005096623446055028,0.4200893331370834,0.2789428061546964,0.04691414898520124,0.16410810955696634
McMaster's Steak & Hoagie,1,60,0.02541261913138437,0.08123778900480824,0.022581539301609107,0.38924744848433573,0.3149439708407347,0.06649812857892048,0.1000785068783443
McVeigh Massage,1,78,0.00710752294906291,0.026013307815166857,0.036817456576570186,0.5859449006175288,0.2019851447906918,0.021609450356127314,0.12052222151452528
Mccormack Heating & Air Conditioning,1,18,0.045076072707565244,0.06230604819332556,0.004169884322133489,0.311921231869039,0.4177337551696433,0.03270629925342891,0.12608668874276593
Meat n' Potatoes,1,7,0.0044624203749532715,0.16440461444601942,0.002951846865471386,0.4569041402511565,0.2130528064444661,0.01616854742834604,0.14205564458721445
Med Center,1,130,0.17003360184249824,0.2749390652927104,0.13345322386863137,0.07332392508643136,0.16573183907804864,0.07784486199156017,0.10467348282959738
MedCenter,1,69,0.14044739942714246,0.22776842871309674,0.07733017836479748,0.131180167173717,0.23600724189663705,0.06821041583569472,0.11905616809330555
Medcenter,1,21,0.07390611717433088,0.25255720060972847,0.06241076957112884,0.1976584964833732,0.18779407385071473,0.058942959932166854,0.166730367672807
Medina Yard Care & Hauling,1,26,0.09490866133441714,0.01730587538734718,0.03522150969925296,0.3380469464329788,0.3809012991662782,0.03351073724647549,0.10010496729340113
Mediterra Market and Cafe,1,20,0.05547071807668539,0.0279761313926428,0.0018341373841394201,0.4113749913231004,0.33695556590100745,0.04209980994346546,0.12428863804670978
Meet Kevin -- The No-Pressure Real Estate Agent,1,5,0.019766836799681144,0.009080220386385878,0.029051914974115724,0.21501688770949837,0.43220901265740397,0.00917540849186474,0.2856997106224298
Meet Up Chinese Cuisine,1,143,0.01626976445916436,0.12018488560944882,0.006433094167630824,0.46172811974257627,0.2557851944356453,0.036678369848181326,0.10292058421495867
"Mehryar Ray Taban, MD",1,17,0.011040880029801888,0.03652378437383206,0.10359519930737882,0.3859128547859761,0.29239157058627285,0.08195707870318604,0.08857861789874728
Meineke Car Care Centers,1,138,0.11768242910308624,0.0878073655800055,0.04106210700052354,0.15309675079871612,0.3270226399679128,0.09062725390000535,0.1827014553937656
Mekaniks Plus Car Care Corner,1,13,0.051229266073698,0.015009748355413823,0.008580509259795293,0.2342203818261623,0.5255647686739954,0.08203004219103602,0.08336529511815073
"Melissa Drake, MD",1,22,0.06334889802383255,0.07662850346903058,0.08329904846720054,0.41130501368950884,0.2304556144570762,0.01407874488822095,0.12088419869542118
Melissa Musgrove Photography,1,21,0.022145588477585593,0.012585383363156752,0.06110583266819866,0.6399134033847422,0.15444471726992295,0.005847060182575276,0.10395802300245985
Melodie Girard Aesthetics,1,41,0.015907262821068434,0.037041317174642686,0.029156041673026795,0.42130988166190503,0.34174354955917446,0.057381682983804,0.09746026266479815
Mels,1,32,0.050515547913164434,0.1271450834628922,0.03665703827391549,0.39615059174320777,0.19075884738413149,0.037975381907017394,0.16079751589859367
Mels Place,1,5,0.00461938383523372,0.07408309224992984,0.00210253680124876,0.32016230672597884,0.2456344723701477,0.3311051378026605,0.02229311298578972
Melville Winery,1,62,0.03352030623805584,0.09048980282198994,0.012605535855512983,0.4989060307186352,0.2119701518564515,0.04755470701005125,0.1049534624992614
Members Only Barber Shop,2,19,0.0205079295831781,0.07840611541790785,0.011571093304634149,0.34894612048274687,0.37328767193187223,0.01416080883753138,0.15312026558738004
Men's Wearhouse,1,69,0.05267077836923405,0.0814046511355706,0.04242374620124511,0.22191592339431337,0.3250763551568261,0.05085871117257009,0.2256498342460912
Mena's Upholstery,1,12,0.01147843806150675,0.024594051346260384,0.002286518002316933,0.1276648232984977,0.5279009769825885,0.14166861456275603,0.16440655066010848
Menagerie,1,10,0.026912075188010892,0.0997597806330304,0.0031675152422394105,0.4690848394529894,0.2940573487430811,0.04812782474327827,0.058890628581866576
Mercado El Rey,1,15,0.009871059143915721,0.050536992556105005,0.0021875442510159797,0.40513649210333824,0.46825659821430843,0.0066068167953441,0.05740451576809084
Mercedes Trump,1,32,0.025544922653352786,0.034445418070390546,0.02375680281511445,0.3375314386939863,0.3367512127442751,0.013629977955133607,0.22834021991002368
Mercedes-Benz Santa Barbara,1,13,0.07212802296719295,0.05367751417753211,0.0327005501917133,0.280879022893854,0.18805795012471765,0.06870502368726118,0.3038519291529575
Merci Montecito,1,34,0.01284888743505097,0.09811267635086546,0.002171771380851709,0.5048395873471985,0.2913583516526748,0.008039071084246648,0.08262964057982622
Merci To Go,1,9,0.0279995318010656,0.03702749340381054,0.0028025488265686,0.3387207046358121,0.35875643748376107,0.12532887450005442,0.10936442648784978
Mercury Lounge,1,157,0.02896533828565348,0.10343076286475603,0.01925907778248904,0.45039623614643837,0.2883874321316374,0.041866933967722356,0.06769421467465599
Meridian Group Real Estate Management,1,94,0.24373633295366973,0.27326045620522676,0.06165948323410079,0.09116264067167917,0.20541044281538018,0.05298679023039858,0.07178385423476545
Merkaba Tattoo,1,11,0.004373281358063854,0.0088516415456648,0.004743390367366318,0.5436800103634596,0.2167834698815237,0.05224457842467178,0.16932359591803764
Mesa Appliance Service,1,53,0.04146991879020303,0.03251061111662251,0.053554393939744135,0.21860576560720799,0.5379315528772631,0.03879628923967617,0.07713147281352777
Mesa Barber Shop,1,50,0.041951795583590815,0.06918682955787513,0.02837214230326931,0.3698994089104235,0.2893286928813904,0.07920171167235816,0.12205940812360491
Mesa Burger - Goleta,1,110,0.012855163738343143,0.08052120174556458,0.006329896462954195,0.4615578429612056,0.2765646061182699,0.0638016595431095,0.09836963214276523
Mesa Burger - Montecito,1,56,0.027783686987407057,0.0769730152793012,0.003886594600771739,0.46168948148208855,0.26618812617380166,0.04635679018558997,0.11712230430566702
Mesa Burger - Santa Barbara,1,464,0.019672502239073124,0.07142205841090137,0.01046064451343379,0.45525214740519004,0.2665349718239479,0.04864512210757495,0.12801255517692406
Mesa Cafe,1,382,0.03049026681926994,0.10183827223078554,0.017998184697269427,0.4326973964742242,0.2660904806101187,0.04748746965638801,0.10339792463465235
Mesa Chiropractic,1,12,0.04670769306054955,0.12639367568772283,0.057280828497217294,0.2565203055661792,0.35053731718411046,0.03803254008137927,0.12452762882458042
Mesa Dental,1,12,0.004964816713860833,0.009027712832903443,0.2964474340551532,0.4130362976187219,0.19537820046146706,0.005128034196483542,0.07601747669590013
Mesa Lane Steps,1,42,0.04700761938805777,0.07004251747552877,0.015061954628825805,0.45946842765746015,0.32751483226283673,0.02893724563598096,0.051967404577659304
Mesa Liquors,1,5,0.21467044502496715,0.17600061744451517,0.01443606123793866,0.05086945611983532,0.47421602681279185,0.012515101302415099,0.05729229897260661
Mesa Massage,1,12,0.008367812940074717,0.008146387330877242,0.08189575129654254,0.4119881737084749,0.3377552496579786,0.013096450129523818,0.13875020124639068
Mesa Painting,1,51,0.03100455435011166,0.016615635605857607,0.031177017313323167,0.44430541890723557,0.338305741680932,0.011757934292522658,0.1268337090253172
Mesa Pizza,1,179,0.027129132419957225,0.07479287425606304,0.009274788661476163,0.44528752416011347,0.26133325092192716,0.04987837346049551,0.13230405633556314
Mesa Produce,1,19,0.005531383243291347,0.008358556329958874,0.0010379031200978633,0.6676315918172661,0.24776186205838857,0.033257696875616076,0.036421002121642176
Mesa Therapy Center,1,12,0.11711655904461316,0.1880569921340793,0.0847396804601885,0.02633048784142976,0.3570962684849898,0.12581401846061144,0.10084601965111985
Mesa Verde,1,1849,0.008738343066282989,0.03834047731780669,0.010507327026170979,0.5987088110971777,0.19095982312869023,0.0237162291907993,0.12902899022840447
Mesa Yoga,1,9,0.0062043039878415885,0.09012680758799732,0.09775260704272007,0.5844465273742875,0.0882081212993297,0.06739329272467225,0.06586830607718887
Metro Clean,1,5,0.05499950824305413,0.037465994618833,0.00456756551284338,0.22867795154452325,0.5904287457466125,0.02104996358975762,0.06281030122190709
Metro Entertainment,1,42,0.0719010175671428,0.0669598250408723,0.005926965096261348,0.3795764264179438,0.3109257524345247,0.019551752642395726,0.14515825474102578
Metropolitan Camino Real Cinemas,1,53,0.039592535653423896,0.17404403972971022,0.020862814512340972,0.21139577039097923,0.35651255341000715,0.07838678593474945,0.11920549317794618
Metropolitan Fairview Theatre,1,19,0.034970734188774256,0.29417316581882336,0.025798072702998838,0.17885200340166,0.29497437781997415,0.07177459648320153,0.09945706048931334
Metropolitan Fiesta 5 Theatre,1,29,0.030151009089955688,0.3404405067979904,0.02205609901334508,0.1434613078820583,0.2674670769543997,0.06695882573017267,0.12946516616422488
Metropolitan Metro 4 Theatre,1,61,0.06697355650582912,0.1744031401305291,0.007286857740121428,0.4010912224280144,0.23024173251154723,0.03743848617982542,0.08256500860729601
Metropolitan Paseo Nuevo Cinemas,1,53,0.06769277788654739,0.2534586068029726,0.03219892209250792,0.161169067491395,0.26726042199001276,0.07977189638054452,0.13844830967169602
Metropolitan Plaza de Oro,1,11,0.005988644076172555,0.013682886254338672,0.0023227946446488547,0.5344594204798341,0.3899159657514908,0.017862915971570335,0.0357673577540977
Metropulos Fine Foods,1,332,0.019666135832541065,0.050482487216583376,0.005896077022525847,0.5219014693628042,0.26493057862193464,0.026531286541854982,0.11059196901343568
Meun Fan Thai Cafe,2,357,0.027103349047645105,0.1433730746489944,0.01713412601180521,0.4395474860312108,0.2598783361180281,0.03519540454694053,0.077768222225376
Mexican Fresh,1,48,0.013587762440389825,0.14769741013757687,0.0067515375546159835,0.40883765512505005,0.29787621779056883,0.05695246523100645,0.06829694031936616
Mezza Thyme,1,47,0.0070142769205205025,0.00894859074639706,0.001951601114768002,0.7202788545016913,0.14398421488821186,0.005264325970238857,0.11255814045410045
Mi Fiesta Liquor,1,6,0.008835200142736201,0.1608230591130753,0.0037612964127522667,0.6123517001979053,0.14187337582310036,0.011346698699829433,0.06100865321544305
Mi Fiesta Market 4,1,7,0.02390833771122347,0.1708398938977292,0.1309464112190263,0.1941611451495971,0.3032618882134556,0.020087673927524228,0.15679461402552466
Mi Fiesta Market Deli,1,9,0.0345276487577292,0.490960714717706,0.009469444876433189,0.046970329661336165,0.310407102237352,0.04962650391583636,0.05803827174370069
Mi Salon,1,112,0.02416546829356641,0.044790481314911194,0.01979676028843507,0.5024837864979678,0.18272421059581181,0.06502395027616456,0.16101534222460548
Mia Teetsel,1,6,0.00972618911570555,0.003973305167164583,0.0028305399367429995,0.40963145593802136,0.36309650850792724,0.003396012354642117,0.20734602445736525
"Michael H Marshall, EA",1,8,0.09044893441023304,0.09093528473749753,0.01826460651500379,0.3229885579203255,0.34242138103581965,0.024308060877956398,0.11063317814841862
"Michael J Thompson, DDS",1,8,0.025652845986769486,0.08657498957472848,0.16553598478640194,0.3486396789667196,0.35134966438636184,0.011693695443682326,0.010553130647167513
"Michael J. Paveloff, M.D F.A.C.S. - Paveloff Vision center",1,17,0.010453346473000447,0.0482908979619798,0.0704087094054557,0.3751286396701984,0.38572819344699383,0.024842946201234128,0.0851472677005564
"Michael R Cooper, DDS",1,19,0.0809015255041518,0.17077676929214866,0.03974547929752393,0.34082811431175,0.2594880262683881,0.055464982226687,0.052795101214494315
Michael Renga Flooring,1,13,0.04070835720855164,0.03825954162479875,0.03619690028538637,0.3919798348707935,0.3725339228358979,0.007156629697419647,0.11316482708431204
Michael Stars,1,5,0.0074541090521961,0.00934907062910492,0.0037287620594724604,0.5320630937814712,0.17209671586751935,0.00574201513081782,0.26956621659919616
"Michael W Thompson, DDS",1,7,0.038248695250201394,0.032279566736958344,0.0926950876185271,0.381346756858485,0.24855461330818276,0.011043058059710429,0.19583222522799454
MichaelKate Contemporary Furniture,1,9,0.018319135480042922,0.17042205203324556,0.019439213870403625,0.36181924801268095,0.3403557876331938,0.015535655741890244,0.07410889408654632
Michaels,1,51,0.0647421165702718,0.14119073938277055,0.03146777510033533,0.1831306831628157,0.22695849915308983,0.12912479285881212,0.22338539006772867
Michele Herrera - RPM Mortgage,1,19,0.017701536012617324,0.0061767005551556994,0.07142695142752731,0.41363512064134206,0.3273990997358372,0.005462905667771184,0.15819769122294688
Michelle Cook,1,10,0.03212331372778856,0.00856562058906998,0.007285631936974769,0.31659278944134706,0.46548609659075735,0.00488384971395128,0.16506269611418242
Michelle K Montecito Brow Studio,1,37,0.024175607067583132,0.046947683470411734,0.05972879213387949,0.38759424565422873,0.32182449580648453,0.05132244050351746,0.10840673181480044
"Michelle Stivers, DDS",1,8,0.014983511791797313,0.053590440751577206,0.02252408101412579,0.5086807742482051,0.30578490428160876,0.0251650960417464,0.0692711627343669
Mick's Macs,1,33,0.0782531486104496,0.08504716953911787,0.045124815175464954,0.26473923592306103,0.3021054940975525,0.09818644382440564,0.12654367886187337
Midway Appliance Parts,1,10,0.0307513839565217,0.03243107631569723,0.00522564618440805,0.20228627424221482,0.5540425650775432,0.0574583830311894,0.11780468299984928
Mika,1,32,0.020888512546662193,0.3118125686014536,0.006953536241780919,0.09975604209466833,0.43851140662445687,0.054566059494391035,0.06751186526162196
"Mike Richardson, Realtors",1,29,0.047287704503356336,0.06159262382023931,0.015980036565953624,0.32353875426985,0.4738889517712182,0.031417950506097234,0.04629398199954419
Milk & Honey Tapas,1,539,0.013743564615013972,0.06755801615405026,0.007038971589062164,0.5487627123806177,0.2211371830021807,0.026884624963355808,0.11487492472918248
"Miller Rebecca D, MD",1,6,0.0185813470743596,0.06050403951667246,0.009360198241968902,0.200625591193481,0.3865148155018687,0.024383540847338667,0.30003043916076416
Milpas Motors,1,34,0.0571471244877423,0.04727657380007094,0.03789760904499627,0.38647820804138006,0.2944111837594605,0.047634489125544716,0.12915481773533802
Milpas Optometric Center,1,14,0.05468993818586954,0.11047859764325296,0.06861943690871282,0.3368434271043433,0.34633749989526613,0.01230848003511445,0.07072264232140563
Milpas Rental,1,9,0.022045211038655657,0.09868132651576561,0.013727389573533432,0.39074861207821715,0.416285977491902,0.014565244446405057,0.04394625779241319
Milpas Taqueria,1,9,0.005722190124086166,0.05650969574020965,0.0043564642805398665,0.5914534285871519,0.30307442777686644,0.006281791513578712,0.03260202002194186
Mindbody Surf and Yoga School,1,7,0.06331263278012293,0.0800957358359093,0.07766010435963311,0.5867654776001083,0.15894351700054746,0.010127856246461772,0.023094689573294302
Mindful Habits,1,11,0.14628285410898648,0.03492340663532637,0.01870790667916558,0.20982253396968267,0.30803818221796636,0.025981103398159774,0.25624399917962193
Miner's Ace Hardware,1,36,0.05197957104731657,0.10692913414338055,0.0034534062837741583,0.281766560111363,0.29883459293180037,0.023063460377872776,0.23397327902946718
Ming Dynasty Restaurant,1,237,0.033381297906618985,0.22981920449150614,0.013736082376388568,0.25572697502828123,0.30837913982782367,0.06944195741766918,0.08951534559303803
Minhly's Nails,1,105,0.02923392549800194,0.08384870780421239,0.02547098187566176,0.44133359734107563,0.23602893027432614,0.032759069522754015,0.1513247983064502
Miniso,1,15,0.014125178490454915,0.12680005955432228,0.01566285253114372,0.2336225882094974,0.2834152854979038,0.021665692003443784,0.3047083297123512
Minnow Cafe,1,12,0.009157242447448232,0.12941135202224052,0.011088368856386858,0.3705724902295818,0.43751939044644433,0.012697618949459808,0.02955355425365265
Mira Bella Salon & Spa,1,41,0.07713250775548919,0.14227121462761533,0.04774912796977039,0.4011007648241059,0.17151940275528804,0.056129274904023724,0.10409770796370757
MiraMed and Day Spa,1,34,0.03831338031416042,0.07343917576637224,0.04306651181746818,0.4856169338557212,0.16303561296423563,0.09041272463646768,0.10611566600923915
Miracle At The Funk Zone,1,8,0.008978800586191887,0.014428854396101039,0.003922685013094387,0.4666742017725482,0.2993393070064485,0.07314851452247235,0.1335076363757252
Miramar Beach,1,7,0.005076105265678514,0.005086132840785558,0.1357217006692995,0.6285540594419997,0.20118735577645044,0.009883988582129941,0.014490701224920957
Miramar Beach Bar,1,47,0.026199899055311376,0.15808927500992018,0.019443207870589205,0.3818580812980183,0.2492234761024171,0.07082402554806318,0.09436203487479976
Miramar Hotel,1,16,0.018654559480637493,0.0925489966612076,0.07766963094036324,0.009733608392707494,0.10568081229575904,0.3225012534530833,0.3732111636782065
Mireles Auto & Smog,1,13,0.019048408461877886,0.012091460100446701,0.07694430782710412,0.3006993394631606,0.3903104685820066,0.07044673528378968,0.1304592775682417
Miriam Lindbeck,1,9,0.005019107561868878,0.004538269002094,0.001798558495162611,0.5823903124158581,0.10336732346978447,0.015322477252791677,0.2875639731064438
Miro,1,50,0.02596204055007542,0.14885499778669323,0.026172562272404273,0.4442022722854745,0.18931341205257918,0.05721729723038147,0.10827742389868941
Mishay Salon & Spa,1,98,0.02960983990354231,0.030531553441078864,0.02843113998646073,0.5449280211677043,0.19006222430901712,0.027964959086788463,0.14847225279129125
Miso Hungry,1,279,0.01597830337742639,0.11311781093938018,0.010546220380434795,0.40361531826648295,0.29740895989174054,0.05439762924388915,0.10493576092452331
Miss Behavin,1,26,0.016280431575768646,0.027469881031160694,0.0061530293303523505,0.6532451856227663,0.13695032165672338,0.056545304644924466,0.10335584737073913
Mission Appliance Service,1,13,0.1484828079119324,0.03751390466753103,0.004631678976763269,0.1977875739103183,0.4297536497290891,0.032563130013071526,0.1492672399617731
Mission Audio Video,1,12,0.02036236329392215,0.016170748393051267,0.04049451067597446,0.1938998266511286,0.41625650071849424,0.08269378017090877,0.2301222824025899
Mission City Auto,1,7,0.019210147571616883,0.06024497782345857,0.008637849761206358,0.6512888655997813,0.09050992078014779,0.019542643234931944,0.1505656070741159
Mission Cleaning Company,1,8,0.023088496585842163,0.014742676052264838,0.09777957315236559,0.25941738630353933,0.400490999687463,0.009319585369667,0.1951612709090113
Mission Harbor Behavioral Health,1,5,0.01020740913227194,0.08769811796955759,0.10395182198844846,0.1931109463796019,0.2571493664756417,0.14674183600582175,0.20114050470292563
Mission Historical Park & Rose Gardens,1,15,0.00412789786544934,0.00998968123846372,0.0017372729392566533,0.6887858729809523,0.21526472947249806,0.005100528538847906,0.07499400672192372
Mission Plumbing,1,7,0.027581119743574887,0.022311949503741043,0.005903044798677486,0.22583944370437942,0.3832506351172924,0.0739798757048057,0.26113390523408136
Mission Pool Tables & Games,1,7,0.010723627837640843,0.03463268419727677,0.008013709182185743,0.30307075807026457,0.4240377066390855,0.12207057227247524,0.09745095058211252
Mission Santa Barbara,1,319,0.010667751501073434,0.03744984326791452,0.016915582632153252,0.4675045850526886,0.2973813595787438,0.04602903829556141,0.12405184060911757
Mission Security & Patrol,1,5,0.03146823076531286,0.09933100771158929,0.009617618657648519,0.05075810756534331,0.5843753978610039,0.04453876898624,0.17991086663678282
Mission Street Ice Cream and Yogurt - Featuring McConnell's Fine,1,878,0.024589542745811935,0.04934009697801664,0.014992667468597986,0.3773586835597768,0.34033117245814865,0.041544755158433005,0.15184308010432443
Mission Tattoo,1,55,0.018615009222941598,0.03207556455480776,0.04278075160744426,0.5061340065969323,0.2467945305207236,0.036949574293314684,0.1166505621386353
Mission Terrace,1,15,0.02721264332843318,0.13937654253871487,0.13638424634700635,0.38618354812885325,0.15531670711934562,0.02851288128489004,0.12701342958025633
Mission Tuxedos,1,28,0.0215875293610484,0.030300913378596254,0.004153169117801379,0.33416569099894594,0.4628076792162444,0.00793751700881065,0.139047493376503
Mobil,1,26,0.1676092339822879,0.21897920728840217,0.015757631335873105,0.010247375242985173,0.3359707342281651,0.057371186361146624,0.1940646428758135
Mobile IV Medics: Santa Barbara,1,51,0.008132165859398546,0.01808876216448109,0.060897378834174426,0.5280560317093178,0.21328449512229242,0.05967051280187621,0.111870651781632
Mobile Kangaroo - Apple Authorized,1,25,0.06469621603377158,0.07484023120370688,0.058460628882748965,0.1959274131339043,0.4190001314133406,0.06037752679549154,0.12669786145910616
Mobile Spa Infinita,1,6,0.00671492582963155,0.009111016736521033,0.03878919843312658,0.5218963234995803,0.14637861369798574,0.023142791197945645,0.25396714266389603
Moby Dick Restaurant,1,883,0.027414902941667083,0.24150526834068298,0.019828993991312088,0.3170833297331161,0.23592402189648323,0.06202538601385946,0.09621809475986247
Modern Bodywork - Steve Shepard,1,12,0.013776019564829716,0.03341859567444766,0.04187600445584389,0.3157520556511978,0.45846227556467056,0.03793043769352755,0.09878461784683162
Modern Laundry,1,87,0.057824506649838445,0.08879841061144389,0.019196822807786874,0.2753628662756601,0.4118185702111872,0.039716525072895546,0.1072822982597903
Modern Nails,1,201,0.08155010130478817,0.09879228495326658,0.022557811309271838,0.4033860517002582,0.20484849454983323,0.05403171816437654,0.13483353314222765
Modern Times Academy of Recreational Sciences,1,74,0.03359556613675616,0.04529337992740639,0.0033828929523666298,0.547854809334338,0.2290373452234308,0.015609307030555618,0.12522669324676527
Modern Times Kitchen,1,54,0.006042411492671768,0.06610867982575044,0.011318888293990935,0.5351834236369339,0.19221708088837286,0.045512120448552996,0.1436174023353184
Mojo Asian Fusion Café,1,102,0.017694862882433156,0.11183807632415642,0.004018151127406816,0.40262954708647586,0.33598924883842174,0.030236070143634077,0.0975940340859404
Mojo Coffee,1,12,0.008099448091040016,0.06097080453764644,0.0027994828512115668,0.3626528096695741,0.4829082985719045,0.02928639785386618,0.05328275624196971
Mollie Crutcher Photography,1,7,0.0071030130077685,0.005687343272646571,0.015126626639227729,0.6898359613759177,0.18612383838210783,0.004026711452752301,0.09209646909896814
Mollie's,1,137,0.04503581487322154,0.13205147959992122,0.031469389465493006,0.45445987351288014,0.1992731805173612,0.03278073204008273,0.1049295272253263
Molly Maid of Santa Barbara,1,15,0.08296913257800038,0.17012574049877,0.03480009356280785,0.2514789094061901,0.25414311823745567,0.10423207702115173,0.1022509255446493
Momma Donna,1,18,0.00924168611204041,0.020191256409614403,0.010331645122884411,0.46968574622749454,0.3097105845808983,0.042993590274515214,0.1378454863507714
Mon Amie,1,5,0.01035006369929756,0.00617145354626696,0.00351936327060678,0.6682748198509216,0.1515772942453623,0.0059350555762648,0.1541719521395862
Mon Petit Bijou,1,9,0.10014909565345279,0.12023865647562257,0.004549118360349222,0.22328287088182852,0.1896778113312191,0.027842417980233777,0.33426000770284897
Monarch Cleaners,1,8,0.1962573042837903,0.37501228670589626,0.06936762691475445,0.0026974843640345625,0.15862099674995986,0.1136222509667277,0.08442204038146879
Monarch Hair Studio,1,12,0.017941600701305974,0.08777526518679218,0.007100358469566918,0.5119900800054893,0.19758318310293055,0.04146353419249252,0.1361459946686712
Monastery of Poor Clares,1,13,0.048584401858254064,0.015163045815335393,0.007850329931198516,0.39668715661033416,0.3155681755966865,0.12040121233663875,0.09574569636382732
Monkeyshine,1,36,0.057014819619426865,0.0322723330043825,0.002430385016648628,0.48786153439626406,0.16820364828324977,0.15523217682817222,0.09698508990307646
Montecito Aesthetic Institute,1,9,0.019957559855861756,0.03647738599425383,0.004405267239134311,0.45418739937142366,0.3725954070945995,0.02752799241958802,0.08484898484311992
Montecito Bank & Trust,4,37,0.12535132750289862,0.18839469028171146,0.018918528219187783,0.2019127969350036,0.19035241292235813,0.13581751090021346,0.13925272176306489
Montecito Barbers,1,15,0.00978538562388464,0.009687255276367027,0.0023579223818766,0.5506756420247256,0.37067644024888674,0.010772905824705907,0.04604444502231972
Montecito Cafe,1,106,0.01179558537540214,0.059768332723080006,0.009212148557296235,0.536461911427806,0.2522958692751895,0.043573710871948196,0.08689244748268904
Montecito Chimney Service,1,25,0.08895156976301218,0.021626307656988464,0.010303532993420907,0.3219013999728485,0.4256442578136921,0.019458587802946525,0.11211433891206976
Montecito Clock Gallery,1,7,0.042746411104287375,0.024628943314642715,0.005201923823083828,0.19039196896898955,0.3896638048546655,0.2862610781698355,0.061105880753270184
Montecito Club,1,19,0.015635578418273045,0.08977540904705066,0.021304342178872886,0.49128439196302726,0.21161049642404048,0.05322954677486493,0.11716022939837877
Montecito Coffee Shop,1,37,0.0701768802828155,0.10842266731983599,0.025977453813145545,0.38907866183718715,0.3064986195012524,0.03819155983463227,0.061654158779797484
Montecito Concierge Medicine,1,13,0.0764153655349778,0.05895505514210801,0.026501227694097858,0.3334760294080927,0.4020948550448968,0.023165657185018014,0.07939183801555857
Montecito Confections,1,26,0.017057647776360076,0.03293694473820949,0.014344227693352554,0.41928536507587594,0.22905520783164177,0.0981588690774515,0.18916173816586912
Montecito Deli & Catering,1,32,0.0074672038972493655,0.08489849231045805,0.0032074836099126878,0.4807339914768818,0.33780197316082194,0.0064730166996013845,0.07941782992202202
Montecito Dental Group,1,12,0.07803682226222004,0.03015499825899795,0.06545891835897537,0.259876494819764,0.30132099632949877,0.12377628817921499,0.1413754795794375
Montecito Event Center,1,7,0.003044917680589157,0.0020591795244919143,0.0022244118154048573,0.7947629754032407,0.15960317477583882,0.002936689316162,0.035368638778371445
Montecito Executive Services,1,12,0.023127892171032675,0.1640166052578327,0.007597149529222667,0.38062346750909154,0.29873738655199605,0.007421953157366517,0.11847554174407071
Montecito Family YMCA,1,12,0.09330032181848458,0.08709270415905239,0.006355303999346942,0.34880738875169,0.31779754767194385,0.08964824399057149,0.056998489308170926
Montecito Flowers,1,19,0.0091147574620615,0.0032986499871567898,0.052477650036483844,0.3756379441872827,0.17209487594664094,0.06075476548683482,0.3266213441659745
Montecito Gourmet by Village Cheese & Wine,1,69,0.01787219931155547,0.01865744508003163,0.004851648746820901,0.5417155719149614,0.27194878008162626,0.024967092730482806,0.1199872547058739
Montecito Hair,1,6,0.015491976325089684,0.019355481956154066,0.00395154337941975,0.39650895694891614,0.35848557638625306,0.009730010526254716,0.19647644770642117
Montecito Inn,1,272,0.032565064242054825,0.10023111501954293,0.019477297201827937,0.37920484747048566,0.2687849216146038,0.06716458958672931,0.13257216338837782
Montecito Library,1,5,0.0055368694476782805,0.013324437243863901,0.0016869023675098599,0.2760217603296041,0.5607647716999054,0.07396722910925742,0.06869803369045256
Montecito Optometry,1,8,0.014675280370283813,0.016741650761105075,0.001562831108458275,0.5606913054361939,0.25064939167350525,0.006026382616255387,0.1496531899319961
Montecito Peak Hike,1,6,0.010100659021797216,0.0213303574516127,0.07080411228040849,0.04945331437435616,0.5817989458640417,0.06088505204146103,0.20562754385173312
Montecito Pet Hospital,1,25,0.03354859152808781,0.02029786661732937,0.07941980072646397,0.4109155381890014,0.28673839163035153,0.06390234754886473,0.10517746509984133
Montecito Pet Shop,1,38,0.08675715039594488,0.11080488741189531,0.011408966487674843,0.40204729085579805,0.2377201220400533,0.06627894624283434,0.08498263839129844
Montecito Plastic Surgery - Adam D. Lowenstein MD,1,29,0.02907006059179143,0.03141644004138245,0.07869616490266891,0.3860886472935692,0.25788893158836607,0.055296884492392895,0.16154287044151586
Montecito Treasures,1,7,0.02480575162917371,0.011491735366040002,0.006652696482238443,0.2588828482465552,0.30377913346248014,0.2259316291393978,0.16845618893525424
Montecito Tree Care,1,7,0.059952108056417486,0.023367143236100615,0.011497856533553914,0.27125795132347513,0.4799442504133497,0.011882483593321214,0.14209818081664183
Montecito Union School,1,6,0.011069528448084934,0.0396341570691826,0.00208726366205755,0.2917548898452272,0.4221001599604885,0.012514512326257882,0.22083952068351206
Montecito Village Grocery,1,27,0.055551956054168135,0.18205460460201178,0.0038852595888008703,0.3035860907510613,0.24855322525319123,0.12288309773861392,0.08348574281532174
Montecito Village Salon and Blow Dry Bar,1,9,0.013042883688790889,0.025405818182561088,0.13049518666230137,0.36077099619433284,0.23565341832323203,0.009370805281731766,0.22526088315579626
Montecito Village Travel,1,9,0.030269732052046347,0.011346981796022034,0.018193431379687413,0.47223168332129717,0.23959600728833008,0.017752115381881536,0.21061004781060744
Montecito Village True Value Hardware,1,6,0.021777826167332582,0.037925846001598935,0.0021188048218997164,0.5234950270193318,0.30760610041519004,0.017152171543178416,0.08992421308842792
Montecito Weddings,1,26,0.015303511109847808,0.012952957494864907,0.0054789973834815505,0.44392672293962765,0.20308917739356935,0.09000710577954749,0.2292415246618195
Montecito Wine Bistro,1,154,0.019047395492504702,0.09412091256303756,0.015049167366716477,0.49184132810960246,0.21654089792123568,0.06699260359844672,0.09640769674986983
Montessori Center School,1,14,0.011652940559932634,0.06642329588066782,0.0015855420289361002,0.6720828862162307,0.13134289566161372,0.0048318661366854926,0.11208055936731394
Montie Wayne Sheet Metal,1,5,0.10720940046012399,0.0707792544737458,0.0379569424083456,0.20251888073980803,0.5646521240472794,0.00682026538997884,0.01006311331875618
Monty's,1,14,0.013119242494992337,0.045108238750669535,0.004548259233290814,0.3285333029593208,0.3686308514858995,0.1188561793283692,0.12120393364291103
Mony's Mexican Food,1,779,0.01484227067995955,0.03547601395790832,0.01403957749390402,0.4678473671793935,0.3157049221275386,0.02294956704319793,0.1291402824863699
Moon River,1,6,0.11716507053157932,0.09550898386320715,0.008370242178595283,0.19470400747377423,0.39321718582262594,0.04945933409423251,0.14157512861614424
Morales Law,1,9,0.09929619169431837,0.05475755871480533,0.043175542038322065,0.4242148145955677,0.33195280125882065,0.007363937148410356,0.039239142051277015
More Mesa Beach,1,14,0.011174393102659663,0.014003749072019499,0.04183455546652628,0.412433090885835,0.4579796755154218,0.010717413621023244,0.05185712978709484
Moreton Bay Fig Tree,1,77,0.012647085652275377,0.0563005942147521,0.015425496463672904,0.2826153348856182,0.31890228150001204,0.023555803130828286,0.29055338892511196
Morris A-Steve Defensive Driving School,1,8,0.024274694442283324,0.011935927905142262,0.003830127585388225,0.44964410696411505,0.3534185560420155,0.10863531020004295,0.048261279240250525
Mosaic Locale,1,19,0.036751429498269136,0.03813358413141315,0.0020581043668482894,0.5097826261465487,0.2963904331095124,0.016287888522799027,0.10059592941481812
Mosto,1,96,0.016685658599574965,0.06902694072323352,0.004126331881404085,0.6024987426671942,0.16438755343794276,0.03411064753890964,0.10916412851535517
Motel 6,1,177,0.04890779219765086,0.3302967784269239,0.05660482519256909,0.09324130128635323,0.24095992985086795,0.05244645347626676,0.17754291650960166
Motel 6 - Goleta,1,92,0.044059771506632026,0.3057644958519275,0.04110177597233454,0.1102826789283426,0.2924000195394594,0.0702157310493614,0.13617552360475474
Motel 6 Carpinteria North,1,108,0.033515853686603085,0.3316875649432876,0.06080917849235611,0.10418308738681603,0.29416356317017706,0.06451479285735529,0.11112596327546738
Motel 6 Santa Barbara - Beach,1,131,0.050405598715665696,0.22470122700973005,0.020488181022592977,0.20612420241427534,0.2859697522193847,0.03354982221019201,0.17876120490992425
Motel 6 Santa Barbara - State Street,1,87,0.04675557134116343,0.2851160214584984,0.05177029286445671,0.12416532773179287,0.28595883094226593,0.05586800541348708,0.15036595591622262
Mother Stearns Candy,1,41,0.06656949124412562,0.15883821981572882,0.017456310506620415,0.3063394007821022,0.29044191550645154,0.038950132328176415,0.12140452864057402
Motherhood Maternity,1,5,0.00810755933634932,0.00835941415280098,0.16897685092408207,0.38770241774618625,0.1980508893728256,0.00499712249729776,0.22380574978888026
Moto Loco,1,31,0.14903926852369495,0.07618174418025916,0.05630995192745276,0.13475266901115254,0.3851654986069808,0.06618431743775159,0.13236655124403052
Motor Brake & Wheel Service,1,27,0.07350060744728475,0.023662278629166745,0.005724617217546634,0.3178373122225619,0.2700943753330244,0.06568357464857394,0.2434972519813864
Mountain Air Sports,1,35,0.057266568768370316,0.05793780079610374,0.0246073218029258,0.3042684930177139,0.3251992138634835,0.03118253959276309,0.19953805037907188
Mountain Spring Water of Santa Barbara,1,10,0.1495605231262743,0.2816082851495593,0.03653305477928365,0.07279035077663135,0.24051086250692605,0.05547154205851253,0.16352535889018321
Mountain and Sea Dental,1,13,0.017227820613278176,0.04173061124478964,0.07553340839848922,0.46765272664085317,0.30814634521420187,0.01867882420237244,0.07103024494762601
Move Time,1,8,0.06628921587252985,0.04637288299272763,0.0021328873117453873,0.17327730869874355,0.5770214130170643,0.007394449494313375,0.12751185277011243
Movegreen,1,133,0.04670731705364844,0.027270974330534003,0.03583734085007839,0.35902933102745305,0.3355362299441087,0.051789723397092494,0.14382908124427649
Movement Boardshop,1,8,0.0063960341212805,0.0069754659780300755,0.12415626734946268,0.4869985550176352,0.21601416898192832,0.00514193756680465,0.15431758546037594
Movers OnSite,1,39,0.0382746985325446,0.04155633801546611,0.034303342575768475,0.3324791797144243,0.4080976589033619,0.04469870672059743,0.10059007124688758
Moving Miss Daisy,1,6,0.019122975567976583,0.008965485418836234,0.005134111037477816,0.5985128146906694,0.3085962583621343,0.012091104678499151,0.04757722296441591
Mr B Restaurant & Cafe,1,21,0.005438589474319286,0.08959593232499341,0.002666815311559205,0.5252999500496246,0.2034218667873314,0.04988878550717514,0.12368806949373153
Mr Blindcleaner & Mobile Screen Repairs,1,15,0.05002255861957864,0.0788941228917489,0.05818443506723267,0.2750946863321587,0.2862972535192966,0.021356536541134074,0.23015042468905447
Mr. Pickle's Sandwich Shop,1,9,0.11183999295139474,0.04074636073265633,0.0041597546595665445,0.4338407143950462,0.18430466867155493,0.10589876698537001,0.11920974817540905
Mr. Rob’s Place,1,12,0.012902772393620835,0.015200342303917992,0.07562440145557044,0.7895685716260535,0.05891685824220375,0.007910487232341692,0.039876569295301985
Mr. Rooter Plumbing of Santa Barbara County,1,39,0.15629969811281902,0.2089439326813683,0.0962151022141393,0.09252512398719162,0.3071905092980999,0.05444428193956036,0.08438134026856946
Mr. Water Heater,1,5,0.03121429402381176,0.013739934214390782,0.00372329703532156,0.24492942020297045,0.27872634232044213,0.01041042886208738,0.4172562487423419
Muddy Waters Cafe,1,47,0.007854464546866419,0.060372804368330875,0.014730606945801203,0.47237486740081336,0.2990421846538702,0.0673961396467812,0.07822893404753557
Muller & Goss,1,6,0.024980714234212983,0.011348265097088465,0.16093791712773958,0.48249086890912923,0.2684599695106347,0.01674419812237218,0.03503806353546675
Muller & Weber Physical Therapy,1,15,0.09101194477795309,0.05962687362916764,0.10504586033057418,0.3245018274833758,0.30679740000826616,0.05215977816842491,0.06085632415488359
Muller Aquatic Center,1,5,0.009005781915038782,0.02946313000284132,0.020341210765764058,0.4720898777246475,0.2925075326114893,0.15217260876670474,0.02441984601318832
Mulligan's Cafe & Bar,1,73,0.04450623279322598,0.1283717083741515,0.019962236983302854,0.45548058633113675,0.23663426166055845,0.05308636609936919,0.06195861410847159
Mummys Day Off,1,11,0.03860421999442302,0.03660462605131956,0.17609691218372472,0.4311569435310296,0.15205946281044316,0.015156571774489445,0.15032126794738523
Mundos,1,63,0.008619044661625344,0.09415207250923328,0.011072701579588045,0.546717479703061,0.2152010332940826,0.022411215168956087,0.10182645462364663
Municipal Winemakers,1,262,0.0132503586151203,0.04989086849012236,0.01029547871278642,0.5644264391528795,0.2483371961950715,0.026280213529750556,0.08751944843070926
Munoz Plumbing & Repair,1,18,0.1565000943244538,0.08619652106103276,0.009856141321102295,0.29374367366674253,0.32096584927704597,0.05990739439665852,0.0728303348490347
Murdoch's Tree Care and Firewood,1,8,0.00770544767146925,0.0038334072887664,0.0015688268322264125,0.34077894198708236,0.4575255207018927,0.011422528186812962,0.17716527299489823
Murphy Daniel A Atty,1,5,0.2155499685090035,0.18588155563920733,0.0085723679279908,0.18781570501159875,0.35904567763209344,0.02034439160488542,0.022790333256125398
Murphy’s Vinyl Shack,1,16,0.055162306460260824,0.01820250780656346,0.0020622737047232814,0.5157909774497966,0.2634603639889974,0.009170722929411507,0.1361508378467988
Museum Cafe,1,22,0.005955263003918537,0.02543957443082362,0.0029465547029923363,0.5936988473615863,0.2636886817318472,0.03955706955060697,0.06871400413696056
Museum of Contemporary Art Santa Barbara,1,11,0.0050073764392767,0.0744884568372402,0.020182975287422165,0.36107754650187085,0.3042315397072922,0.05807396072090007,0.17693817399611522
Music Alley,1,7,0.034763776680587596,0.0678171474137343,0.00224012063284,0.38499597852517453,0.17342678989682872,0.021199180295557802,0.31555705544139656
Music By Bonnie and Company,1,26,0.01606757106940043,0.016257796127599842,0.016432475000888486,0.4964552971516521,0.24089121983314932,0.04093764653393565,0.17295799379308632
Music By Catalina Esteves,1,5,0.01128893867135044,0.00465086349286134,0.00534264633897686,0.563685142993927,0.2726200833916664,0.00784941324964164,0.13456292673945425
Muñoz's Auto Repair,1,16,0.022491770025226232,0.009359428680909294,0.006947529664103013,0.2309299273474607,0.4504376674303785,0.1046915407205233,0.17514210508670652
My Gym,1,9,0.03168554322069715,0.14622500339626435,0.019955234427470665,0.5390637871395383,0.1405395133834746,0.06126453109189037,0.0612663566652271
My Social Booth,1,5,0.00571523527614768,0.0033765487489290204,0.00211344248964444,0.7023105204105378,0.11147571932524439,0.0075577632524072595,0.1674507938325405
My Sweet Pineapple,1,8,0.10118557696114287,0.10197981729288583,0.0650526505487505,0.3405636853422038,0.1564574933145195,0.02923570541315706,0.20552504493389276
Mylestone BBQ,1,5,0.01823446433991188,0.07647011708468195,0.00477618828881526,0.28249395443126557,0.44525066614151,0.08418307378888125,0.08859153203666208
N&S Expressions,1,33,0.039618741177643295,0.04280358322924281,0.009631291351979546,0.5002555104085442,0.218555055953788,0.015585510451769907,0.17355029186177431
NALS Apartment Homes,1,7,0.1479267417952152,0.17525982702915952,0.23242821118661333,0.14373515404960407,0.0933143712048019,0.024829644859502314,0.18250605284369414
NEMA Roofing Solutions,1,10,0.010792386019602359,0.0057484566117636405,0.07059409650682934,0.43321652431041,0.30146550629287955,0.00494737449334929,0.17323565203696484
NEST-An Integrative Medicine Spa,1,10,0.12348781940527256,0.05605881762458005,0.01437774711521338,0.3945883721462451,0.20096298251301045,0.043174761347472626,0.16734951315447683
NLC Productions,1,7,0.011936109047383014,0.005887114742238557,0.028888951970397314,0.44826376039002624,0.14480180665850637,0.0035986243414559,0.35662362378622803
NRG Clean Power,1,10,0.012226630677469019,0.006776397174689889,0.12456714675354304,0.48578463308513165,0.3386717109009623,0.00526198181323701,0.026711515057831963
NV Glam Studio,1,7,0.005933582317084,0.0044513187770332,0.007678052643313956,0.6303469708987645,0.18330383353999677,0.004894388008064414,0.1633918656568442
Naan Stop,1,328,0.048238906903595544,0.17315991261775926,0.008427928782067431,0.3070332404200687,0.3038961099440845,0.05834384702437797,0.10090005155844417
Nail Artistry By Stephanie,1,21,0.013408199762038477,0.07556627144748783,0.012289120040978027,0.5091767818666995,0.2170114971120797,0.007950691500722966,0.16459741549832477
Nail Palace,1,35,0.17652953000672691,0.2160936023707368,0.05786481054632786,0.2645667355973273,0.13423341800059585,0.05263519125790996,0.09807671239333489
Nails Uptown,1,44,0.01355710052567614,0.04848614022458519,0.028279653876035593,0.5137029267544594,0.20088683573571453,0.07478582763922693,0.12030151763676916
Nails by Katarina,1,15,0.058461817307397676,0.009328410130304554,0.0048728132853284,0.4784037140508493,0.27442401374379793,0.02372496530103183,0.15078426239391166
Naki Laundry,1,8,0.2870134476106614,0.09779180769692171,0.009059666539542299,0.24033656565006822,0.15703664300963277,0.054898951086215626,0.15386293944902715
Namaste,1,8,0.07566942377889058,0.05011632183595787,0.0589462537245708,0.5949152293760562,0.14252280537039036,0.007020930133876337,0.07080905558541414
Nanco Helicopters,1,16,0.004144000035012088,0.0028918655516462877,0.004260433346644225,0.5919910640222952,0.08395111779100257,0.003025017758773125,0.30973647121572867
Nancys Cleaning Services Of Santa Barbara,1,37,0.11772663122030426,0.05065606955464018,0.03592195051936176,0.32289806000473026,0.30806305134241035,0.05079168122186245,0.11394255155244387
Nannies2Go,1,6,0.04378235922195012,0.06071477633668104,0.005214267604363433,0.334629213786684,0.29009012008706725,0.007665050448849734,0.2579042348079383
Napoleon Blonde,1,27,0.010333574903025066,0.03142742515990023,0.04421803031625497,0.6358592359336197,0.11946005609610838,0.04088788055297396,0.11781381148224071
Napoleon's Macarons,1,6,0.0067482576317464,0.17673032352468,0.009761493148592567,0.10619677067734297,0.3394473831479748,0.008662836393341367,0.3524529099619636
Nardonne's La Famiglia Pizzeria,1,94,0.021494368655344497,0.04306657770413285,0.009591989622926888,0.48671500330098577,0.2448707834738207,0.047119483944930166,0.1471417953081904
Nargan Fire & Safety Company,1,6,0.01628734582724665,0.017270635891084834,0.0043813956678301,0.39640510578950244,0.4552427089462678,0.005158580684413483,0.10525421689574911
"Nasif, Hicks, Harris & Co",1,6,0.03794304277592645,0.016873635991942085,0.011757976763571251,0.5939009363452593,0.2885551856209834,0.019808348423490902,0.03116084441232178
Natalie Taylor Esthetician,1,5,0.028962953854352203,0.04549253117293114,0.006605456070974421,0.35170070147141813,0.37973966300487516,0.02260116618126626,0.16489753350615496
Natalie Thomson Photography,1,12,0.009729956393130075,0.007700311699105992,0.05848029072027804,0.556514081855615,0.29943102656397963,0.004227027626863317,0.06391725976330534
Natasha,1,17,0.058935110443545574,0.07322851171278773,0.060867983233252064,0.3394672335125506,0.22282049503615672,0.0945337683318511,0.15014690114185208
Nathan Nails & Spa,1,210,0.05967081848731526,0.06491118972633206,0.0168525351481678,0.43503170829000215,0.21337793225067708,0.04706787451647129,0.16308794526738066
National Auto Body & Paint,1,7,0.08363740349055396,0.015186682809144201,0.0692541736643761,0.2613610873065356,0.4019923987133162,0.011328741575458172,0.15723952930420634
National Car Rental,1,12,0.013283268170198382,0.029565434573062974,0.0064410094710182835,0.3377026238013059,0.43635468316885334,0.12643716484308237,0.050215805725504915
Natura Culina,1,6,0.17661465595786766,0.016267052308345784,0.021449976484291217,0.2091438774950802,0.3778845945683618,0.04031975318988158,0.15832010602268076
Natural Cafe,1,136,0.017338011044450742,0.06629102330386073,0.00731187187493021,0.4759176987127456,0.30042913170387586,0.045080209652523406,0.0876320584913414
Natural Concept Tree Care,1,10,0.03567344611510628,0.00921110599301749,0.00410522100864906,0.3568165864795446,0.5012892670929432,0.02081515216268593,0.07208922170102591
Natural Nails,1,36,0.1387792438617907,0.3258063885344502,0.05103345588496364,0.08867624864150353,0.1772238190234121,0.08897788216644481,0.12950295838850753
Naturalist's Carpet Cleaning,1,25,0.07296832782216366,0.18059473531320688,0.003698111583944364,0.2232696274737827,0.33974938459694387,0.06333004238083954,0.11638976648449895
Nature's Own Gallery,1,6,0.04911192626847569,0.1133180037528897,0.00381372039555565,0.39674467422689,0.2150966413319111,0.01923756697215135,0.20267746023212865
Nectar Eatery & Lounge,1,136,0.01621001219310149,0.06810232672860896,0.016869506457570536,0.5372655237147496,0.20027528194066901,0.036169107174774694,0.12510824420400343
Ned's Locksmiths,1,24,0.014783163681083,0.006127992630354076,0.03011781138169069,0.40232624615115736,0.37195277070471394,0.015006874207756433,0.15968515054555607
Neighbor Tim's BBQ,1,16,0.0106355066673131,0.056185030476626666,0.0018145105696020813,0.47169870266225183,0.2935012149391696,0.058361126379168085,0.10780391073785717
Neptune Society,1,28,0.13518501898007731,0.12282082653421507,0.04442679691211582,0.08724923444762156,0.25734998374121326,0.22582880362668736,0.12713933493276788
Nespor's University Auto House,1,6,0.21141107038905219,0.3005702514201402,0.04131106560816985,0.04330697220090462,0.2633456033654511,0.03916259917120134,0.10089245423053696
Neurofield Neurotherapy,1,15,0.04702615198524044,0.1598526974713119,0.2253777239626894,0.18331806409793588,0.2270452564582228,0.05559912702689564,0.10178099210218833
Neurology Associates of Santa Barbara,1,8,0.08796360454289238,0.0241558498819358,0.10011579013371372,0.12755809005466287,0.2531392469536513,0.20219278457807374,0.20487463986501095
Neurosurgical Associates of Santa Barbara,1,6,0.0908497359293202,0.12077983406682806,0.07223233456412946,0.09902232747602584,0.45820010888079804,0.1149857342243194,0.04392993644190327
New Baja Grill,1,53,0.044358940103161534,0.06487351390621005,0.002711008180960747,0.3660428473277826,0.3896965893679562,0.05068852385409383,0.08162856795759166
New China,1,48,0.013601940894053111,0.16167155235598327,0.007385364657238778,0.29084405053678586,0.3636404005422567,0.04258468391344645,0.12027200731972694
New Si Chuan Garden,1,76,0.028745575304032794,0.10403347762813175,0.003942556126275984,0.37026396331279293,0.24971663366120891,0.0512205232984055,0.192077261551994
Nick Rail Music,1,12,0.04186392005067313,0.052961752488044966,0.006154026292885283,0.3572123123643299,0.40111891832202673,0.05670786278399945,0.08398121855376904
Nick and Cindy Photography,1,7,0.008230470752875658,0.0060110694196607,0.0050540852826088,0.7390978570495333,0.11948633859200132,0.003753649420104857,0.11836655697386177
Nick's Tree Service,1,17,0.02964670920525399,0.04456189741818778,0.09783390350639815,0.2787227268221185,0.4572048417347319,0.006333007408744212,0.0856969183283474
Nickerson Roofing Company,1,6,0.17397139881116644,0.009641802501088583,0.02166195074096315,0.4436883887295455,0.3241281126004954,0.004762645345181183,0.0221457524845997
Nicky D's Wood fired Pizza,1,122,0.041735304091087506,0.0919470014270074,0.01662224813743268,0.35336763074537586,0.28851517802104354,0.08303958539121978,0.12477305551731313
Nick’s Appliance Services of Santa Barbara,1,199,0.03331655763550633,0.016932033086324242,0.02017221064453041,0.32331375869742157,0.3779647984523233,0.04856489883822352,0.1797357377568119
Nico Pollero - Sotheby’s International Realty,1,8,0.017006658425088923,0.010383062093751476,0.0033199355457326873,0.2340045357123017,0.6524779424071312,0.0050709297647699245,0.0777369422721676
Nicole Morgan Training,1,5,0.016654441971331778,0.0078703445848077,0.1609025249024853,0.5103436589241028,0.12980417981743805,0.0138636734336614,0.16056119892746207
Nicoletti's Cafe,1,9,0.012693082577445398,0.058641802726520385,0.0032930764524886445,0.2637032961162428,0.43630656268861556,0.11959624869955905,0.10576592856604189
Night Lizard Brewing Company,1,136,0.016051731283796958,0.016603322823785252,0.0022188170752247926,0.6100191478138132,0.22453887898625585,0.02023578197472751,0.11033231571748137
Nikka Fish Market and Grill,1,396,0.011239709634941746,0.0875132990553575,0.008044861945278911,0.4424572139924023,0.31702665844403033,0.03228586078198114,0.101432394909242
Nikka Japanese Market,1,41,0.010915483847805591,0.017082148056942928,0.001882244210275656,0.3913097327983961,0.35251922991762796,0.007909115066002191,0.21838205658671692
Nikka Ramen,1,575,0.017410443508592586,0.08419911835018704,0.0127310958401421,0.457563745646039,0.29162424371375334,0.026000047827989786,0.11047130249602635
Nimble Tree Care,1,17,0.024400908719090814,0.06954108541215055,0.01615773432251227,0.38005829040947203,0.39857161833959465,0.01758519818951535,0.09368516348631062
Nimita's Cuisine,1,28,0.00622760552713376,0.014899242515509373,0.06867984466641372,0.5980314297069397,0.18069141936887584,0.03994306191037006,0.09152739288817556
Nina Lafuente Waxing,1,47,0.012043510583486917,0.03565002437569493,0.06765538659887978,0.5116533801019033,0.16713615654511968,0.02493828159578615,0.18092326185804727
"Nina Madavi, DDS, BDS",1,25,0.052889990650583016,0.13125996789894995,0.0472537635127082,0.42904485202627257,0.20981805847026405,0.04704674122855062,0.08268661644775417
Nite Bite,1,17,0.01981022858115675,0.06021679905654092,0.043653097818605546,0.3961502981153043,0.30600847057340774,0.024877892368856545,0.14928321959450838
No Name Records,1,5,0.10728457625955339,0.10104399658739564,0.0026075660483911,0.07345181845594193,0.09960337635129687,0.032606963918078644,0.5834016947075724
Noemi Pizza Romana,1,41,0.011197654445224005,0.05612818778651512,0.003360606311882859,0.4610778348500522,0.3116925554463594,0.022468408078477647,0.13407474544421744
Nok's Expert Thai Massage Center,1,53,0.005375995280941505,0.014235376381482184,0.0304075968177233,0.5345782488298971,0.1891903531438899,0.023328279830374762,0.20288415015938707
Nona's Italian Deli,1,38,0.030593440719377706,0.08355502000746412,0.018566531730405206,0.2941708759478244,0.26991737964808155,0.18880472808010185,0.11439203593487797
Noodle City,1,498,0.059952234955930876,0.14982304751291403,0.018764769074850175,0.2871591695653317,0.35064514918111633,0.03886956074550915,0.09478606730928625
Nook,1,214,0.017564110348009778,0.09575869737162519,0.00866873536196915,0.5003181400452632,0.26022571609486067,0.024311884899871704,0.09315271000785827
Noorsher Furniture & Rugs,1,7,0.019328291278465488,0.006328138921941971,0.0013394969615286286,0.6070788872561285,0.16529367737738146,0.004975097736210658,0.19565638999587717
NordstrandBlack,1,8,0.050623212853679385,0.020359560367069162,0.11120620209840122,0.27558851928915823,0.3708143898984417,0.0427741175080882,0.1286339880316518
Nordstrom Ebar Artisan Coffee,1,22,0.04637981623157177,0.010675345902034799,0.008161743764172849,0.4184297491182489,0.2251526582986116,0.06133217235434458,0.22986851196566763
Nordstrom Paseo Nuevo,1,146,0.04123444706026128,0.11860734691814681,0.03412780448338267,0.23881717943801692,0.28334669090092995,0.09356266720147086,0.19030385828187862
North Milpas Laundry Wash 'N Fold,1,10,0.06443227478303012,0.12053669421002264,0.00223430066253055,0.2543276292912196,0.48894782811403276,0.014315524813719038,0.055205750465393034
Northside Shoe Repair,1,58,0.15778458839210133,0.23499649614175971,0.052994359829081655,0.042304765595653014,0.207357100724917,0.11849658644220241,0.1860661051187921
Northstar Coffee,1,23,0.010374640719458914,0.025149954925797354,0.0017547987543208,0.6033955911255401,0.2286097041290739,0.022369445180115445,0.10834585518940631
Norton's Pastrami & Deli,1,499,0.015615387431734037,0.06552245234172388,0.00955848464122194,0.4052279721397859,0.31800360099378905,0.03751429171326616,0.14855781431346737
Norton's Pastrami and Deli,1,47,0.0343178857682629,0.10168914170440362,0.022257181587926205,0.2674597463907396,0.36806231668773803,0.01598588410180374,0.1902278383520055
Nortons Tree Care,1,8,0.03800455032614986,0.018148901377571688,0.002387775377428575,0.43981212796643376,0.4633575635962188,0.006717519136145662,0.03157156193628905
Norvell Bass Cleaners,2,33,0.11046785535290833,0.2369093305967522,0.08039008705192383,0.07475701291960744,0.20074430033987894,0.06673134334921607,0.23000007879101866
Nothing Bundt Cakes,1,102,0.03156661906270488,0.01926266989161658,0.014267536807250568,0.5432694552046266,0.20636912102482333,0.029419038494975788,0.1558455593094193
Notown Tavern,1,7,0.003893514355045814,0.0074333779048174,0.0012947851376208287,0.8012122767312186,0.11204160124595673,0.006079445493274457,0.06804500161004913
Nova Spa,1,20,0.021840514743234916,0.03795209884992795,0.00238742535584601,0.41650681556202473,0.3566519862739369,0.015539567725500043,0.1491216118680313
Nu Image Ad Group,1,7,0.01343083767486467,0.1260104845943195,0.012504097598139157,0.3575673941023914,0.37878124522311346,0.005524240766784929,0.1061816991173795
Nu-Image Nails & Spa,1,156,0.1039306560388724,0.16994671822519586,0.02908291347790878,0.26708515444363745,0.17517600957310206,0.07073985875393139,0.18403868977120738
Nu-Life Carpet Care,1,5,0.0218601098284125,0.0487007985124364,0.00239410076756024,0.47931515499949456,0.2686614479869604,0.0069911935832351006,0.17207721620798105
Nuance,1,82,0.030471030252179218,0.05429624692180541,0.007117252286151572,0.4831112250529525,0.2301041275126541,0.037556476764687534,0.15734364969298104
Nutbelly Pizzeria and Deli,1,259,0.016521125141680405,0.12777111939834176,0.007684736964328736,0.46063937682132094,0.2433566679453484,0.03960714697375759,0.10441982805028618
Nutrishop,1,48,0.02364603697545434,0.04807728821106134,0.048247212133598276,0.4511037206260274,0.2921551413213213,0.0269268711272161,0.1098437308343515
O Street Truck,1,27,0.0599718121423696,0.06315645277155214,0.04203050478934995,0.4704011736849444,0.19878032358570227,0.010739166548268621,0.1549205739671985
O'Connor Pest Control,1,25,0.16046779280528423,0.06126510480884459,0.025194195264484694,0.20514724484877658,0.4191226101666689,0.04555814623367036,0.08324491407722232
O'Hara Chiropractic,1,19,0.09386739419086979,0.026182983671069873,0.07219138305854832,0.24350974149389285,0.3485978427588155,0.06308343285988814,0.1525672262804092
O'Malleys Bar,1,178,0.1197335785091331,0.22132328980251767,0.05721698784474749,0.28103470271701786,0.174920269687728,0.0507019032718315,0.09506926517913983
O'Reilly Auto Parts,2,54,0.06752206744082889,0.06713491698610592,0.02520515592779563,0.3383162940304761,0.32066067457371566,0.038619418895837844,0.14254146850564411
O'Reilly's Auto Parts,1,6,0.05060757929459209,0.052552015714657764,0.03343527769902715,0.2991206998704001,0.3961830014983813,0.055854764378940026,0.11224662497018771
OPPI’Z Bistro And Natural Pizza,1,175,0.01446490408353769,0.05944807009006446,0.004843239876541392,0.5805254870034489,0.2090554504296077,0.04042412023658726,0.09123873043273173
Oak Cottage Of Santa Barbara,1,10,0.06008560091722753,0.009754746733233292,0.03093490197788919,0.551840500254184,0.20294655412435528,0.02357570985332126,0.1208620078861713
Oak Park,1,14,0.014543016898512257,0.05433956467147379,0.019548328057031238,0.3833164676159088,0.33532976572002676,0.12126395448909268,0.07165891111695336
Oakberry Açaí Bowls and Smoothies,1,76,0.008618730579129081,0.04348451326490915,0.003924005985027126,0.5364562459994646,0.22896253220785992,0.026294978422811206,0.1522589943641306
Oasis Inn and Suites,1,103,0.06279321440757764,0.26725291192319095,0.03676235952298152,0.18368843576822255,0.27539709168576715,0.07199559392502472,0.10211039746792765
Oat Bakery,1,124,0.008837215398201636,0.04276845911930821,0.004650793885605571,0.4915264560019545,0.26351555855944747,0.028228363820216422,0.16047315389451178
Oaxaca Fresh,1,172,0.033806616851929955,0.24560973012101084,0.007785787198456972,0.2896434708466607,0.2781529697551673,0.051928020425568565,0.09307339982817292
Occhiali Fine Eyewear,2,44,0.026472323359815687,0.02757518267290746,0.02061233034129885,0.3374210300416135,0.37029370930130506,0.012843121435831838,0.2047823058250783
Ocean Glass & Screen,1,23,0.04799319470665697,0.062317107558635065,0.019469255795347976,0.37216132548232767,0.31656091356569005,0.04897745400059801,0.13252073028327327
Ocean Hills Covenant Church,1,6,0.015982172277290332,0.15738129429519174,0.0076398209688097836,0.35144109139218926,0.12138439870129027,0.24337300790163374,0.10279822834612178
"Ocean House, Bacara",1,6,0.013742844457738067,0.22410352330189198,0.02104183336875085,0.17328101252981767,0.2534315573672453,0.02420334459748115,0.29019586540137726
Ocean Meadows Golf Course,1,7,0.011067339443668129,0.15493072323235016,0.011514013757862642,0.32381614161256167,0.19418502233124202,0.29017457089919063,0.014312206102268984
Ocean Nails & Spa,1,211,0.07425721116988558,0.10657933860177488,0.03156230546908131,0.31948217471936824,0.2372413005561775,0.0760415194631152,0.1548361499325959
Ocean Oral and Maxillofacial Surgery,1,30,0.07899679893550147,0.022312387474812515,0.036462263192515776,0.48635708877118305,0.2749312821775674,0.03569438656947261,0.06524578377914922
Off Leash,1,10,0.00901114719454193,0.02141326437704259,0.00234760854800693,0.47553924983367324,0.23586831297725436,0.16592909799655894,0.0898913298733532
Off The Vine Wine Tours,1,5,0.00279743112623688,0.00322565615642812,0.00136691619409242,0.8624683380126953,0.07285182550549502,0.0028530558105557603,0.054436770081520015
Officemax,1,26,0.04098610349823359,0.11858128562408422,0.0037569413051152,0.3144811856881671,0.3072550389199302,0.06579920617290409,0.1491402342799119
Ohana Fun Company,1,7,0.013602919710267813,0.007889506190882157,0.0018197103719492429,0.5390810341175113,0.1951657693300928,0.0056533477867819855,0.2367876777425408
Oksana's Facials,1,11,0.005001154696484127,0.030372360403734134,0.006721662230450945,0.6879915065047416,0.20042193537069986,0.03980051058302206,0.029690903505649027
Oku,1,434,0.013298093751963384,0.06860731419036106,0.01608508274039358,0.5276650014432138,0.21556272959521183,0.04083092819375179,0.11795085013955654
Old Kings Road,1,82,0.029911864148566406,0.09614327962640895,0.024164216386696566,0.47837009358967986,0.2771898676675358,0.029221138803333727,0.06499954003048487
Old Navy,1,22,0.03859177998013112,0.1734771728198128,0.005470181008356331,0.14723579644024454,0.2849204848012463,0.19664419548247344,0.15366038605729537
Old Spanish Days Fiesta,1,24,0.015749259250393718,0.08524552807163366,0.0030760978346127377,0.48340341418709915,0.23813357161513216,0.025063166229907993,0.149328961376644
Old Town Antiques,1,16,0.011925790833629381,0.017685306680505112,0.004757864842758819,0.4263613544026157,0.2495222476281924,0.05530683885444882,0.2344406002666801
Old Town Coffee,1,320,0.041867550813913065,0.0903237744556463,0.01775730751091937,0.540588574710091,0.18662452728021886,0.0210489081771811,0.10178936148113275
Old Town Coffee Downtown,1,8,0.008251733554061462,0.006502729404019137,0.0029974903154652,0.44814745264011435,0.25204104348085815,0.07249067726661446,0.20956887910142538
Old Town Tavern,1,41,0.04581352116585499,0.12222867359537853,0.0311968296165748,0.2848822794181703,0.3501071492323606,0.03319144786744397,0.13258010544246285
Old Wharf Trading Company,1,20,0.03976296528708186,0.11825538580596909,0.026886955142253966,0.40948866309772713,0.23891682568937536,0.05116563932970162,0.11552355820313091
Old Yacht Club Inn,1,78,0.04672664644059315,0.06899673198066193,0.01768816391659824,0.4243382193224254,0.2505481201343429,0.06363041668336308,0.12807170321376846
Olga's Hair Salon,1,5,0.13904030006378884,0.032729255582671556,0.027532928856089663,0.2038327749818563,0.18798455437645314,0.06756071767304088,0.34131942708045243
Olio E Limone Ristorante,1,492,0.023583909046738665,0.09870097625572836,0.013250615117679549,0.44143150455139274,0.25164828703661135,0.061458518821367485,0.10992618959148152
Olio Pizzeria,1,637,0.023994636833207163,0.08384965977933417,0.009930393459329046,0.4741247528874746,0.25789923118529734,0.0474701130982368,0.10273121620928265
Oliver and Espig,1,8,0.019833677826682074,0.08264326407515904,0.02666453368146901,0.6065986854227958,0.11385883565526453,0.017498145607532864,0.13290282315574584
Oliver's,1,321,0.009922091094080624,0.031038834646850415,0.011179764340997907,0.605882756796091,0.1779286772479822,0.03391183601569733,0.13013603992512116
Omar's Grooming,1,33,0.029148013055832492,0.08950074888046151,0.024495067789261603,0.41595959668241744,0.26421118169232743,0.016600502796019514,0.1600848857144063
Omni Catering,1,61,0.013218370672758068,0.019758753350661008,0.002514951495972762,0.55087601317505,0.24144386558900355,0.02515425897188113,0.14703379105013167
On The Alley,1,509,0.016767761864802753,0.08538874014304061,0.0076609544837327685,0.4544656164549641,0.31812984936308913,0.030474687999659602,0.08711239243862133
On The Alley - Goleta,1,241,0.02468729603705204,0.13067480177774102,0.014750182562695061,0.41370806840868646,0.2879865930369317,0.047072194489607866,0.08112085881402434
On The Glo,1,17,0.008495570119360736,0.06402877630556326,0.02494518453022462,0.587007398278836,0.27337179858894906,0.0077998221934060235,0.03435145570513075
On the Side,1,7,0.08737599596913367,0.1309535492743764,0.008290613635576158,0.24129988229833538,0.41081645472773476,0.048988976515829515,0.07227455931050433
Once In A Lifetime,1,48,0.011009571651811665,0.005037325917025206,0.033052859177284157,0.5952471167159578,0.1958178507435756,0.013206511837779508,0.14662876025249713
One Carat Mani & Pedi,1,72,0.038141777718717754,0.05372357898684434,0.02235531808158455,0.4906998047339989,0.25326909950753257,0.03765515922795097,0.10415525710494772
One Hour Martinizing,3,43,0.14844544021802583,0.20588318812985748,0.008956865993664046,0.08283003967601887,0.2199389814225913,0.08016350796868545,0.25378196371101963
One Piece,1,15,0.02417678199708456,0.604298304580152,0.004549937772874987,0.09280026223859746,0.22565166144631796,0.031490366975776805,0.017032671096967485
One Plant - Goleta,1,7,0.021184979755032227,0.006776452081144871,0.0021794241204458288,0.39792989480442237,0.19480992667376995,0.17140753886529375,0.20571175723203589
One Soccer Schools,1,6,0.014305846688027132,0.0243540495478858,0.0018451124778948167,0.34179650371273357,0.2418864285573363,0.177116263192147,0.19869579436878357
One Stop Hauling & Courier Services,1,23,0.06268827169728663,0.10100332627822034,0.005575669605446848,0.2376175529738564,0.42797220514520357,0.013324229046702322,0.1518187380456568
One Thousand Steps Beach,1,45,0.008337643483860577,0.07973431830501387,0.04927718073077908,0.26420341681482057,0.4464282932070394,0.04212432228183989,0.10989483725926318
One True Thing,1,8,0.1318815626145806,0.07559456228045743,0.031581389444909236,0.21168101405783088,0.11062819615472104,0.22141672365250994,0.21721656504087147
Only In Santa Barbara,1,6,0.0753953326881552,0.25426219198076677,0.005477487264821883,0.3159208875149488,0.15685253776609895,0.011728884613451817,0.18036266280493385
Onus Donuts,1,38,0.023118791948562728,0.049853414254213975,0.017142520830690764,0.4848515162746863,0.27906622593046015,0.022297397072083808,0.12367013116416174
Onyx And Redwood,1,28,0.02155902828755119,0.01368370935753249,0.005147836694959501,0.42802315615699627,0.19321184389160145,0.005269365871624439,0.33310506771418397
Ooty's Scooters,1,29,0.02778845968062118,0.01814013787200027,0.003115456250239241,0.387166248827145,0.39766666405545226,0.062162477659575346,0.10396056228863262
Opal Restaurant & Bar,1,978,0.01373028399633212,0.06632401665135455,0.010597337170643017,0.5531752286669331,0.23274894520532763,0.028399049104329395,0.09502513902816548
Open Air Bicycles,1,51,0.0998550201446621,0.08508900937386876,0.025960459216388218,0.25920439496472036,0.3446594299200703,0.06676796316990953,0.11846372402072242
Open Air Bicycles - Uptown,1,6,0.02097788530712323,0.010679266493146567,0.014695498820704684,0.3426072404254228,0.36346788828571636,0.023843262344598732,0.22372893694167337
Open Air Photobooth,1,31,0.004631682469945113,0.0028388748910548,0.000945742290857529,0.8546100441486605,0.09469048593253374,0.0027103357339998387,0.03957283491599219
Open Cup Coffee & Tea,1,11,0.09944628072182898,0.1002735775387422,0.005377228866564054,0.3240031286735426,0.3635860804299062,0.026429245311936165,0.08088445936498989
Optometry Care Santa Barbara,1,40,0.10982755526201796,0.08038694198767185,0.03725218691615733,0.27848258853191504,0.37330721220932894,0.0688216634734999,0.0519218597997678
Orange Tree Inn,1,107,0.04025227680071209,0.3185123720600174,0.05287698094154242,0.09865829750360203,0.27398484138441137,0.0769098003103319,0.13880543052991326
Orangetheory Fitness Santa Barbara - Goleta,1,42,0.019725195093390803,0.0190763975551817,0.050283603273869805,0.5674288578309297,0.21088814947731965,0.05849713104544202,0.07410065516541219
Orchard Supply Hardware,1,21,0.021048572757059576,0.17541827696619464,0.04969019877968262,0.1832235523366502,0.2721900069820029,0.08499272722595677,0.2134366534439669
Orchid Inn at Santa Barbara,1,32,0.005197322356252641,0.03585877573641478,0.0020735104135382624,0.5969795156779583,0.22572965221479532,0.011340403973008466,0.12282083655736638
Oreana Winery,1,243,0.038309725735158284,0.11887477261099075,0.0048170679347318895,0.5055892357588703,0.21466563029575,0.032567772206585854,0.0851757991151144
Oren's Automotive,1,57,0.03542706463077477,0.014759551844020372,0.02572178343880769,0.3676099268895198,0.373351318426757,0.032471972985372806,0.15065838457820444
Organic Aesthetics,1,8,0.007176979153882663,0.011542431835550775,0.0026154815786866873,0.6412107469514012,0.2486382890492677,0.00670102486037645,0.08211504825158042
Organic Green's Collective,1,12,0.08693771383453468,0.07038072106176206,0.10807192150605256,0.3559950349347976,0.18201621652891234,0.03516832597476114,0.16143003680432833
Orient Hand Laundry,1,30,0.01732291903269162,0.052454293854922625,0.0028307561263014665,0.3685971482346455,0.43107839768442013,0.010456058483881207,0.11726043388868367
Oriental Market,1,34,0.03197888156008792,0.08412556962609997,0.0038102846138986855,0.3210605938699753,0.42915965256157934,0.03159623697180953,0.09826878729440706
Origins Integrative Medicine,1,14,0.08150699895174637,0.05094961912670569,0.03891408931563737,0.2569776436679863,0.3204219443723559,0.08789964319605907,0.16333005051793795
Orogold Cosmetics,1,47,0.15623743704797577,0.30067591008759953,0.029170841300622214,0.16801047397584234,0.17918929890630406,0.028478034318702123,0.13823800888952814
Ortho Mattress,2,60,0.043912737048231024,0.038473379282610604,0.06296162790628534,0.3958970295245914,0.3095670434025426,0.019509564631152852,0.12967860843443
Orthopedic Institute of Santa Barbara,1,12,0.021754843444796234,0.025555325613822732,0.06484265920880712,0.40189659005651873,0.30005110210428637,0.10160127086176844,0.0842981886429091
Otaco,1,58,0.04401699117995023,0.23032526447887305,0.018903330680994455,0.2649077501560457,0.25872105677965385,0.07299911396393291,0.11012648540681448
Otherworld Tattoo,1,16,0.008957274418207768,0.02740637209353732,0.0490918005125422,0.5049832865188364,0.24825966305797917,0.053218020708300125,0.10808356489724243
Our Daily Bread,2,143,0.031979558080877615,0.09673892236778743,0.00628530716367217,0.3853485016009796,0.2754741225984286,0.08819133294477625,0.11598225650817177
Our Lady of Guadalupe Mercado,1,8,0.010939177678665113,0.010047445437521625,0.0029516095128201,0.45849979110062117,0.4410062280949205,0.022133302205474988,0.054422427434474174
Our Lady of Mount Carmel Church,1,5,0.00218443197663868,0.004705896601080841,0.00279638184001662,0.7303265690803528,0.1822130632586777,0.0056787400040774995,0.0720948924776166
Our Lady of Sorrows Church,1,8,0.0028184001130284247,0.014034866733709302,0.005573795402597112,0.687003874219954,0.13625616324134168,0.12292290444020179,0.0313899749598931
Outback Steakhouse,1,116,0.03284365022534917,0.2074223322229829,0.023974926740077583,0.23734417255463053,0.2844491088501948,0.11441980682088636,0.0995459968263307
Outfooters,1,5,0.19262877213768656,0.10476364139467473,0.0038269310491159197,0.07124049938283858,0.49810818806290624,0.051676715584471775,0.07775522395968432
Outpost,1,207,0.02273706696924168,0.11453334030252091,0.008108091393990645,0.44878330163346664,0.2212960400668103,0.06897192795036564,0.11557023500987652
Outrageous Photo Booths,1,22,0.4776900286828591,0.03201708960643202,0.0027314762860027996,0.3390181600116193,0.08920828741975124,0.0041611332933163955,0.05517380781979719
Oveja Blanca Restaurante,1,46,0.008453406417570237,0.036632686578820454,0.02359778835354671,0.56288789658625,0.1793573492550817,0.037334213013072326,0.151736673843318
Overlook Cafe,1,5,0.01469747740775342,0.24533580606803293,0.0042820016853511,0.04391432076226916,0.37811285108327863,0.13741872915998093,0.17623882992193102
Owen Tile & Marble,1,8,0.010032746242359225,0.005334266417776188,0.0017283138004131125,0.6035897633992136,0.30315371672622854,0.004926385794533375,0.07123477407731112
OxtonStaabGans Attorneys,1,9,0.12928243397942019,0.07418880563798458,0.07973105562592128,0.07979515699359273,0.5065338868233893,0.12498237073628436,0.005486317703293367
P3 Hair Design,1,8,0.08846230575727528,0.036863842149614315,0.1189705460128607,0.4662725089001469,0.07294761470984662,0.16216940773301755,0.05431375108310019
PIP Printing Marketing & Signs,1,10,0.011045438167639029,0.00507072875625449,0.001866106694797,0.5479283951222896,0.33664033263921733,0.0056842759018763305,0.0917647128924727
POPPY - Santa Barbara,1,25,0.09774302178295324,0.04542898894287642,0.006465977717889429,0.5036614140029997,0.16821363717317578,0.02992362060584123,0.14856333413161335
PULSE Fitness Santa Barbara,1,22,0.044387451357165805,0.06233007065020497,0.08739708234497807,0.39811340222050523,0.23495434290221465,0.046708342931444984,0.12610931018769567
PacSun,1,19,0.22777255551007228,0.2953294399990945,0.01052088982205049,0.05536631679340066,0.14688506907489343,0.023478681344146737,0.24064704545430443
PacWest Blooms & Events,1,24,0.009846974096338525,0.00525160121590787,0.0539616538396027,0.5521650727605447,0.2142951847830166,0.043795749690616455,0.1206837611389346
Pace food+drink,1,165,0.019966919883154285,0.0690804083870413,0.010432002279434695,0.5178655519866329,0.24399136739472543,0.03349978981864154,0.10516396196079295
Pacheco-Medina Dental Corporation,1,8,0.0631676826451439,0.12973124568816272,0.10196996448212299,0.15659078135649904,0.3357816877542063,0.10542734508635472,0.10733128848369229
Pacific Crest Hotel Santa Barbara,1,130,0.031054041765701836,0.06072240125772969,0.03263106862700969,0.46380882479939967,0.24135608270835987,0.038825890523059105,0.1316016930352466
Pacific Crêpes,1,254,0.03360603041841467,0.10496120128595435,0.013851177433755853,0.46276785572692863,0.24419593142884538,0.05887187221023345,0.08174593778653433
Pacific Diagnostic Lab,1,8,0.07467852736590426,0.019196210792870226,0.011007858352968436,0.22930698431446217,0.27285592479165643,0.07218358006502965,0.32077091350220144
Pacific Diagnostic Laboratories,1,35,0.1269734497647732,0.11377621047597905,0.1069763522861259,0.09527004978985387,0.36688135520422027,0.06887988923782745,0.12124267988838253
Pacific Diagnostic Laboratory,1,10,0.21834622202441092,0.22191896624863147,0.051811852306127504,0.10352566383953668,0.23729244256392118,0.07680125311017032,0.09030357404844833
Pacific Health Foods,1,96,0.025876762570987876,0.04088436466433142,0.00481601954925277,0.5060303034733806,0.29628593717886054,0.03366590420773714,0.09244070421603583
Pacific Oaks Apartments,1,17,0.09930689380887671,0.1695683204075869,0.06477375250474053,0.2645066282301045,0.28582878399859457,0.018598805167986135,0.09741683107088592
Pacific Pain Physicians,1,26,0.10643270755491142,0.16691734296126431,0.24674711335235486,0.12690501061129342,0.13035794707068885,0.04297953555270881,0.1796603368487782
Pacific Paper,1,9,0.06628186361760725,0.017159872584872733,0.0019633137756803,0.4544694437645376,0.3205318778960241,0.03845463587074639,0.10113901106847652
Pacific Porcelain Refinishing,1,6,0.014044458589826968,0.1250761123374104,0.01759730521977562,0.2527379904252787,0.3683322196205457,0.014801531331613632,0.20741038179645932
Pacific Sales Kitchen & Home,1,30,0.03299867211996262,0.09977583920117464,0.09334171624310932,0.2027772373713863,0.43262915009011826,0.04741706210188564,0.09106032111061112
Pacifica Graduate Institute,1,20,0.04854533792531579,0.15648375618329732,0.0369029936875449,0.31887620895577123,0.2985203893855214,0.02613675571046764,0.1145345589378848
Pacifica Suites,1,185,0.03514627525048024,0.12846387359093417,0.03075447339010798,0.34035830939238937,0.29151584756485105,0.054476716140335425,0.11928450164630552
Pack And Post,1,66,0.0220171588465966,0.013142870650026953,0.045467569978703055,0.44720296943066357,0.3368400708758131,0.026073900183705055,0.10925546050720816
Pack Mule Movers,1,10,0.02243613274767991,0.01057445278856899,0.01534065168234515,0.28825426860712466,0.48224858064204457,0.012450232822447971,0.16869566459208724
Packaging Store,1,7,0.025505348574370087,0.011367229911099527,0.16191365624711446,0.15710492003043844,0.3195450103708675,0.10683608367773036,0.21772771834262777
Padaro Beach Grill,1,908,0.011858269824448405,0.04871676966196279,0.008554511995149993,0.5982541673505541,0.23389073307607997,0.02464576954405908,0.07407978013307077
Padaro Floral,1,15,0.03448575421546892,0.08248246444466828,0.002904288457163247,0.39105665701596687,0.13733118859430152,0.17637882620717085,0.17536084832002716
Paddle Sports Center,2,140,0.012804717462443299,0.02485293871307342,0.05443143344725411,0.5829680001579358,0.23714835534670517,0.03552130447018754,0.05227324507847823
Paesano's Pizzeria,1,58,0.018925824501664034,0.10045366024534245,0.002666880606456836,0.3875206482811462,0.26503719668835396,0.08698073364713964,0.13841506243876078
Paige Kaye - Santa Barbara Real Estate Broker,1,8,0.014642129273852288,0.0070310431765391755,0.00675621893606145,0.42091026064008474,0.43606436788104475,0.00424272290547375,0.11035323957912621
Palapa,1,239,0.022653646795390805,0.11101750736894417,0.01624108335184938,0.45306327114713174,0.26461015497071266,0.035696229630512256,0.09671809989812868
Palazzio,1,355,0.028481655540010305,0.1741265476976429,0.016899207480658374,0.32103398591378357,0.2769863941385345,0.06676504910156178,0.115707162275425
Pali Wine,1,145,0.014680235488902215,0.06904517783430111,0.006623156092145655,0.5908698479504453,0.2020353996548159,0.03136530635910553,0.08538088351889542
Palihouse Santa Barbara,1,7,0.03682194956179171,0.0319776037109217,0.023227287971946727,0.5131204460880586,0.256491689809731,0.0600556616804429,0.07830537296831604
Palmieri's Cocktail Lounge,1,9,0.0256398119187603,0.19220968802821717,0.0030752686240399334,0.3610719562922087,0.28355615430821973,0.01277927332557731,0.12166786028279196
Palmoro House,1,8,0.11074282840127121,0.31948704737442307,0.23032999632414428,0.04050364225986409,0.15567083633504805,0.03458121302537615,0.10868439998012032
Paloma Restaurant & Tequila Bar,1,153,0.026021597561505544,0.12332659155994746,0.01425833742361012,0.42225199071211084,0.2546377713317234,0.038606505123883125,0.12089720885254121
Panache Bridal,1,87,0.08044315679480542,0.09446348120450392,0.06155823372624243,0.44982875619972146,0.13430923452311802,0.029043138965204232,0.15035398735868172
Panaderia Oaxaqueña La Soledad,1,5,0.056930745067074864,0.318775661708787,0.00242647454142566,0.06149217927595596,0.3607795361429453,0.00777079691179092,0.1918246361427009
Panaderia Veronica,1,27,0.015122720781989629,0.037133612312134995,0.009908298728987526,0.38368605486013824,0.38414527517226005,0.017432526409350006,0.15257149105201714
Panda Express,4,199,0.08708603237170591,0.2681683019886142,0.027327039257325436,0.1682466148463459,0.2662590956327098,0.06998339785209116,0.11292951787738875
Pandora Nail Spa,1,44,0.03628186568279153,0.028107693560410832,0.03052168289749794,0.5623276728914458,0.2379834608873352,0.04314675727139477,0.06163088876531794
Pane E Vino,1,80,0.01772251282018255,0.15752251526573668,0.00587815859835241,0.4322552979741886,0.24914362400886597,0.04394277582177887,0.09353511245717523
Panera Bread,2,210,0.047192673956687026,0.34770822107814076,0.026036722299232585,0.1472478172996142,0.24586069733126173,0.0687168791956667,0.1172369877935298
Panino,3,300,0.022632803952631803,0.06523672080045793,0.011574799155835789,0.4264903459390431,0.2938690556725487,0.05951515946886497,0.12068111495522311
Panoyan Custom Tailoring and Men's Wear,1,12,0.01918858619562035,0.07978317320036386,0.003487534219554275,0.34350169729441404,0.38366355079536635,0.013625629750701251,0.15674981575769678
Papa John's Pizza,1,55,0.0723609295673668,0.22351163947023447,0.023977756321387822,0.15331775985383003,0.24999652015553275,0.12662206154570657,0.15021333314944055
Paper Ink,1,12,0.04524750483687962,0.0941665267552404,0.005686856594062734,0.17989260541313945,0.3950077092158608,0.15408148969678825,0.12591731259211272
Paper Source,1,18,0.05566759529109625,0.11408856502061498,0.013022392960717966,0.39264054218721056,0.23275750562445158,0.018461601692251816,0.17336180146473146
Paperback Alley Used Books,1,33,0.00794664425881236,0.07108361544405022,0.0031005414643776093,0.477604994407474,0.25577453521052096,0.009405446108289469,0.1750842251702014
Papillon Nail Studio,1,11,0.005893558570691773,0.003318578846202273,0.001325540466826709,0.7397127855484459,0.16834298233416944,0.0058539690111170635,0.07555257643318984
Papyrus,1,5,0.010315434494987081,0.1986176988575607,0.0024738654145039,0.590784349833848,0.14226617030799385,0.00456254133023318,0.050979953748173976
ParadICE Hawaiian Shave Ice & Ice Cream,1,193,0.014594364611231647,0.026587982857455037,0.005116676537734963,0.5612688523887926,0.28248122636315653,0.020043128373347405,0.0899077738982678
Paradise Cab,1,9,0.25969357219421196,0.12176694428651695,0.009669052734453589,0.1464950701014863,0.18198933866288924,0.04143327275394562,0.2389527284022834
Paradise Cafe,1,291,0.024476958506963013,0.13956497678184346,0.010049511119943299,0.4289609887400167,0.24740046943470678,0.05841620836432545,0.0911308865115299
Paradise Campground,1,36,0.026422426140116896,0.10758878899893408,0.05648455295239623,0.28394492421971834,0.36290156877496177,0.05954565371050391,0.10311208041902213
Paradise Found,1,48,0.016260123497583306,0.028030724001534165,0.03536449563216588,0.5398542849604079,0.18147795901556185,0.03379214952898711,0.16522026167755632
Paradise Retreats,1,190,0.07533530901235182,0.08140582033390126,0.053255673658292646,0.366426931089403,0.2580122932522116,0.059063130376958484,0.10650084167780155
Paradise Retreats Property Management,1,13,0.048012774903327164,0.2515523032186767,0.038476153791774596,0.23785206853510593,0.2989934307451431,0.05912822341689693,0.06598502593652268
Paradise Springs Winery,1,66,0.02395791235065901,0.04073368695434037,0.013383122902296464,0.6362482188013735,0.13222419845899847,0.04404902437200878,0.10940384567771667
Paradise Store & Grill,1,26,0.03898667940834103,0.0926744947209954,0.0030645759868023156,0.4866956826344204,0.24497439004839036,0.01374811723004448,0.11985605929378201
Paradise Trading Post,1,7,0.042162845809278704,0.05061755928077865,0.0030244281182863425,0.573753343595724,0.15013692315135677,0.03327895335054819,0.14702592430902375
Paragon Academy,1,19,0.013935060558938612,0.01695539821919638,0.0031891661392843,0.6178682077872125,0.2889265385701468,0.0071978900201716415,0.051927725269802265
Paragon Jiu Jitsu and Kickboxing,1,79,0.018996857765390004,0.03889661316709776,0.10814227101936802,0.4535893835923104,0.25928505226421533,0.011956549118437952,0.10913327381182811
Parameters Custom Framing,1,5,0.0069284476339816605,0.007146647595800399,0.00217627522069958,0.3952037487179041,0.39313710629940035,0.00443061580881472,0.1909771412611007
Paratus Training,1,19,0.03709140363590493,0.02144621923492334,0.005830768331897537,0.5128165490459651,0.3251407265074943,0.044358916684838066,0.053315409753275485
Paris Street Boutique,1,10,0.06855716014397327,0.02141400576801967,0.02242875429510599,0.4215454207267612,0.27072945008985694,0.00599345730151975,0.1893317549023777
Park Place Deli,1,9,0.020432402923082255,0.07700877399959909,0.003416212883570911,0.47859820418266785,0.34895154378480375,0.03613059114043906,0.035462257788620014
Parkside Inn,1,42,0.020695541444833203,0.097841187517458,0.03920553468578002,0.30668356317134265,0.26857263798869785,0.1140924539927038,0.15290909360850313
Parma Park,1,5,0.056940359808504516,0.24717991682700807,0.013992609083652418,0.06993344123475248,0.526645626919344,0.02396779754199082,0.06134032011032098
Party Central Photo Booth,1,16,0.033910131111042525,0.054222732520429355,0.013950250613561317,0.6681919894181192,0.12938182434299958,0.011717568078893174,0.08862549054902041
Party Proper Productions,1,7,0.0138540173149002,0.0040192771952465714,0.004030774372430214,0.605547304132155,0.2000967261514493,0.004133953978972757,0.16831795219331977
Party Time Supplies & Dollar Store,1,11,0.04200015086892311,0.046796199262396136,0.002961598109157536,0.37360997385853395,0.21920814839276395,0.09025886383923613,0.2251650724475356
Pascucci,2,1271,0.026642717023035292,0.1976998306771104,0.015401356149190748,0.3614346444966216,0.2196332924258488,0.07248278501455284,0.10670537421694878
Paseo Nuevo Shopping Center,1,129,0.029762202262871153,0.04981923112108786,0.020714231821809415,0.5007583799396548,0.23950486496098106,0.05093461512894792,0.10850647858040793
PassPort Health,1,8,0.44708978838752955,0.17758064169902354,0.054927077260799664,0.014623058239521876,0.26413652382325375,0.03219216596335168,0.009450734243728161
Pasta House,1,13,0.061211425721502025,0.2138180433808324,0.007859967237051823,0.16165562629556424,0.21770758325090772,0.208386641425582,0.1293607133154112
Pastavino,1,52,0.03250546783405853,0.20721790753752706,0.004543323923896308,0.3282508560587303,0.2338250720998845,0.04843354057251972,0.145223835541401
Pat Fish's LuckyFish,1,33,0.06160546291379649,0.14654326414386035,0.04771933542779699,0.27598294388250605,0.30213899689613644,0.023739900164814105,0.14227008719215956
Pat Moyer Wedding Photography and Films,1,7,0.005629103697304186,0.006513128190168242,0.003011743388404757,0.7400347207273755,0.18900609668344256,0.0051359538587608,0.050669278683406926
Patco Jewelers,1,62,0.03326886050560837,0.042188638533022384,0.024101665220504977,0.3486091976500897,0.3625150506024159,0.03708793698329353,0.15222865239446678
Pathway Dental Group - Santa Barbara,1,65,0.07555915502598505,0.10245541181021295,0.06182446856893452,0.26623806360965735,0.2496656513271423,0.11529647079117306,0.12896078121669302
Pathways to Natural Health,1,11,0.07650275806769385,0.1879306468710472,0.10068646074399687,0.2981405894705941,0.2075898574495857,0.09522868995554741,0.03392099202822211
Patios Del Sol Apartments,1,5,0.15404896661639209,0.03126003211364146,0.00753077999688682,0.21085145818069573,0.5066387835890055,0.03378282738849518,0.05588719025254246
Patricia Noel Studios,1,6,0.0044565257461120335,0.004252705005152734,0.039903440289587366,0.7857524553934733,0.1392720354100068,0.004936689355721017,0.021426159267624183
"Patricia Pilot, LAC",1,6,0.048237456746088904,0.005205607352157367,0.013132660067640202,0.4351485441438854,0.20685746272404984,0.012680750223807949,0.27873752483477193
Patricia Stewart DO,1,6,0.0725139258623433,0.13272392174500658,0.09903288691809087,0.21792669163551182,0.23093477271807686,0.11943032460597651,0.1274375274466971
Patricia's Hair Fashion,1,6,0.007965990846666134,0.007883074344135767,0.0011370955617166665,0.5195098146796227,0.41994726316382486,0.007366791600361417,0.03618993742081022
Patrick Butler Entertainment,1,41,0.011416115105242949,0.011507415241084762,0.02559812280360785,0.5881770885117897,0.2198964395083305,0.011648847011667516,0.1317559650122392
Pattaya Thai Restaurant,1,241,0.03494402435241085,0.17277749171103754,0.010406122190411121,0.3883582707856786,0.2537788402915186,0.048743595724685757,0.09099166204885255
Patterson Place Apartments,1,21,0.0401316041714467,0.07264393521749987,0.006701952154149391,0.47956807561734294,0.1963066819478713,0.08153434590037376,0.12311340815254616
Patterson Self-Storage,1,13,0.06533056508319877,0.09249873229195002,0.023140577912832066,0.20174067779085952,0.3789394781566583,0.02164710431288063,0.21670286744259867
Patxi's Pizza,1,747,0.0229612400672221,0.06845091974371766,0.010505345614913396,0.4441229180300233,0.26744182384869025,0.0522163705181871,0.1343013810995471
Paul A Brombal Coins & Jewelry,1,21,0.12672467231528742,0.20305750589163615,0.049332564045298094,0.16624142743447526,0.34639675865348957,0.05640394013885049,0.051843130872363086
Paul A Brombal Coins and Jewerly,1,9,0.278867079785818,0.2174855931953061,0.14438428588457303,0.13834975934070012,0.1851698801490581,0.011253169116874498,0.024490229268040866
Paul Cashman - State Farm Insurance Agent,1,21,0.029262389133994725,0.06143788513283995,0.048412037687653266,0.37484738787835725,0.29358442699802767,0.030424138908052685,0.16203174887535468
"Paul Crawford, DDS",1,14,0.006259019037575543,0.007913466684320627,0.06782678362963317,0.5379717941063322,0.24862615338393618,0.019412562583706168,0.11199021267904229
Paul Mitchell The School Santa Barbara,1,81,0.04179997910762684,0.07590262254521844,0.03902094392896407,0.38141663683676097,0.27416717065613205,0.05041098111470075,0.1372816722500885
"Paul Zemella, DC - Zemella Chiropractic",1,8,0.0065433924828539256,0.0542569930548779,0.195532782774535,0.30161324355867686,0.2713459946680814,0.0487244577670935,0.1219831138150766
Pawsitive Pet Sitting SB,1,5,0.00883362852036948,0.0076670377049594795,0.3523159734322689,0.4591944649815559,0.15289876312017436,0.00697680064477022,0.012113352864980659
Payless Water Heaters,1,9,0.022386694947878455,0.009624361862531912,0.0043526811706315555,0.2985751385179658,0.3519883677363395,0.1195106146494961,0.19356210840245083
Peabody's,1,25,0.02201947289519007,0.17984630668535825,0.032832747213542415,0.3258640905597713,0.2769701571017503,0.048182912077754686,0.1142843058891594
Peaches Skin Care,1,89,0.04664681290061826,0.0622616376305323,0.06109781780432554,0.4594562353260208,0.22287486158468328,0.03518293848721661,0.11247968535184898
Peachy Clean Services,1,5,0.012641449412330918,0.00693265483714636,0.00347725150641048,0.4448311984539032,0.4877347618341446,0.00632924032397562,0.038053433969616864
Peanuts Maternity & Kids,1,27,0.04508416399066504,0.05675883742514993,0.004681399380960619,0.5620584823277399,0.15824320962376615,0.08594886321332991,0.08722503566942
Pearl Bay,1,11,0.013430254724384656,0.011763103301001844,0.002824634059586264,0.4261982237750834,0.5096422538415275,0.005228956124152591,0.030912585344842848
Pearl Social Santa Barbara,1,38,0.016396684705365504,0.05340124402305499,0.002642820538695563,0.6232186958843254,0.17082836355793432,0.0418061886494366,0.09170600142035826
Pedego Electric Bikes Santa Barbara,1,41,0.00812457667709119,0.0049525251840638294,0.0031753214340224972,0.7126338253842621,0.13187198155764032,0.03456654645809218,0.10467520790038308
Pedego Tours and EBike Rentals,1,5,0.00547934275818984,0.00313168626744294,0.0047855764278210405,0.7160751819610596,0.10726496456190941,0.0052650102297775005,0.15799822737462813
Pedro's Smog Check,1,24,0.03618368051441693,0.0418548624341686,0.04363401979450519,0.25165365417099866,0.48584739935661975,0.04453392341383728,0.09629246317005402
Peebee & Jays,1,149,0.014029627738148552,0.050585159425617414,0.012913917730235754,0.4814476388514014,0.26658556446583076,0.0450572053950292,0.12938088859625205
Peet's Coffee,2,115,0.03121865230369499,0.10456742772164386,0.01819162515660176,0.3151518960764287,0.3503962821732073,0.0891105825334544,0.09136352846500176
Peggy's Used Treasures,1,11,0.10141024890948419,0.08118493920615448,0.0990065881500909,0.2691262260513295,0.25483117519285187,0.0689617202786559,0.12547908511690115
Pelvic Health Center of Santa Barbara,1,15,0.009654753787132552,0.014157950916948365,0.07326377820378785,0.35152594952378424,0.4396628562671443,0.02349235285073514,0.0882423607166856
Pendulum Faire Clock Shop,1,38,0.08108937175711613,0.08510481763330872,0.01538993221765845,0.23015932826781763,0.3896238861213389,0.042488045359373436,0.1561446152995095
Penelope's Sno Balls at the Beach,1,7,0.0056011332198976855,0.013278596502329572,0.0013172486547513285,0.6035607531666756,0.35760379901954104,0.004715639100010871,0.013922841088580187
Pennies Liquidation,1,5,0.00500699919648464,0.00331999508198346,0.0007281166967004001,0.7004706040024757,0.22503591105341908,0.0041480679064988596,0.06129027791321272
Pennywise Market,1,12,0.006636234902543899,0.007105741703223075,0.0013656286973854918,0.3483980659705897,0.47536589434215176,0.005346067094554458,0.15578234839874006
Pepe's Mexican Restaurant,1,211,0.03195643462671041,0.1362307635290433,0.013264049042647398,0.4106861035124635,0.29600011672928345,0.0380018850185983,0.0738606443887982
Peppard Jeff DDS,1,25,0.0952712791319936,0.27968394806608554,0.0647977469069883,0.14975149842910465,0.3083933450654149,0.019027980780228933,0.08307419962715352
Percy Sales Events,1,17,0.015427748467225307,0.007959231850691082,0.0227216284598826,0.5189778042738052,0.2729447810527156,0.007746055215487559,0.15422275656943807
Perfect 10 Nails & Spa,1,70,0.07545597405239404,0.15211807197608448,0.026477942885997263,0.30686483135047765,0.2095443471135305,0.09644075953401621,0.13309807182688796
Perfume Plus Outlet,1,7,0.15698214962945448,0.30465930740215946,0.02837831712011907,0.3653254964156076,0.08492027289633235,0.026427704009360436,0.03330673164288909
Permacolor,1,6,0.04774379827237373,0.05214732947448883,0.0021976526186335667,0.3760732866358012,0.25707768586774665,0.06790684904747948,0.19685338949784634
Perry Ford Mazda of Santa Barbara,1,150,0.08358794398450599,0.11242130469239778,0.06405504717763198,0.2684118197963107,0.27021400859540634,0.07104893913570166,0.13026092971791509
Perry Mazda,1,63,0.12172429185796763,0.0773777187130199,0.06150585193730266,0.2789036681106875,0.25961556188422175,0.08712646856881852,0.11374643957242365
Persona Pizzeria,1,647,0.025644285133478384,0.09708804126689098,0.011524964150863935,0.376046966022824,0.29478092091748204,0.05130422337306731,0.14361059991498884
Personalized Recovery,1,8,0.06715282215736802,0.029829679158865436,0.01574391366739286,0.21714180105482225,0.38649917766451836,0.0350139388465322,0.24861863441765303
Pet Angels In Santa Barbara,1,14,0.06964524585886721,0.013496153713536529,0.015034777178828158,0.5617199718419995,0.24115464862968236,0.023906729683013845,0.07504246573496073
Pet House,1,40,0.0292045871901791,0.09169134849216784,0.015153281256789294,0.42871706577134316,0.32766161900945,0.056831477687228425,0.05074062178609887
PetSmart,2,65,0.15010636967893398,0.17777025315803116,0.048520158709904414,0.24700337212326787,0.18641080177890565,0.07055681581035825,0.11963222789434855
Petcentric,1,12,0.018122190997625343,0.011860746133606825,0.07042663091851858,0.3302555608873566,0.429531686163197,0.012508964660810258,0.12729423004202542
Petco,2,107,0.099798105250191,0.18741253088582,0.06777732478994349,0.1894534370363102,0.24673860198622305,0.09096328341554427,0.11785671576883676
Pete Clements Catering,1,6,0.014841710682958318,0.006299151321096917,0.17400905853719448,0.37398823583498597,0.15750258105496562,0.004041679397535767,0.26931760848189396
Pete's Preferred Wine Tours,1,88,0.05845261750668706,0.021183251954921982,0.02472426042202802,0.4630468823644068,0.2838697942524132,0.03358096572231834,0.115142226785379
"Peter Ford, MD",1,9,0.3422436505142185,0.44636549055576324,0.09447760163392455,0.005086268841599389,0.05456758890714905,0.01939515676349397,0.03786421603419709
"Peter J Levy, DC",1,7,0.10955530115669322,0.134711389030729,0.03936460248327677,0.06184141238086987,0.5260061568447522,0.026290766229586888,0.10223035507702398
Peterson's Tree Care,1,14,0.04839484057655286,0.09468761139682356,0.03764898422689706,0.25268181409254403,0.4972852863637464,0.01298421015962955,0.05631725882579169
Petes Moving,1,8,0.015620042860973576,0.00630237237783145,0.09243496970157133,0.5713357450440526,0.26953758473973716,0.005720105255022588,0.039049155835527885
Petit Bibi,1,46,0.013629027007086878,0.010943028248299845,0.02800387542305064,0.5584195650172541,0.2545714553283608,0.0413943822723408,0.09303866911922457
Petit Valentien,1,355,0.03038678303292069,0.07275234422102095,0.015614058674455727,0.4794266981287518,0.2341170610099191,0.043284696755884824,0.12441835896977757
Petrini's Italian Restaurant - Santa Barbara,1,239,0.015225932769239617,0.1431092568860724,0.009529332031211354,0.4274480123882412,0.26259364047239697,0.047419399128755244,0.0946744282926709
Petrini's Restaurant,1,76,0.022345540727991074,0.2689564397802123,0.016497194509276163,0.23595132049606607,0.27629972473828507,0.07979661177561959,0.10015317227378924
Petros Restaurant,1,195,0.025791665963016595,0.09381124905358328,0.01308994037532004,0.49693825323737634,0.20029573009277762,0.034444709208149134,0.13562844622945888
Phamous Cafe,1,231,0.027115811895452056,0.10506572627507295,0.007629338636020657,0.4413607973921379,0.28648555819731353,0.04904501271399853,0.08329775096350688
Pho Bistro,1,191,0.029206352602783058,0.28332192993952027,0.022607657823288586,0.23321404304400786,0.2618709872147624,0.08754668300435021,0.08223234323683527
Phoevermore,1,112,0.01154068334757794,0.10373279848655714,0.004928434579986534,0.44118006836314244,0.2346111593651585,0.05899665370504533,0.14501020871414633
Phone & Wireless: Verizon Wireless Premium Retailer,1,21,0.14573580886991247,0.04225332776938251,0.01768222291831898,0.2196848333003886,0.33594184027363855,0.10343809934732101,0.13526386906215473
Photography By Isaac,1,7,0.008306239224371572,0.006862466406476199,0.0057812601028542,0.710693895816803,0.17954077638153512,0.0048974040962223,0.08391794056764668
Photos by Dania,1,6,0.006169701441346317,0.0328987934820664,0.002530227788762767,0.47668236137057346,0.27297136288446683,0.005520978185813851,0.20322656328789887
"Phreaner John H, DDS",1,5,0.01338357185013588,0.012828815076500119,0.00417620639782396,0.6116028904914856,0.2828671291470527,0.0249539316631853,0.050187460426241094
Phresh Teas,1,106,0.026623259524744446,0.06941841505846785,0.004330367674965373,0.45752963316621353,0.2519188327956417,0.06667944727210709,0.12350004578376063
Phresh Teas  - IV location,1,10,0.032878466532565584,0.07273252265295008,0.00752062973915595,0.39943998008966447,0.21269071642309423,0.19173941491171714,0.08299824669957154
Physical Focus,1,5,0.007086423737928201,0.00670873932540412,0.16658731347415592,0.6289792828261852,0.16468120589852328,0.00533587415702634,0.02062114458531138
Piano Gastrolounge,1,24,0.040464091599763635,0.17710732995328723,0.003926997347055725,0.4249617410605424,0.23704784635143972,0.031002252003721226,0.08548972465602367
Piano Riviera Lounge,1,16,0.011824234883533732,0.12166206924302965,0.050144561009801664,0.4473451141584519,0.08592677398701194,0.09592011026688847,0.1871771400037687
Piatti Ristorante & Bar,1,29,0.01044941078349622,0.15682386356839456,0.040473527414523466,0.41690665609524424,0.26783624012023205,0.030896591721102547,0.07661372256979085
Pick Up Stix,1,8,0.011230574018554713,0.1586771099828183,0.0024912965600378373,0.3480912621016614,0.3643405626062303,0.029915803926996838,0.0852533939760178
Pickles & Swiss,2,2052,0.01851131207080799,0.04814807344188595,0.009517297921452308,0.5510946583123731,0.23246738916130455,0.0319728340889934,0.1082884350989967
Picotte Windchimes,1,5,0.0064842425985261205,0.007643010141327939,0.0031026651966385,0.4441083500161767,0.25077433735132215,0.1830594792962074,0.10482789278030395
Pieology Pizzeria,1,138,0.044493972806367924,0.1306394866471131,0.01278420837437459,0.3120197325045845,0.3349746536342022,0.0595918212927864,0.1054961248157559
Pier 1,1,6,0.023588516012144536,0.26713158735462145,0.06762161850929256,0.31214989661627135,0.05829233552018797,0.036484958992029186,0.23473110368164876
Pierre La Fond Market,1,75,0.040582269344789236,0.17667958307700848,0.010481871514736315,0.36575437536307914,0.28815602784045036,0.04654083468019957,0.07180503541060408
Pierre Lafond Wine Bistro,1,189,0.015746861945396665,0.11115329561874553,0.005629673866596931,0.5026991992755226,0.23690038083475967,0.02995999457459971,0.09791059220359391
Pike’s Surf & Sk8 School,1,44,0.01744628322194326,0.010928149085057933,0.023124772032712196,0.5238519912077622,0.34703293027864257,0.007696846169313709,0.06991901900619263
Pinkberry,1,95,0.039590152433926294,0.14950724257168505,0.005853438592748673,0.27596610023787144,0.3297878865152597,0.04686637528265185,0.15242881383991944
Pinnel Photography,1,27,0.023293325858604524,0.018950627375118108,0.03387276478719686,0.6839027740233751,0.12448616460379622,0.007633536609958944,0.10786080350064566
Pioneer Floors,1,13,0.017545324427863676,0.0189754865938224,0.0031974768566074537,0.39475171310970414,0.36362487278305566,0.08497188777591168,0.11693323833438062
Pipeline Transportation,1,23,0.0107137584937331,0.007619586752970526,0.02078310344444137,0.5339453459069456,0.26135890064356115,0.03565206361995276,0.12992722998656653
Piranha Restaurant & Sushi Bar,1,7,0.018219176646588068,0.20716416403385143,0.006141711217683829,0.23948009220683678,0.32762918787609246,0.03842280978070832,0.16294282348826525
Pita Pit,1,36,0.023641226635340337,0.09072676733679445,0.01826053840017666,0.3323426755830749,0.3554785686752034,0.09471763947901,0.08483258497694296
Pixel Images Photo Booth,1,11,0.017448011859828045,0.008339347592978262,0.08215740387359716,0.6485020403157581,0.17510735793885857,0.0036728652723302456,0.06477297977967691
Pizza Guru,1,302,0.03787458392086786,0.11196233505450202,0.01556174758529141,0.3864425747792756,0.24856640371518662,0.07043988431961154,0.12915247800260382
Pizza Hut,1,49,0.0943131978927674,0.26306389030235416,0.0420075534760942,0.09055100780571998,0.19516252062036368,0.1707285203856929,0.14417329691089115
Pizza Mizza,1,179,0.052966597155725034,0.14036872209434773,0.01308505324544068,0.3830883192648336,0.23976232375111947,0.04744026438474869,0.12328872578082
Pizza My Heart,1,152,0.04190534189393996,0.06903090196627948,0.0032995194324987203,0.4664328833076931,0.28456741167802213,0.029624511894469692,0.1051394255107305
Pizza Online Company,1,107,0.028301499966231655,0.04246451659672062,0.017900613233964913,0.4516267836519308,0.2647980175995067,0.02174164636047535,0.17316692243721854
Pizza by the Slice,1,5,0.00916227959096428,0.2228348009288311,0.00521711613982912,0.08944053244194941,0.2806531440466642,0.17402537162415682,0.21866682409308846
PizzaMan Dan's,1,130,0.03538701210502315,0.09876147956999301,0.00522248340690002,0.42787950440229344,0.26098682623750596,0.058515777356492736,0.1132469234253781
PizzaRev,1,148,0.03776912576506362,0.10072162871271041,0.010687550508009687,0.40384371392586194,0.2665116639266646,0.04165710010990571,0.13880921957929412
PlanMember Services,1,14,0.246343804855964,0.20205730372773748,0.08209697690991946,0.0676031449984293,0.2008312687809978,0.07866538216226864,0.12240211871851762
Planet Beauty,1,14,0.06107384926040786,0.15504966667088277,0.09058681179677865,0.2944398061788109,0.12731325480022598,0.10604292679844153,0.165493701385068
Planet Solar,1,15,0.01583287697285408,0.007305328664369826,0.01340589118190104,0.36456835529146087,0.45129290167242286,0.054411589493974996,0.09318306048711136
Planned Parenthood - Santa Barbara Health Center,1,39,0.15682219014538878,0.179965956047034,0.07167329637106885,0.13798071097624365,0.23981407116382164,0.07155780474213544,0.14218598629873336
Platinum Cleaners,1,22,0.20463757134381338,0.27911637755195523,0.03633701634614469,0.05959721835891034,0.2851361797021871,0.02568968498698346,0.10948595038974993
Platinum Movers,1,70,0.02950715744768131,0.010263482005601433,0.06363343922961831,0.3474899543100037,0.36661182696531924,0.010573088131578855,0.17192104691639537
Platinum Pool Service,1,12,0.025146939675323624,0.060974329312254334,0.08402611612594528,0.2587317774111094,0.53348937855723,0.008702467506130492,0.0289289959473535
Play It Again Sports,1,30,0.0641823610872961,0.17525378984476747,0.022989393883229493,0.29220899378803245,0.21081508440741645,0.02628539356713488,0.20826500691861533
Playa Life IV,1,27,0.1539825431062598,0.26694573613780515,0.10388695695049437,0.1558526112003838,0.2229012261420764,0.03549524985633234,0.06093568200918117
Plaza Deli,1,194,0.02742572565600223,0.08235976214643045,0.016899847332958188,0.43416909143001925,0.29389541192321084,0.037106605611511065,0.10814356014460139
Plaza Liquors,1,6,0.2991409422829747,0.12452376284636552,0.016540639587522752,0.038290924547861,0.3283360004425048,0.022351439266155116,0.17081625154241917
Plow & Angel,1,80,0.022410514949297015,0.09734927830068041,0.012780020890932012,0.4017026689674822,0.2670256201876327,0.047797878777782854,0.15093401632911987
Plow to Porch,1,10,0.08340523720253255,0.009625972947105729,0.0014820725627941599,0.5357820028439164,0.1966710402630269,0.00480009689927096,0.16823359783738848
Plum Goods,1,63,0.010225232831010221,0.032663195044733535,0.017806543202678965,0.6112726701401352,0.16990071140407095,0.041724683652217966,0.11640696717233999
Poe and Co,1,9,0.02901935181580479,0.020779517401630632,0.047513878671452354,0.7036416472660171,0.1078336636225382,0.04850917476384585,0.04270278124345667
Points of Health,1,9,0.007512924869337788,0.011940254726343644,0.06101116556156835,0.5057785316473908,0.18388207919067803,0.10842891459146303,0.12144614378404281
Points of Success,1,5,0.1816133331507444,0.09029246531426902,0.00841930336318906,0.005389265506528259,0.37946845181286337,0.08369862108957019,0.25111857559531925
Poke Theory SB,1,55,0.007433990018696226,0.03084734168739731,0.0019013191949025328,0.5802134842887012,0.21533204229887232,0.0382022683021866,0.12606956360395993
PokeCeviche,2,292,0.03890797133618891,0.1197236243989047,0.010652637868551076,0.4187475254192864,0.25323119207623423,0.05505110906582155,0.10368593372978674
PokiRito,1,54,0.02881977767511093,0.12012414471893049,0.005319569108434214,0.34941803586520515,0.31186414290116066,0.04451312544039894,0.13994119809918895
Polar Bear,1,6,0.004109517205506517,0.0028990609183285995,0.0012356367418154001,0.7320737143357595,0.19804341190805033,0.010128068931711167,0.051510611549019765
Polished Nail Spa,1,329,0.05004119697946196,0.10873260119902306,0.031234179246932853,0.4468565541361126,0.16964931539146616,0.06752071019805579,0.12596544257710515
"Polito R Jeffrey , MD",1,24,0.14551017696552052,0.18827580503178368,0.041689445388328715,0.16964347055545656,0.2307980947468119,0.05063571991437731,0.17344726833592475
Pollofino's,1,125,0.020521626142784907,0.09107009267341341,0.004965142297791271,0.43450254369806496,0.3340796095468104,0.028502869397401764,0.08635812159441407
Poolmasters,1,6,0.028665879974141665,0.03851354847817367,0.005986876960378084,0.1913874888947854,0.5717873275279999,0.10812688944861287,0.05553195594499505
PopRock PhotoBooth,1,10,0.0063517850125208,0.00349179137265306,0.00114266540040258,0.7628906615078449,0.09870462613180275,0.00278410229366267,0.12463439046405249
Porch,1,20,0.04551750509126574,0.04882109763275362,0.015690793785324723,0.5226570431957953,0.16582197446841743,0.007935912604443684,0.1935556625947356
Porsche Santa Barbara,1,19,0.029456382739896786,0.0588608809477208,0.03151169103129124,0.370946133693092,0.21270197526992932,0.14546504871625646,0.15105788372947193
Portofino Fine Doors and Windows,1,6,0.2648601982897768,0.14887249058422938,0.019136481840784317,0.04891692375531417,0.20135351332525409,0.25223851514359313,0.06462188716977828
Portola Sycamore,1,5,0.00964739462360734,0.01825374094769352,0.11286850497126574,0.09929034318774935,0.31313164159655565,0.1281609439756721,0.31864743316546085
Posh Fine Jewelers,1,46,0.11549216091288654,0.0507588247229527,0.060263322684951784,0.3037490927254902,0.23118893827979814,0.04753976875825011,0.1910078620548238
Posies & Sugar,1,14,0.007193527966072457,0.003921718103811093,0.06088685744907702,0.5795504971008215,0.14736056507432033,0.004600986214687207,0.19648585867668897
Positively Electrical,1,30,0.01818120891693974,0.013556902386092836,0.060398943921124215,0.34756617757181324,0.43433652048309646,0.012448538979515384,0.11351170521229502
Potek Winery,1,33,0.051864230359735086,0.06632746334865008,0.01091643384654268,0.5208048271403337,0.22489774440217647,0.009567701617594416,0.11562160511896236
Pottery Barn,2,34,0.13551802916780986,0.2948049190522664,0.04460651100346102,0.13595599316998708,0.2044066877433044,0.04248294423964308,0.1422249168732806
Poulin Robert MD,1,12,0.07286151120691402,0.09351726554693107,0.18405008498909103,0.26067673820458975,0.22119790738603717,0.030339961978218782,0.1373565386747941
Pour Santa Barbara,1,14,0.012241114346709586,0.007106279654960472,0.06008912573036334,0.5999756678938866,0.1771847446715193,0.003389996285217643,0.14001306785004475
Powell Garage,1,12,0.10533914099990693,0.015364217862952459,0.08082202325749673,0.332735092844814,0.35891904433568317,0.010093179211253259,0.09672730206511909
Powell Peralta Skate Shop,1,25,0.00998340364079918,0.008043267705943396,0.0019283771445042922,0.5426914376020432,0.3240136611461639,0.012223079893737984,0.10111677013337607
Power of Your Om,1,78,0.04064209759459252,0.050969254716899406,0.03799737773452081,0.5441443004066315,0.15814621128643358,0.020294785515244003,0.14780597364864284
Precious Slut 3,1,82,0.06300483859802887,0.15259176405486022,0.042981150836567346,0.36811444268983545,0.22026060547725088,0.0563842436772907,0.09666295123368883
Precision Auto Body,1,122,0.04714271939764192,0.02847690889411449,0.043749453103433124,0.293585743162529,0.28678869296888226,0.03576031582693366,0.2644961685234237
Precision Auto Service,1,28,0.05995996099331279,0.034253610017393396,0.03971836703775413,0.24146265481249427,0.3877138195758952,0.030088372370560744,0.20680322132206386
Precision Motorcycle Service,1,32,0.01960340359437392,0.01027838865047665,0.051443936715713734,0.32806288851315907,0.4553260073553247,0.03289746533118883,0.10238791519077489
Precision Tile & Design,1,6,0.01491375554663435,0.0079815097075576,0.10339751544718935,0.3266263452048103,0.4559383566180865,0.005483726660410499,0.08565880684182041
Preferred Limousine & Transportation,1,86,0.011766774433686587,0.008890876514690902,0.014606468466470556,0.5639025158205524,0.27275271226413716,0.009811303957343748,0.11826934115852897
Preferred Rental Service,1,22,0.10510514308275143,0.15889694268910465,0.12535749921384684,0.15985091527744025,0.2814614790576425,0.01908832436046473,0.15023967945440245
Presidio Market,1,77,0.032320857465315524,0.08668888499884704,0.03265586892950235,0.2847665878619043,0.32843649757469623,0.027955644147912014,0.20717565392978585
Pressed,2,146,0.03566235128777377,0.0645858103649416,0.010542046838066785,0.3979741857723614,0.31620093175107994,0.040937362517045175,0.13409731431054076
Pressed Juicery,1,16,0.015011522715212732,0.04510081579792309,0.025427994125493524,0.31896590163523797,0.3086629438330419,0.06886797766492231,0.21796284994343293
Prestige Hand Car Wash,1,103,0.09821283367001311,0.24799296006761506,0.025774407021371258,0.1326236347348578,0.3097377739512153,0.06453597324321639,0.12112241264803386
Presto Pasta,2,249,0.02143975184626319,0.1224224057984089,0.008300739805268758,0.42222909064029335,0.28653862414204595,0.039974130571578545,0.09909525262420978
Pretty Please Beauty,1,21,0.008672787569507543,0.004658731098364367,0.10653635983250011,0.6543123548229536,0.10292446604442025,0.004650493379726619,0.11824481787958313
Prevail Conditioning Performance Center,1,21,0.013200867438821862,0.008173212475542462,0.021642207866534542,0.3583318942803002,0.3104010014683895,0.023313138556356187,0.26493768994918176
Private Car Transportation,1,6,0.04596100084017959,0.0095593698206357,0.004156672352109966,0.46206280340751005,0.43305570104469854,0.0051085247347752,0.04009592059689262
Pro Garden Supply,1,22,0.04644799988124176,0.0067657229691658735,0.003050633983961691,0.5270009602060203,0.2474902697669511,0.009603860153054604,0.15964055074040182
Pro Karaoke System Rentals,1,8,0.00834592684986995,0.0102808457158971,0.0033580226372577626,0.5157225150614977,0.33877151459455485,0.010548265840043262,0.11297291400842366
Pro Motion Communications,1,10,0.08806055798195297,0.00874199965037399,0.004842306312639219,0.36968161538243294,0.37349149100482465,0.00379513917723666,0.15138689354062076
Professional Women Painters,1,10,0.014412656507920429,0.14086054154904554,0.03979020683036647,0.2437085020821541,0.3135263942182064,0.09906016908353191,0.1486415308900177
Prop and Decor Outlet: The Tent Merchant Inc.,1,6,0.15707823366392398,0.1495721776348849,0.00248749107413455,0.35543974378379056,0.1916659129783511,0.06608418974792578,0.0776722757145762
Property Value Upgrades,1,9,0.013015019603901378,0.006695903061578623,0.10888559257728042,0.37503184753263163,0.27894396893680096,0.005317368751598666,0.2121102834999975
Public Storage,2,66,0.10370407855335732,0.11626007154082989,0.04676985608636058,0.22609988539514947,0.31763583083749947,0.0632647580897548,0.12626552044336367
Pueblo Pollo,1,5,0.009917752072215019,0.19632866992615158,0.0015594274969771,0.49639588308054955,0.09596761912107465,0.0223616101313382,0.17746903169900174
Pueblo Radiology Medical Group,1,85,0.07323257629828084,0.10446243782815355,0.07318653223577279,0.27173008997582226,0.30251508878324834,0.04641621974022945,0.12845706108560342
Punch Vintage,1,44,0.020481094329046375,0.10404878264737566,0.042609082935748326,0.4248152727628952,0.19307927722746332,0.03070743509769351,0.18425904691155826
Pura Luna Apothecary & Full Spiral Salon,1,15,0.004222025532120173,0.004978301913555033,0.0034285743720829,0.6901081015666326,0.12665843640764549,0.07229460103747742,0.09830996108551816
Pure Joy Catering,1,86,0.029509579000702123,0.03723589822766366,0.018777766772261558,0.4436169637754278,0.2694235200896252,0.028920165390360967,0.17251610735209308
Pure Order Brewing,1,86,0.006528607772684846,0.04322339915047763,0.0029458490513037186,0.6757858386649046,0.20136013557744575,0.019474361346341448,0.05068179866201564
Purety Family Medical Clinic,1,23,0.0552058598765617,0.017950416236366708,0.07017514372558288,0.4383555466876082,0.24527187430826214,0.13423186046597746,0.03880929710019537
Purrmission Lingerie & Swim,1,36,0.046623081332654644,0.05271950995989347,0.021196282096045408,0.4343373078477776,0.17086894673088357,0.09796184587564004,0.1762930237713994
Q's Billiard Club & Sushi-a-go-go,1,29,0.04344778007763466,0.21214519491708225,0.005517599696759079,0.24602674081488027,0.3219129887955456,0.0545751459109757,0.11637455242653855
Quality Inn Santa Barbara,1,59,0.031216724598148823,0.2251365307483711,0.005273177505518119,0.2412801106885604,0.32149719753128997,0.03756692935318002,0.13802932004318016
Quality Maids,1,10,0.10576901999302205,0.1948032142128795,0.09718147935345765,0.1190951403230428,0.2140684311278164,0.08643711940385397,0.18264558361843225
Quality Roofing of Santa Barbara,1,11,0.1352779494429176,0.019367848332463293,0.004863149378004191,0.27213909949006676,0.3973383508961309,0.07155686502598899,0.09945672682740468
Quality Tree Care,1,6,0.011912148601065016,0.007468757607663617,0.0016355974172862333,0.5073346892992655,0.42839143704622984,0.005377940484322549,0.03787937706025934
Quality Wash & Detail,1,7,0.10938929417170577,0.025422050318281514,0.004951381656740343,0.2891391563628401,0.46027982022081104,0.010006835151995885,0.10081142626170599
Quality Windows & Doors,1,44,0.06897860201371998,0.08362016280774362,0.01891001261670179,0.28494979710111773,0.3286610068330033,0.06907387478382915,0.14580655349841845
Queen of Clean Service,1,53,0.0675571295432746,0.11639155509205146,0.013207247166099192,0.2335207246783198,0.41549914293342605,0.026224440319533852,0.1275997607186788
Quest Diagnostics,1,13,0.150606850000958,0.06534841542060554,0.11378547374624756,0.17072906010658834,0.2742715305290543,0.11457889260222702,0.11067978031216902
Qui Si Bella Spa,1,127,0.08353905408646849,0.1121493171901427,0.02832766124010668,0.3535823985296264,0.2001731438217611,0.07626423334673513,0.14596418732608568
"Quijano Ralph, MD",1,8,0.11495041793386915,0.08664723202673483,0.00331575766904275,0.44971118989633396,0.2104491053614765,0.010986957087879938,0.12393936491571363
QwikResponse Restoration & Construction,1,22,0.13796434346163136,0.10202811858405102,0.13990394606530154,0.045753737882478114,0.39111620450223034,0.06368695561435408,0.11954669739035038
R J Carroll and Sons Plumbing,1,12,0.21571239514742044,0.1234012859834668,0.2075682037005511,0.05287793443615855,0.2605328081408515,0.05624545396616056,0.08366189668110259
R&R Furniture and Mattress,1,24,0.0473659702596099,0.11348637210903685,0.07731229690883382,0.24734348986627686,0.33093354375644896,0.014387161863851307,0.16917116408391542
R&R Motorworks,1,50,0.019564214588608533,0.008322407223749863,0.06131676290708123,0.3810809170641005,0.39237392738461496,0.014141825218684923,0.12319993155077097
RBE Law,1,7,0.0366742270333426,0.010324751825204872,0.11495868154867948,0.18053990735539366,0.40283405195389477,0.009587710523711743,0.24508065863379408
REBAR COFFEE + KTCHN,1,162,0.02499092465200468,0.10273648837306762,0.014081983843762209,0.4629132964940782,0.2517042511119794,0.030785683628004913,0.11278736669236766
REI,1,66,0.08733935935676772,0.13184718270327495,0.03941681906827862,0.2711720433585331,0.3039156675663297,0.05430743352079647,0.11200150513887458
RG Painting and Fine Finishes,1,27,0.044916198071506236,0.04370358773007019,0.017127973776681436,0.27257138846605944,0.5020491597415121,0.02230586806156978,0.09732582327840776
RH Santa Barbara,1,23,0.07119754534822116,0.11064764266610952,0.052841082562024286,0.20226244981471525,0.2237088971406869,0.154369925563831,0.18497245282987534
RMS Flooring,1,13,0.08811199939093331,0.07683232135605064,0.002137213517786308,0.39250424683380586,0.3179950908972667,0.024726014978323958,0.09769312557406146
RSVP Weddings & Events,1,7,0.014815370884856958,0.0048270817579967,0.0023141579835542145,0.6273937076330185,0.19234240267957953,0.016039443069270628,0.14226784184575078
"Rachel B Aarons, LCSW",1,8,0.07688319540466178,0.13774922964512368,0.14660086308140305,0.16374490054295163,0.2719505831191782,0.030853482006932574,0.17221771381446158
Radio Prophets,1,5,0.012899697758257339,0.00484896609559648,0.00272330013103778,0.5621576309204102,0.33442416042089457,0.00559706855565304,0.0773491527885198
RadioShack,2,13,0.05694792575489438,0.2287460505747451,0.006950328198189877,0.2656567560804363,0.3032983471281253,0.07542342531423152,0.06297716647028347
Radius Commercial Real Estate,1,5,0.09682643292471763,0.09045741697773332,0.00593222815077748,0.4587306846864522,0.30797850638628,0.00858815740793938,0.03148661702871316
Rae & Moore Event Planning and Design,1,7,0.01202371084530433,0.009093982034495856,0.02368341808739513,0.37941548441137585,0.49372136273554396,0.0047188077255018715,0.07734322148774349
Raft California,1,26,0.005394520126104031,0.0038858114992482732,0.011733635022000434,0.6972184324493775,0.19065700922734458,0.026141507394361045,0.06496908817476088
Rainbow Custom Painting of Santa Barbara,1,8,0.017106229293858587,0.011585744054173062,0.00156761339894725,0.4611367443576455,0.27648604661226267,0.026043936188216273,0.20607366715557868
Rainbow Ice Cream & Yogurt Parlor,1,27,0.04280858370906633,0.1463276506854324,0.006337242783047215,0.29749538615686577,0.24263738506232144,0.13369045326382745,0.130703269995542
Rainbow Nails,1,50,0.0331431824760511,0.09898276705760506,0.025694672901881817,0.4465561504941434,0.243325704568997,0.03713589980034153,0.1151616172958165
Rainbow School,1,5,0.06942313667386768,0.01728778488468372,0.006414900784147861,0.5826431496068836,0.1535569332540035,0.10272237416356796,0.06795169757679101
Ralphs Fresh Fare,1,118,0.12435570629747675,0.2744769861090975,0.04019287823215004,0.06254951212031297,0.26331510142446884,0.061432384550413555,0.17367743394609886
Ralphs Grocery,1,49,0.07715232404927738,0.13117797827414632,0.02866601788353322,0.23058541944578326,0.25970424190923874,0.054923643576627434,0.2177903685025034
Ralphs Grocery Company Store 644,1,10,0.16139435502700503,0.3077202776446938,0.037666286365129024,0.08969897911592849,0.3569065166637301,0.02462102437857535,0.02199255504528988
Ralphs Pharmacy,1,13,0.10220586125237434,0.374234903532152,0.00901202279895253,0.11774146599614486,0.23770039328015763,0.029348451823282662,0.12975687804058766
Ramada by Wyndham Santa Barbara,1,223,0.028614063177157496,0.18405868520233526,0.018957236515213954,0.2850201836354652,0.2950401745147736,0.0780201341253141,0.11028952710330482
Ramirez A C Floor Coverings,1,8,0.04958295874530445,0.29289709500153543,0.060651117863017086,0.09123820529930522,0.40081244148314,0.0462921917205676,0.058526026434265035
Rancho Dos Pueblos,1,5,0.0054606990423053,0.00887169791385526,0.033314103027805644,0.4067240652628243,0.2163657762110233,0.20353214116767043,0.12573150880634784
Rancho La Patera & Stow House,1,8,0.005228346301009838,0.025010203666170076,0.008915045073081225,0.6249768926063552,0.2044780785217881,0.10556352154526391,0.025827906094491437
Rancho Oso RV & Camping Resort,1,92,0.02496029647780861,0.12589869934574535,0.03610388964032446,0.28698645812160656,0.3805144809226951,0.05444279309670922,0.09109338544278767
Rancho Palomino Santa Barbata,1,19,0.10966586128587977,0.09545032534821836,0.06681471275423012,0.41835845971945673,0.17287965109081643,0.04448931783094604,0.09234168374371761
Rancho San Marcos Golf Course,1,33,0.01464903821011605,0.021584006269801018,0.004345589787893257,0.45102183102757076,0.27747995253991,0.09679440686577984,0.1341251779107772
Randall House of Rare Books,1,5,0.0068100850330665205,0.007360219722613639,0.00254908306524152,0.495351043343544,0.4207605473697186,0.00389723749831314,0.06327178105711934
Random,1,22,0.03082411206031044,0.048754486747467005,0.05142756487740283,0.1828444330339235,0.4252738104709847,0.041619527873329086,0.21925606498156078
"Rani Hoover, Inspired Weddings & Events",1,8,0.026322813180740874,0.007819699989340687,0.052298659742518745,0.39880977943539614,0.36352094775065774,0.00545634416630485,0.14577175083104518
Rapid Recovery Hydration Solutions,1,37,0.011234106293036186,0.013495541758193405,0.03291167159536472,0.5146448565647006,0.17252402417865148,0.0863790633251286,0.16881074318410574
Rascal's Vegan Food,1,25,0.004419880672357932,0.03181494216900313,0.00198937205481338,0.6241858471930027,0.19047283519059416,0.0134320300025865,0.1336850851401686
Rashti Women's Care,1,43,0.06844748284797678,0.06951944109019927,0.10355799700008961,0.42905436378029216,0.24350391827567022,0.01989834962499345,0.066018451286783
Rasta Taco Catering,1,9,0.07361233255101572,0.12479353919883979,0.0093894436528595,0.5138580301039232,0.19647394834707177,0.011813642211361844,0.07005907771074106
Rattlesnake Canyon,1,19,0.010330434257507664,0.041798485384788316,0.05710153242168749,0.24237929108111478,0.5702758725536498,0.031973628082165535,0.04614074616447871
Raymond Arias Construction,1,6,0.06381172935167943,0.045916601278198216,0.020920328213833234,0.3280996573157608,0.29364534964164096,0.021963477755586252,0.22564288663367427
Raymond J Johansen DMD,1,6,0.00785598780688205,0.01604498336867735,0.007880417455453384,0.4472469182995458,0.30294598297526437,0.13569163965682185,0.08233409239134434
Rayne Water Conditioning,1,27,0.07237601341007066,0.09882350333457532,0.011231786021704004,0.45769501569965443,0.22036767612142416,0.03442932709758338,0.10507667588966857
Read N' Post,1,7,0.0843996797422213,0.061714928181442794,0.0018743455543049285,0.4389214512193575,0.30356210603245665,0.009460411832800872,0.10006708315839721
RealChange With Rebekka Putnam,1,7,0.009792523890999771,0.02344612693247779,0.2688811703368888,0.36147506839396165,0.13994675754968605,0.11441378767735189,0.08204453857615586
Reality Carpinteria,1,10,0.04391215974465009,0.09780040618497873,0.00561979152844281,0.4662625991040841,0.27783672902733086,0.01221877885982391,0.09634953341446813
Rebecca Farmer Photography,1,5,0.00841154726222152,0.00619894717819984,0.07442196320043871,0.5652350783348083,0.25654954239726063,0.050415670499205534,0.038767291978001536
"Rebecca Golgert, MD",1,11,0.0070112082546322455,0.014694322694346928,0.0884454155563038,0.5183418295981193,0.2691929236223751,0.03950938815250988,0.0628049111374738
Recipes Bakery & Gifts: An Australian Coffee House,1,130,0.013561672327789213,0.03338629947796173,0.00927779288120706,0.5331064709301035,0.2571535159941189,0.02104390920139844,0.13247033477707115
Red Hair & Make Up Studio,1,13,0.03148839577960848,0.1420352188646435,0.02155758116546512,0.428040540472676,0.2294393509196547,0.0548153493302659,0.09262356240875441
Red Kettle Coffee,1,123,0.010887719589054566,0.020234559166455227,0.0077448036610167255,0.6436525850984594,0.22196124526634203,0.027374835556176084,0.06814424579251341
Red Pepper Chinese Food Express,1,6,0.007046217525688282,0.33013375910619897,0.0023543053733494834,0.11397584148411012,0.5118873352184892,0.011874198370302685,0.022728344095715586
Red Pepper Restaurant,1,347,0.01388944637584589,0.11045498281777014,0.01053826831157384,0.40755259227081436,0.2940946488861955,0.0627977414471325,0.1006723187477341
Red Rock Trail,1,7,0.007772107209478058,0.039589101315608985,0.09090951906650188,0.27262121399066275,0.5310887460197721,0.029249935211347642,0.028769384670470386
Red Sand Market and Deli,1,11,0.011808143103156527,0.04134129037530241,0.011305608191336882,0.39948853537101636,0.2812946360896934,0.09039372262883591,0.1643680530092255
Red Wing Shoe Store,1,22,0.04097517204619093,0.0896622627518478,0.04148708047895602,0.26254524978999555,0.4221356340091337,0.026171968223273036,0.1170226306527514
Reds Bin 211,1,107,0.029325947095857556,0.08711829820128858,0.010754477497349037,0.5377739488555741,0.19743880688073545,0.057748700613939274,0.07983982501438353
Reed Floors & Interiors,1,14,0.012217401410452964,0.0785362298068191,0.0037595585703716285,0.4749539357830404,0.2804926083689289,0.014063364601627474,0.13597688557846202
Reflections Window Cleaners,1,5,0.013041683193296141,0.011488315509632158,0.00165512070525434,0.3233643054962158,0.4866590857505798,0.0065516870468854595,0.15723980311304328
Regal Cleaners & Laundry,1,13,0.2097027479814222,0.27502914779604626,0.008106542657165223,0.06913601909764107,0.1372052718383761,0.15198814847434938,0.14883212492657966
Regenerate Health Medical Center,1,36,0.06259929681740076,0.05539795694575227,0.028953521848355455,0.4649526915099058,0.25389236224711764,0.052263767367953184,0.08194038983977707
Regrout,1,5,0.24351209625601763,0.25773667395114896,0.00828577307984228,0.008857773814815981,0.312048621661961,0.1253945778124034,0.04416448031552132
Reid's Appliances,1,33,0.043118094475093176,0.0609182173396799,0.03576396249770888,0.20989003200277995,0.3326625522705867,0.1518428651333758,0.16580428717883697
Reiki By Rachel- Be the Lotus,1,15,0.04079358358091361,0.01933524251605069,0.13973774109811826,0.4486377448774874,0.2339848353837927,0.08276415164582426,0.03474670021484292
Reiki with Darren,1,7,0.002781673858407857,0.005923590639473001,0.0013214914901514142,0.9214819414275033,0.06043319118076133,0.004559809674641871,0.003498327535843157
Rejuvalase Spa,1,5,0.03184616481885312,0.06405917592346662,0.0039236018958035196,0.41245150328613817,0.4341029177419841,0.01522311596199866,0.0383935116231441
Rejuvenation Spa & Nails,1,60,0.05095719311114707,0.06956334349718717,0.026785919371468438,0.4827360435670319,0.17876880147960034,0.060980208883605225,0.13020847549002304
Relais de Paris,1,136,0.018230672609420472,0.07107967384774164,0.013765859877928593,0.5183050108124221,0.23312951163525744,0.03349349376409967,0.11199578340079712
Relax The Back,1,9,0.06418746015212183,0.16510025931832686,0.02127728802346,0.3046474910806864,0.20153486061220363,0.024459166504028733,0.2187934859862758
Relaxing Station,1,92,0.016457352589223605,0.077393782460485,0.04330160180467389,0.36459433365329774,0.27451378482130717,0.062092492302484856,0.16164664630828746
Remnants of the Past Vintage Show,1,9,0.01072944689076389,0.042934671277180265,0.10291405150201167,0.3591883948667802,0.22592949225670755,0.07004319165005447,0.1882607511555155
Renaissance Fine Consignment,1,43,0.06064120718673256,0.013283354326335364,0.033335605837935316,0.46511777781686464,0.21419718811764962,0.03692971484811409,0.17649515638626068
Renaud's Patisserie & Bistro,2,919,0.022998967048989703,0.0719870374346343,0.008880312093943958,0.42127471663374116,0.29517273925993714,0.04961419286081204,0.13007203446643148
Renaud's Pattiserie,1,58,0.055628316755936394,0.09001954316446585,0.013895757651410082,0.42051647756156385,0.27979996867863266,0.04474399906406495,0.09539593611281874
Renegade Wines,1,12,0.01726448259432796,0.007228755178706042,0.0072215584174651765,0.40259068373901147,0.31976250543569523,0.007845013353895966,0.23808700731024143
Renga Brothers Interiors,1,5,0.00542240082286292,0.0022696177242323397,0.00160128342686216,0.4011322656646371,0.1511562220752239,0.00394601270090782,0.43447220548987386
Renga Properties,1,5,0.01807738393545144,0.0114866900723427,0.00379926247987894,0.44675086736679076,0.4240357667207718,0.00813373271375888,0.08771625626832244
Replay,1,10,0.013153441483154841,0.00725826434791083,0.00239186039252669,0.5230437681078911,0.26820160364732143,0.01155231432057913,0.17439873283728954
ResQcats,1,9,0.04939670948725603,0.12879632688903556,0.007837015294676812,0.22321936848068916,0.30759318573917777,0.1305111262481659,0.15264627978386766
Residence Inn by Marriott Santa Barbara Goleta,1,53,0.02177724872610334,0.11202643294423321,0.006121433465763494,0.4606728328931154,0.20619572040115322,0.05205643300037334,0.14114989527009142
Restaurant Mimosa,1,23,0.018551809156475457,0.1567822975238137,0.04721324161990825,0.3814015550609759,0.28696616208585707,0.016802670170917418,0.09228226231188388
Restaurant OPEN,1,106,0.010376519440093365,0.04770198007683125,0.004341623516871877,0.48070510555627616,0.29024608934491447,0.048692884331103366,0.11793579909519973
"Restoration Church, Goleta",1,6,0.0039016169612295496,0.004264800828726284,0.01066151296739305,0.6865212420622507,0.27501220426832634,0.004269432470512833,0.015369194947803968
Reunion Kitchen + Drink,1,62,0.006561058824093236,0.023157176200202773,0.0038424225795390113,0.5896688358137204,0.24439637348686732,0.019356399797083344,0.11301774612718049
"Rev Terri Cooper, MA MFT",1,6,0.1357190097915008,0.19702946358787202,0.004368419443683966,0.48677017490263097,0.065403343255942,0.004801740520633701,0.10590786067768926
Revival by Kristy,1,12,0.09597337548620993,0.09639947143538541,0.054940324252432476,0.373163891112199,0.11137686910418171,0.026716231989363782,0.24142985208891332
Revolver,1,95,0.02064205443511075,0.048416591462630144,0.014764725668417042,0.4284952927478834,0.2942839463903127,0.04018004839798724,0.15321733298172288
Rewind Photography,1,23,0.03327784257050113,0.007208724577060813,0.01092180252358636,0.649394659112896,0.12796439888441688,0.0037156227955837087,0.16751694460601907
Reyes Market,1,109,0.014821188474167945,0.07824106612926293,0.004687639058262079,0.41452506739873685,0.38116674138010914,0.02492890422501588,0.08162939585232674
Reynaldo's  Bakery,1,131,0.021321078869052015,0.07541470629259059,0.013205368425928092,0.46254308771285163,0.30672958076625834,0.025916086522265083,0.09487008687307813
Rhianna Mercier Photography,1,8,0.0058444366150069505,0.018460603372659513,0.005361328232538588,0.7229926399886608,0.08825148758478459,0.007159460074035413,0.15193009376525873
Rhino Cleaning Co,1,20,0.023033483850303984,0.07563632276142011,0.0071902088144269755,0.267796990473289,0.348112947109621,0.046152868290664575,0.2320771937957033
Rhythm Dance & Fitness Studios,1,5,0.012852234486490418,0.00674966601654884,0.0047543967491946604,0.34921638006344435,0.16203372403979296,0.16359199108555908,0.3008016340434551
Rice Garden,1,5,0.03118273699656122,0.04127326533198352,0.0024410533485933797,0.41489913342520596,0.281228856742382,0.04118213369511064,0.18779283910989758
"Richard A Stein, DDS",1,11,0.012464456630616655,0.07268189085880289,0.06289019214984194,0.31475872267037625,0.292403615926477,0.06434387329500163,0.1804572579196908
Richard D.Kahmann MD,1,6,0.021201293837899936,0.02636858370775973,0.14945663503992057,0.05376963437690085,0.47842197368542355,0.15228191879577932,0.11849996571739511
"Richard Davis, DDS",1,19,0.030776324902514054,0.0808610413024373,0.06953413301839881,0.3226463076609529,0.36966634365288836,0.014284976782571273,0.11223088219565776
Richard's Accurate,1,23,0.12100407636582684,0.03214265555953196,0.0355527898203075,0.3144894372216304,0.2758585409585224,0.133986864254162,0.08696563685636802
Richie's Barber Shop,1,73,0.024422284840822983,0.04563416737811126,0.006955016802275529,0.42579471214342707,0.33627663342256653,0.03976782220128714,0.12114937714147953
Richies Barber Shop,1,32,0.013448754583805513,0.05673285872990159,0.0036416057391761157,0.4809198418261076,0.21308555503492238,0.06294476090624808,0.16922663582954553
Rick Rudnick's Artistree,1,5,0.060863995924592,0.020502856583334478,0.00212015556171532,0.12027139519341286,0.5762280788272619,0.01142376709030934,0.20858975700102741
Rick's Heating & Air Conditioning,1,12,0.0940439318850015,0.07056194520555432,0.01331464029984389,0.15881709486226703,0.45733476771662634,0.08057582878973331,0.12535176752135155
Ridley-Tree Cancer Center,1,5,0.03432379572186612,0.15786843679379667,0.00366172231151716,0.6989965704735368,0.08671572320163246,0.00655361623503264,0.01188013672363008
Ridley-Tree House Restaurant,1,5,0.08125652594026174,0.11261037995573128,0.00975158921210088,0.23850243729539217,0.39851498873904345,0.12267978049349035,0.03668432165868576
Rigos Windows,1,5,0.2994320385158062,0.09848984789568924,0.032365025614853896,0.2468129163607955,0.1382851175963878,0.05448543003294615,0.13012957610189912
Rilascio,1,10,0.01977221136912701,0.02714236394967879,0.1510308210738003,0.10424470372963693,0.32313185222446916,0.04631966773886228,0.3283583654090762
Riley's Flowers,1,119,0.08064966414323338,0.1022303841573757,0.019216731760774087,0.3068401534530968,0.19386178519803746,0.08640858565140198,0.21079269552039873
Rincon Beach Bar,1,113,0.008473101547461746,0.025840519263977714,0.0036111977801295088,0.6547932441774406,0.1839523935171289,0.019091017726619176,0.10423852199074536
Rincon Beach Park,1,35,0.01015321353417151,0.07388538994959418,0.05621772732203157,0.524807441221284,0.2825519484999988,0.013029643001833095,0.03935464012569609
Rincon Brewery,3,515,0.01640041771127828,0.08420238768245605,0.0059627836073965265,0.5363674415225723,0.22385157992909616,0.04766147856146219,0.08555391010075568
Rincon Cycles,1,20,0.12019996398594227,0.28787735514924856,0.028894878656137685,0.21327649649756492,0.1948580680415034,0.05573659612564365,0.09915665412554513
Rincon Design,1,19,0.026766595375528023,0.12140765480427557,0.0027157169809613473,0.40540257228942783,0.23109794285540514,0.06390415758237632,0.14870536607984255
Rincon Fitness USA,1,6,0.1147749079003309,0.04032596344283465,0.054557343459843304,0.3767942790097247,0.29818439794083434,0.025889979054530415,0.08947315152424072
Rincon Mountain Winery Tasting Room,1,13,0.005059299520395923,0.004047175786511639,0.0017035269903806617,0.694204348927507,0.10022547217802355,0.005717961878802293,0.18904222164732903
Risdon's 76 Service & Carwash,1,55,0.1156257698841562,0.15737141245785588,0.028792384213937233,0.150980783472716,0.3114273778078231,0.03579435757022685,0.2000079169096848
Risdon's Auto Care Center,1,30,0.027874801455375988,0.03493453126090263,0.012097552689374371,0.35860260983075326,0.42918065084765356,0.018982945661991792,0.11832689614966507
RiseUp Fitness,1,10,0.00820479342946778,0.0057609790819696406,0.00429195220349352,0.5614479184150696,0.20964857004582876,0.00566253461875018,0.20498327496461566
Rite Aid,5,137,0.0856170516043058,0.3054186993662648,0.04842022690181887,0.12268181938684819,0.2614122164727997,0.05570612734193862,0.12074385787467433
RiverBlue Salon,1,8,0.03376324201235545,0.19290549644938434,0.032233851386990815,0.38209086139977444,0.17039301537442947,0.0519618463586084,0.13665172859327862
Riverbench Santa Barbara Tasting Room,1,122,0.02325675479369233,0.07032074949648762,0.012342995391814106,0.5555226868529017,0.1980708987284146,0.020955412890036832,0.11953050245294251
Riverblue Salon Spa,1,75,0.039328909123626805,0.041882091850663175,0.049036833707553594,0.4441967466721932,0.26465931334532794,0.03276364216658593,0.12813246288492028
Riviera AV,1,27,0.013866021802338403,0.009433426202223068,0.10748430513410341,0.3315801201215773,0.4049565116357472,0.030402457953810094,0.10227714123687254
Riviera Bar,1,21,0.0045785600779621955,0.06679051136597987,0.009431811120261238,0.49432291420609026,0.2693065067398406,0.009705908740648857,0.14586379129572635
Riviera Chauffeuring,1,6,0.0062395201142256,0.00346258985033875,0.0025243782535350166,0.72964708507061,0.21770711988210678,0.004654630669392617,0.03576468536630268
Riviera Market & Liquor,1,11,0.0067588551477952,0.008683408377692046,0.001451707056152,0.6594244187528436,0.2662618964571844,0.004179423865438809,0.053240285128016325
Riviera Pest and Termite Control,1,54,0.05690045243870739,0.07807882863778134,0.05315516352399109,0.22044324024614909,0.47414915084286974,0.025609605303206603,0.09166356682760153
Riviera Plumbing,1,10,0.03285945993848139,0.014118693908676441,0.00390613916388242,0.4977448970079422,0.3724070655182004,0.00786838473286475,0.07109535587951535
Riviera Productions,1,16,0.012001725590380331,0.004630720417480875,0.008052389537624513,0.7559880213811994,0.12526594358496365,0.007362191317952194,0.08669902337715026
Riviera Smiles,1,20,0.08860859442793294,0.08103705063695085,0.10391110487980766,0.3263146549055818,0.2529881169553846,0.029653563786996472,0.11748691637767475
"Robert A Scott, DDS",1,7,0.005421344099366729,0.009501557514470557,0.13796146160789896,0.4830760356437947,0.34087881073355675,0.005264185668368357,0.017896661800997544
"Robert A. Kolarczyk, M.D.",1,7,0.0069754930279616436,0.010914659127592985,0.0038659267759482284,0.35729171947709154,0.3513069099613598,0.07123265551802298,0.19841264667255537
"Robert Brennan, DDS",1,11,0.02696722125719212,0.10369254656093697,0.18798217852599916,0.19934122778729277,0.32689809308133344,0.07056440391831774,0.08455431672998447
Robert Half,1,31,0.04222724489462107,0.040961802724914044,0.07837687227067594,0.48678764597805696,0.19495604893252733,0.010293181730253996,0.1463972079762888
"Robert James Cutter, Lac, Lmt",1,5,0.00423369777854528,0.00672719525173302,0.0010616927582304601,0.6202849497552961,0.16092108264565466,0.006268696347251459,0.20050271712243553
"Robert Leposavic, MD",1,15,0.032249775202944836,0.18234380668339628,0.11628680503151065,0.2352506575756706,0.35608581552902857,0.0379555470310151,0.039827602698157195
"Robert Ruby, DDS",1,12,0.17686273728516724,0.10816784773972658,0.08426080923527475,0.23957127739170872,0.20113524431750796,0.061718966278325106,0.1282831254745057
Robert W Olson,1,7,0.11669026042467778,0.06044952062490792,0.015256845392286741,0.08380143856629725,0.5549046751111746,0.020921067900157356,0.14797619557274236
"Robert W Sheffield, MD",1,7,0.008006231925849342,0.011054071464708813,0.1927895239704022,0.3828884070473057,0.1585635739777769,0.00841200528001143,0.23828618847099794
"Robertson A Sean, DDS",1,9,0.0083877471172147,0.025991182179293665,0.07302667274295038,0.45019640928755206,0.4058029784096612,0.01620643596268359,0.020388544123205832
Robitaille's Fine Candies,1,79,0.01571801384097503,0.05953790708754467,0.015295370044982414,0.5263956789961792,0.26068367984711743,0.04129765822280995,0.08107168976323603
Robyn Loves Cake,1,11,0.0070995319719341,0.0038606522244993362,0.001404641693542591,0.6368692080405626,0.10734962333332404,0.03757334085689346,0.20584301650524137
Rock Star Trolley,1,12,0.08194926880726898,0.11517112946603443,0.11491414475312918,0.24918001546757293,0.23894142887244618,0.0871521711039046,0.11269183033922063
RockStar Transportation,1,156,0.07989611124428797,0.12488486782314837,0.09440435597356643,0.2717658075327143,0.2043397016017339,0.06056987522065468,0.1641392806412067
Rocket Fizz Soda Pop & Candy Shops,1,36,0.01600207906125833,0.07551248186145025,0.0022351413184271973,0.5109192895106389,0.25228269301199663,0.040600651645541344,0.10244768699825117
Rockfire Grill,1,1284,0.013243268828991695,0.055131842768467255,0.007600596006310004,0.5325855629696923,0.23711969783639159,0.031258920879365035,0.12306010883438942
Rockin' Kids Santa Barbara,1,23,0.052424097069255646,0.21705002720346264,0.07136701655690554,0.18774008792673194,0.2575313368528757,0.04956859151792261,0.16431884287917253
Rockin' Yogurt,1,147,0.029133453138796627,0.07962961338355905,0.004986874923326949,0.43596354724469494,0.277527492976475,0.049885892264107765,0.12287313091255038
Rocks,1,8,0.0628457955899648,0.4648192318563815,0.00940685161913275,0.10374487608351042,0.13075873098568988,0.15866451704641799,0.06975999876158308
Rockwell Cleaners,1,7,0.010436253555651186,0.13612764092561386,0.0022711132353703286,0.36949728968154105,0.3686374771807875,0.0147954402824065,0.09823477946754008
Rockwell Printing,1,11,0.013792404767379791,0.005429085518699082,0.0025654969265980457,0.45356294919144025,0.3071558051530949,0.004740475878034754,0.212753774005581
Rockwood - Santa Barbara Women's Club,1,27,0.012602942275676685,0.0064458757492333665,0.004888763579031134,0.6571051361539436,0.20196265606554567,0.028662600075929492,0.088332031129135
Rocky Nook Park,1,12,0.005342316202586467,0.008646368614184467,0.003081229263140467,0.5993559084987888,0.24940965534187853,0.020232289544461865,0.11393223860068241
Rodney's Grill,1,39,0.019716874356023345,0.11771831174010931,0.007071772643263428,0.36947762615119034,0.25278578410880304,0.08050693127099803,0.15272268849926496
Roland Photography,1,25,0.011719226054847195,0.005690848089288868,0.054497847324237195,0.530571014918387,0.18737174145877358,0.004941853266209324,0.20520747788250443
Rolfing by Zack,1,6,0.13123466478039816,0.025011736123512134,0.09257059125229712,0.10583910051112368,0.5387723917762438,0.08322051540017124,0.023350980831310084
Romaine's,1,6,0.034800961070383545,0.04404009575955565,0.09325893919837347,0.38855119383273024,0.3816529642790556,0.02511284073504305,0.03258301876485345
Romanti-Ezer,2,297,0.03385171034237716,0.1461559969599449,0.017351141464343776,0.3166500770992337,0.34596663480859735,0.040562749393472416,0.09946169017093652
"Romi Cumes, MA, LMFT, CMT",1,6,0.0068267648069498,0.020721807901281832,0.0076065116251508,0.45913704857230186,0.3921855930238962,0.012520089861936817,0.10100217955186959
Romina Murillo Makeup Artistry,1,17,0.02352424394613236,0.014720529578078264,0.03551296920084172,0.6416393292739111,0.1661050742601647,0.007363430936546841,0.11113443836460214
"Ronald B Brooks, PHD",1,6,0.17307471429618693,0.21171847389390064,0.045032910304144004,0.016194400222351097,0.359710441591839,0.15726312327509123,0.03700593199270463
"Ronald B Dinning, DMD",1,14,0.008332626095839865,0.016836078935219583,0.05006595861050294,0.436087273859552,0.42972927783349796,0.010285350627132749,0.048663451136755055
Roof Top Bistro & Bar,1,79,0.02935297393808844,0.08141090122974014,0.021857457977050538,0.5416644232276138,0.18711730096890009,0.05621719407212409,0.08237975053017647
"Rook Thomas, DC",1,6,0.014990093302912982,0.16459365196836487,0.016720928096522834,0.10672314570789843,0.6501600202949097,0.012818617047741968,0.03399356074320767
Room For Cake,1,6,0.012643728288821834,0.005937286565313067,0.1126663580362219,0.48981725548704463,0.15126084986453253,0.002674923666442367,0.22499961142117778
Rooms & Gardens,1,12,0.004577805724693416,0.009156144689768516,0.08098087399654708,0.4770658530566531,0.2539020612215002,0.12192838002617155,0.05238886874091498
Roost,1,77,0.0051954834096060625,0.031677605680268596,0.013850071184736228,0.6869988100143609,0.1872198344268775,0.020214030410271915,0.05484416558673336
Root 217,1,33,0.025785380708067768,0.1315750304122709,0.018159795263217655,0.2159972934010015,0.3750550569966435,0.08845586999615819,0.14497157137234212
Rooted Vine Tours,1,46,0.02934709040741634,0.016378186347023736,0.0026858198322335,0.6827126458545377,0.15337727017417221,0.007956317739824345,0.10754266631303593
Rooter Solutions,1,51,0.06609824280409758,0.06911826722937923,0.030605335024244774,0.269943721923411,0.3503696689765681,0.05785170680838724,0.15601305980417948
Rori's Artisanal Creamery,3,605,0.02846395359932602,0.050092900426354024,0.008528727780202978,0.46446438559459924,0.287650027720273,0.02953567946876187,0.13126432983539532
Rosales Mexican Restaurant,1,231,0.009877626804052301,0.042319505396591316,0.00254822531195949,0.5684812370419615,0.27421186726189567,0.012851859504877019,0.08970967898028394
Rosarito,1,118,0.08001617856631525,0.33452341979087363,0.026712383376927686,0.15149802853495384,0.2804674891975976,0.05639960473872937,0.07038289209003003
Rose Cab,1,30,0.13993974370726692,0.08803545700114526,0.10604475000485154,0.12866350602513796,0.341082911255459,0.04780382086367652,0.1484298091381788
Rose Cafe,1,117,0.016641486383393425,0.08147332718611777,0.013985605862908987,0.4117071451863043,0.30084348424202484,0.048481893210281755,0.1268670646927486
Rose Cafe No 2,1,174,0.031267512411055715,0.13080587536203617,0.012208742751765292,0.39196585560387776,0.2885274727408635,0.056231277742578294,0.08899325808448626
Rose Garden Inn,1,89,0.04171090037169537,0.4475766463019477,0.09870250791499617,0.07843750937425872,0.1595015854344525,0.07890302542560426,0.09516781545636564
Rose Story Farm,1,22,0.028379207008666398,0.05552869326096364,0.00221423719565125,0.5183692653557624,0.2070833961161869,0.00954521531556644,0.17887997663241217
Rosebro Garage,1,8,0.0236136582680046,0.0901197019120445,0.00724837536108675,0.24675820846459826,0.3955792624037713,0.025609976684790987,0.21107080171350387
"Roseman L  Margot, MD",1,9,0.2331128054712381,0.1991303361331423,0.011330501060001521,0.05203922876777743,0.4592887448767821,0.03185237716469494,0.013245974046488545
Rosewood Miramar Beach,1,199,0.034290098602738385,0.12346848276509297,0.01995305987320667,0.34452679533335606,0.18599969548542966,0.0996743761337638,0.19208749118097235
Rosie's Cleaning,1,18,0.087921176597269,0.16023651382420206,0.01478058084224655,0.08566687884093775,0.35877423785212964,0.1902825712329811,0.10233802221611966
Rosie's Cleaning Service,1,18,0.10370759443483417,0.1039380942820571,0.006877862778815595,0.2779195563182131,0.29180741196291315,0.15541302275636956,0.060336454409278054
Ross Dress for Less,2,70,0.09905162054845794,0.24827787195182666,0.041811028176120306,0.10858368018816687,0.2514489667673063,0.05767893764256895,0.19314789195944151
Roto-Rooter,1,11,0.2361430416137657,0.12062455933879718,0.059245697233233224,0.08582978652239856,0.2048826705325733,0.07196479256857523,0.2213094640438529
Roto-Rooter Plumbing & Water Cleanup,1,57,0.1383021215973585,0.06465353712280227,0.07144450381594264,0.20045994933012445,0.33624314103814723,0.06219563432642369,0.12670110079884656
Roundin' Third,1,44,0.017585353206165756,0.03241400401880535,0.022338006183748423,0.5155906296885487,0.24215146158398548,0.04505916371602899,0.12486138735601506
Roxanne's a Wish and a Dream,1,29,0.06268684782392886,0.019719035575439272,0.0016021884983838449,0.6736749136772263,0.0864131117303823,0.010221403593936048,0.14568250038628944
Roy,1,256,0.01944637163774127,0.11887569614884792,0.008587159936553183,0.45621820436065263,0.23071436615282434,0.04982780079103572,0.11633039902790183
Royal Carpet Cleaning,1,28,0.014394626541096408,0.0485768429145017,0.014660176210911964,0.3280856412353127,0.3599508022224264,0.008214789492610269,0.22611712567907355
Royal Rooter,1,5,0.058714722469449,0.04379238700494164,0.00573004423640664,0.2301209587603807,0.4540778934955597,0.0218254134058952,0.1857385541312396
Royal Thai Massage,1,250,0.01957728521456006,0.03625788425048809,0.02614370161236725,0.48502880488708616,0.2200164422644302,0.04644348750635977,0.16653239527670663
Ruben Lopez - Draper & Kramer Mortgage,1,9,0.08786175261613806,0.006498069256647544,0.1218142487988289,0.27550988416704864,0.3235323950130906,0.028705873500762664,0.15607778686616153
"Ruby & Rochon, DDS",1,28,0.017169028441587936,0.03303836535113594,0.05547294009427004,0.5883022703887296,0.20636488181272786,0.025588078781895823,0.07406445520298019
Ruby's Cafe Santa Barbara,1,24,0.01698563716005685,0.11077318655831424,0.005795282817416542,0.2889093421241947,0.309738092997577,0.12036668339957635,0.14743179781847474
Ruby's Diner,1,5,0.00889678916428234,0.34448634590953586,0.04665366765111678,0.06208224537549534,0.20060063805431122,0.3012253861874342,0.03605491286143656
"Rudman A  Lynn, MD",1,8,0.18971041124314064,0.12683368392754343,0.044732426904374685,0.19174527132418004,0.3572021392174065,0.05500099161872636,0.03477505978662515
Rudy's,1,97,0.040421320349890114,0.10204229386494558,0.0035594064489092936,0.44662168550367476,0.286586784205601,0.05029594180169367,0.07047256965612624
Rudy's Mexican Restaurant,1,141,0.058089879842587296,0.17845493982152197,0.013183028207256258,0.22565334429241984,0.3358327859892107,0.05947016957645293,0.12931585431937784
Rudy's Mexican Restaurant & Take Out,1,26,0.01820228071077363,0.10534768474798716,0.005355389712629077,0.328509438923972,0.42399342024985415,0.02627241132386884,0.0923193665221333
Rudy's Restaurant,1,43,0.03672554358829155,0.17125503661998998,0.030509863963870416,0.22645709116206783,0.25222057972623163,0.10988908220992182,0.1729428015411073
Rudy's Restaurant No 1,1,266,0.03231384802944043,0.12054974301626263,0.01994817694137043,0.34981330429325036,0.3118776906215186,0.04469525497240409,0.12080198184226434
Rudys,1,129,0.03894615377923974,0.2135027938891498,0.013577247089246068,0.23551512164151286,0.3008761256680527,0.08854668771635102,0.10903587221130075
Run Montecito-Summerland,1,9,0.0928519575649665,0.07876521672329136,0.07889904723399209,0.2136104993987828,0.2767264110346635,0.12139154473940526,0.1377553180274036
RussaYog,1,5,0.00368395310360932,0.00903480388224122,0.0012644455011468002,0.8000893712043762,0.17343977913260455,0.00414392752572888,0.00834375722333784
Rusty's Pizza Parlor,9,862,0.05994694942909369,0.1837958147100512,0.02411015304174159,0.24918239479717713,0.26771987935235364,0.07704272732749606,0.13820208249351096
Rusty's Pizza Parlors,1,87,0.04240873311887136,0.19055928032505376,0.014052168808706144,0.3172002328391154,0.29819401233435616,0.0436969305463563,0.09388864108350595
Rusty’s Pizza Parlor,1,15,0.09964896499489741,0.02857467976476372,0.03540010429763542,0.32263438774583236,0.20989589293797808,0.06169543003197755,0.242150546486179
Ruth Ann Bowe - Village Properties,1,8,0.017921156482770987,0.012571077968459524,0.005037725262809475,0.2777303648181259,0.6151211895048618,0.009022872138302737,0.0625956133008003
Ruth's Chris Steak House,1,15,0.006733438931405493,0.01918834892567243,0.002288339655691073,0.4881729124191528,0.24377830599745112,0.023385094354550006,0.21645356298734741
Ryanne Bee Photography,1,21,0.006460970361894391,0.007047018723651004,0.010194187970011495,0.6654632240533829,0.18960374746737732,0.0058503323068309614,0.1153805203558433
"Ryu K Richard, MD",1,31,0.11301613258077729,0.1761831180906043,0.07074493444674915,0.13324177841235307,0.32292999573532605,0.08226331680892933,0.10162072435712377
S.B.Doggy Guy,1,7,0.019927937071770385,0.08976580744742278,0.007510850829670956,0.5771130886527577,0.22327447948711257,0.01081649826041287,0.07159133295395541
SALTY at the Beach,1,70,0.014325353732731675,0.11408232947453918,0.0023776062051183043,0.496551963926426,0.2652257610245474,0.039682610216550486,0.06775437995591863
SAMSARA Wine Co,1,13,0.0035886811719347076,0.009924036056662932,0.002728249049351423,0.7335455050835242,0.18124004066563562,0.00716063148306247,0.06181286570902622
SB 805 Window Cleaning,1,26,0.0236306689957228,0.028222329332493207,0.03851470608788072,0.34160643038698113,0.33300567092373967,0.00693260024910645,0.22808758334632817
SB Buggie,1,233,0.017042200994386008,0.026238106306824115,0.018746113259049957,0.7182263438640459,0.1270993865163029,0.00886153906999479,0.08378630945640872
SB Chauffeuring & Tours,1,63,0.034941401506315806,0.02274302089317061,0.002810439969863811,0.554586721501047,0.23206563245889447,0.013762341523986438,0.1390904503290556
SB Evolution Landscape,1,40,0.058727634022943634,0.050283053176826756,0.041656747528031654,0.32377054352691625,0.43015685249119995,0.025428387484862425,0.06997678599436763
SB Executive Transportation,1,11,0.03876568762246852,0.027607277374375884,0.0034909655911508726,0.4476256653116169,0.3423708154057914,0.06197708127596835,0.07816249830648299
SB Handyman,1,13,0.01289495117425053,0.007950653792179777,0.003887798388649731,0.36736086278688157,0.42302446006439054,0.005889068984498138,0.1789922047531805
SB Lash Lounge,1,18,0.05216360401310435,0.015161929639159764,0.029614406906249353,0.5210703250486404,0.21738342899415222,0.08010218349388899,0.08450411485197638
SB Munchiez,1,187,0.035408269744714976,0.08929852187885018,0.0239348847828033,0.31653408477310696,0.27768142480791647,0.10110347316149658,0.1560393406388245
SB Nailbar,1,137,0.07853041229307321,0.10406780997643848,0.022193041304742405,0.357412266431344,0.2000025719116156,0.09579996742056611,0.14199392921223308
SB Pacific Window Cleaning,1,14,0.015332451555877879,0.008526491101032886,0.0018215141130245,0.3517210847265752,0.3145045089269323,0.004626622668833285,0.30346734143261395
SB Paella Catering,1,24,0.005149856452286813,0.005393628613091963,0.0038711989667110872,0.6398477032004545,0.12629546675210193,0.0034010870052345876,0.2160410496483867
SB Party Limo,1,9,0.15522558200690476,0.238397722494685,0.2466244698864304,0.15434811625810752,0.07651122211892566,0.05309118537439236,0.0758017105981707
SB Paws and Claws,1,83,0.024361720666322945,0.04764297617079001,0.08297556475262821,0.4514776318185368,0.28215954628077344,0.040815787100940006,0.07056677785662772
SB Photobooths,1,12,0.011942757099556375,0.005609065517395075,0.0016367483597907915,0.6870038062334061,0.22566808170328534,0.0044321408883357585,0.06370739452540869
SB Physio- A Physical Therapy Corp,1,28,0.016378156179728463,0.012172041830906075,0.009816781971104662,0.4329090305836871,0.36730136509452543,0.04792635929438148,0.11349627172707442
SB Printing & Embroidery,1,5,0.0177498299628496,0.0054975610924883995,0.00699673559283832,0.24957442991435524,0.3762640729546547,0.008295791735872578,0.3356215819716453
SB Sunshine Cafe,1,212,0.007515675212829855,0.061650480615702094,0.01019962914238618,0.5768387234394432,0.23992731853691365,0.026823913043733848,0.07704426273253284
SB Tax Pros,1,6,0.10469999604780844,0.11795147401183685,0.16863012198397578,0.19472734781447795,0.07311626799249395,0.015614983509294649,0.3252598303758229
SB Tobacco,1,24,0.0503949209087295,0.16277003682625943,0.003141248994021771,0.2746559648415617,0.41258988905853283,0.02416123516741205,0.07228671801082474
SB Tree Care,1,24,0.023277477109028607,0.020267890758987,0.04227101789729199,0.2716433856306442,0.4842763845808804,0.017788506326420813,0.140475335821975
SB Turf & Landscape,1,6,0.0122902551471876,0.008022894985818567,0.0017123477591667001,0.5312840441862742,0.33203550164277357,0.007635261126172966,0.10701967217028135
SB Volume Lash & Spa,1,41,0.01676915747840407,0.008575675987763416,0.025531827072504995,0.4828126746706846,0.27324957576603054,0.019386101758289205,0.1736749797923172
SBCC Track Field,1,8,0.019111658126348574,0.01998172249295745,0.0044000952984788,0.45806219708174467,0.36380110308527946,0.007114198495401025,0.12752900575287637
SBIFF Riviera Theatre,1,26,0.05548072981540682,0.1708998687099665,0.050311361806682046,0.16783006822851554,0.31232748936431914,0.08771550324476822,0.1554350027671227
SBNC: Eastside Family Dental Clinic,1,12,0.021433698808929525,0.048108830883090016,0.08721903590776488,0.19272871157348462,0.3466066810457657,0.20258641743566838,0.1013166263001039
SBNC: Eastside Neighborhood Clinic,1,10,0.05430034380406137,0.11030999999493356,0.09191811650525775,0.20836344655835998,0.2794218330644071,0.06848577300552275,0.187200478464365
SBNC: Goleta Neighborhood Clinic,1,12,0.10089646660101904,0.1383436442362532,0.08661881329802172,0.24078753832630653,0.24346225980358815,0.15078468457795677,0.039106571144657175
SBNC: Goleta Neighborhood Dental Clinic,1,5,0.03669278835877772,0.13070097640156744,0.13950567739084357,0.21947814037557692,0.3407750129699707,0.03153475550934668,0.1013126719743013
SBNC: Isla Vista Neighborhood Clinic,1,18,0.1583297297862979,0.20034084812505165,0.030138764575692884,0.2520110648345305,0.1806427388865914,0.11337202690386519,0.06516479725380321
SBNC: Westside Neighborhood Clinic,1,16,0.024414079205598634,0.08654134851531121,0.05957701353327132,0.2910846860122546,0.20735392798087557,0.09734110243152821,0.2336878408386837
SEA Landing,1,47,0.06783371951252692,0.12002774019307018,0.030940218636657045,0.3791856301398552,0.22185478086999436,0.07729509261070171,0.10286281506550753
SERVPRO of Santa Barbara,1,17,0.052279702689060334,0.01950633162906498,0.1266872224411653,0.1404093074447968,0.4661867340259692,0.06610835451797085,0.12882233734297396
SFM Vista Del Mar Property Management,1,12,0.14038698488730003,0.1475142810522811,0.0684422995545901,0.2789672622457146,0.26013165355349577,0.08432022270668914,0.020237323478795533
SMART Chiropractic,1,9,0.03585377604597141,0.013097029748476168,0.09578500606585288,0.39162325652109253,0.2140206098556518,0.02054853012992272,0.22907177286429534
SOCAL City Group,1,6,0.0067414992954581325,0.00408146264574795,0.0021360100363380665,0.4828304275870323,0.3775160064299901,0.004572594460720766,0.12212198538084819
SOS Liquor,1,11,0.12644416779618367,0.11006420833820642,0.018923509432087527,0.1516967205415395,0.45544627952304756,0.09096261499110946,0.04646249030801377
SPARK Creative Events,1,24,0.010523693233456729,0.005385693553156025,0.005022761890965388,0.4906298367617031,0.2511650779827808,0.03548477187966147,0.20178817806299773
SPARK45 Physical Therapy,1,8,0.011755953019019175,0.0061063047323841,0.014104103174759025,0.6067623631097376,0.12264922333997672,0.0086527059611398,0.2299693756503984
SPE Painting,1,6,0.019897188215206016,0.009309589086721283,0.0021998356872548167,0.29350350781654316,0.4968821356693904,0.010328413569368382,0.16787932145719722
SW Locksmith,1,21,0.06252646763875543,0.013654757995114033,0.006836687231303267,0.2663461427825192,0.4854235386564618,0.029574438630204068,0.13563796773641587
Sachi Ramen And Robata Bar,1,333,0.015653648439937367,0.10517810264447779,0.007708867640037309,0.46103545079775454,0.2668422412178996,0.05572509415015608,0.08785659525289641
Sacred & Unique Weddings,1,14,0.007803308794141829,0.004339366885168171,0.0013347456551854998,0.7828545996120998,0.1586103499201791,0.003719316629160686,0.041338338184037336
Sade Turkish Coffee & Delights,1,21,0.004735537480363319,0.013077899048637029,0.0032685469847083377,0.6021811760895487,0.25082390799763654,0.0066758539705048855,0.11923706698940974
Sadie Skin Care,1,6,0.00544233418380215,0.029343265962476467,0.009784374541292534,0.5489060692489147,0.31724185869097704,0.05279834719840435,0.03648373670876021
Safety Matters Certified Training,1,17,0.004660133621655359,0.005450166885138382,0.1353489896282553,0.5462305446648422,0.2785902187666472,0.005575725979938606,0.024144250872161422
Sage & Onion,1,7,0.005029749042088386,0.22911645515289686,0.0022224564745556,0.5031713443542165,0.19600378136549673,0.050540164844798126,0.013916035282558584
Sage & Onion Cafe,1,92,0.012828658540535706,0.06909212471320006,0.0026689143962119986,0.5175992344308685,0.27140060851208697,0.0269681391022775,0.09944232472259061
Sage Hill Campground,1,6,0.009216108747447467,0.016142617290218614,0.05002997683671608,0.3260804661549627,0.4639527176817258,0.010175087178746817,0.12440303247421974
Sage IV,1,9,0.006388709751061233,0.0082467724827842,0.17427514428790242,0.47190744834693354,0.24775159390022358,0.013491188408806877,0.07793913101260028
Saigon In and Out,1,19,0.008464504587831606,0.07040461603748165,0.05228813691677423,0.45577743497836454,0.2278554762321475,0.041967690278972014,0.1432421415505048
Saigon Nails,1,19,0.04028134056563043,0.15909026970621193,0.06564995677418708,0.19368031559095372,0.30448001235919564,0.01983078092483701,0.21698732620203176
Saigon Noodle House,1,330,0.032122334027415884,0.2271257801694005,0.020843056474184347,0.23235637142678373,0.30803137451029294,0.07544201203113926,0.10407906900244676
Saigon Vietnamese Restaurant,2,580,0.03800242691469406,0.19538564291292929,0.01796531511474685,0.28520947526061524,0.29603248298989104,0.07230331008513212,0.09510134783481114
Saje Natural Wellness,1,5,0.00623566177673634,0.015752561972476497,0.00167321239132428,0.7449410498142243,0.18879280313849445,0.00568584227003152,0.036918853968381835
Sakana Sushi Bar & Japanese,1,383,0.017143243145046817,0.091948004370475,0.013331461095299119,0.3736843684985784,0.31092072235403323,0.034175989422922805,0.15879621427243587
Saks OFF 5TH,1,34,0.07611470494200198,0.1740299776942907,0.029341399523272024,0.1585409337541718,0.17822959749302,0.15385895061155996,0.22988444277057968
Sakura Express,1,34,0.07147438819383212,0.3801963669932721,0.008250596148975352,0.09064177384853414,0.2647386691943906,0.03472250632886935,0.1499757036388687
Sal's Pizza,1,84,0.040232781494047354,0.1386001876699516,0.028969855499218187,0.32605892778623713,0.33819545837052695,0.04147702000669332,0.08646576509012703
Salas Mobile Mechanic,1,41,0.04186844495238686,0.030340705648995894,0.04562338107626131,0.29275370982941235,0.4561614266528589,0.016929796641329032,0.11632253395438917
Sally Beauty Supply,1,16,0.10000178858172144,0.16659783350769428,0.0075475941157491875,0.24246493197279048,0.26146519416943187,0.07711927070340603,0.14480339846340934
Salon 805,1,20,0.11840799035271625,0.20969541696831578,0.019415111825219315,0.22054761406616302,0.22786594415083522,0.06437271184986453,0.13969521028921006
Salon Bamboo,1,12,0.017930765801186934,0.021816040515356367,0.003909832264374284,0.40442842128686607,0.22990366676822302,0.08523077442077916,0.2367804907262325
Salon Del Mar,1,40,0.04391383539186786,0.09748065760504683,0.023528165673633288,0.5241984437423526,0.1614820909046102,0.020564384007593563,0.12883241052040828
Salon Lucia,1,13,0.0800432165762266,0.024097036516580402,0.07698491261376493,0.5689592769799324,0.11708589199070743,0.013023726731682003,0.1198059455133401
Salon Montecito By Elana Cantrelle,1,10,0.03457869857084002,0.01039141293731513,0.00184151184512297,0.6642334796488285,0.14342274433001873,0.07022516452707346,0.07530698673799632
Salon Olivier,1,8,0.0070308665017364,0.013696279987925625,0.01639156010787696,0.702911825850606,0.21536177792586383,0.00482711406948505,0.03978062537498766
Salon Patine,1,280,0.021044552095866316,0.03345486680243209,0.052222632899377286,0.5056730445788292,0.18859991816072058,0.0491122066242886,0.14989277115341137
Salon U,1,46,0.0327429093202859,0.039461285299140635,0.027726710834110154,0.5211332758772187,0.18172210925663615,0.028099933368376524,0.16911377668198518
SalonCentric,1,7,0.05946242150717542,0.3130603551731578,0.02476344436373824,0.47842591451314675,0.09821793809533116,0.011877914591293198,0.014192049158737013
Salt Cave Santa Barbara,1,476,0.032492848099360955,0.07605293467851203,0.019138490123508656,0.5281340131682746,0.18314411504362402,0.04767096601744538,0.1133666334522373
Sam Termite,1,18,0.02045369998086239,0.012759804292323228,0.003533143854130845,0.3375231167301535,0.48358158286040026,0.007521813243834467,0.13462681835517282
Sam's 2 U,1,8,0.0128395866195205,0.21928412868874145,0.0041965046839322374,0.15779705932072827,0.37694203725550324,0.16757668548962096,0.06136398646049197
Sam's To Go,3,121,0.02084414809047478,0.07962420351528135,0.007743966166788186,0.46374958841137837,0.27693682997044916,0.048169538086234004,0.10293172568964098
Sam's To Go - Isla Vista,1,134,0.03099343164757918,0.10682214385527529,0.014982584182784576,0.448206145430823,0.265151109489084,0.044721502239934,0.08912307938470487
Sam's to Go - Milpas,1,33,0.10949732272032023,0.20203799711166398,0.008268480608063336,0.31017881349455845,0.20709128679256095,0.0875892182494598,0.07533688515876275
Sama Sama Kitchen,1,491,0.020407805105959548,0.10208773415532364,0.01196258842617661,0.4627220463942449,0.23536866594602915,0.047121199017178116,0.12032996071781153
Same Day Junk Hauling By Ignacio,1,74,0.05243077450054316,0.030016814179189857,0.02853804697106412,0.2505353668427749,0.3486713098009696,0.0392145385707703,0.25059315055684256
Sammy's Limos and Tours,1,16,0.019011722892173524,0.011946716993406832,0.00271215175234825,0.45698199555044994,0.2827291386201978,0.03494105458958071,0.19167719973484051
Samsung Clinic,1,5,0.11060249735601242,0.010034766595344939,0.05935354013927278,0.3372272212989628,0.10287895426154132,0.060238799033686466,0.3196642011404037
Samy's Camera,2,97,0.04372222042767346,0.06050603828013668,0.012022634532504201,0.26562721421342034,0.3662133342154401,0.04454088133769393,0.20736767475363632
San Andres Hardware,1,36,0.11277806359673069,0.1277312484049212,0.011934135547360454,0.2888017425058125,0.28635753105239314,0.05772332482350365,0.11467396994380069
San Clemente Apartments: Graduate Student Housing,1,15,0.0515793981030583,0.27707846040527023,0.07695248695866512,0.07847336314152921,0.40646868174274764,0.06108223038415111,0.048365390347316815
San Marcos Foothills Preserve,1,9,0.020386391629775322,0.09232515997589665,0.010379837127402388,0.4550919412221346,0.3142381492588255,0.06016181753430927,0.04741667844872502
San Marcos High School,1,5,0.06346155074425038,0.20871527809649706,0.006483645131811461,0.05506457886658604,0.281282665207982,0.00724658130202438,0.37774568190798163
San Marcos Parent-Child Workshop,1,9,0.0316132606239989,0.05359557051108109,0.03200258702013844,0.6457430402127405,0.20107232044554413,0.005009446655296556,0.030963766931866574
San Marcos Self Storage,1,12,0.14327635084434098,0.29811205095999566,0.0766054424651277,0.04582992764577887,0.2083223678055219,0.018837336140374302,0.2090165263410502
San Roque Florist,1,15,0.02824731814519808,0.1209750781456629,0.009977874679801314,0.14666105688083914,0.21639802157878874,0.2856508793309331,0.19208976658992466
San Roque Laundry,1,8,0.09769165550824252,0.28896243090275675,0.02361000500968654,0.007424188428558362,0.3437732835300266,0.12133622798137361,0.11720221221912645
San Roque Market & Liquors,1,14,0.046353740916986484,0.0843323857448662,0.0032318480038416144,0.2345899605258767,0.42880558861153467,0.034904085864712046,0.16778240652222715
San Roque Pet Hospital,1,69,0.11053770172251115,0.09821593642076204,0.06047650638409291,0.27607553787327,0.26210285198834277,0.07012078966405508,0.12247067679941273
San Roque Pilates,1,6,0.028041427683395598,0.10978626789680367,0.03026327289020018,0.6306044082157314,0.10369477141648525,0.007416230704014433,0.09019365084047115
San Ysidro Falls Trail,1,19,0.019599771494732042,0.07528434960955847,0.08020937844106041,0.2675294136126084,0.4561185976980548,0.037750260083396915,0.06350822614407849
San Ysidro Pharmacy,1,13,0.06269736235173272,0.13925981106093294,0.07450942656634228,0.28610507834057963,0.2535004919896332,0.018195661769893255,0.16573214948248974
San Ysidro Ranch,1,132,0.03072124764333813,0.05712942835816643,0.015353734577012867,0.5316910231477143,0.1801240638499924,0.05418779754439703,0.13079270188851896
Sanba IM,1,24,0.0371022173397553,0.10055312175245484,0.00324269811486975,0.2666170556512952,0.36313317640451714,0.053445040156172234,0.17590667949601382
Sanctuary Centers,1,16,0.13259028655011204,0.2692252796696266,0.16728414644603612,0.033793389302445534,0.28203691565431654,0.10318139611626972,0.011888591259776106
Sandbar,1,1576,0.030633681241321205,0.11942033523921633,0.012522955986892776,0.5142575108611848,0.18894609893441106,0.03541681956924401,0.0988025974213715
Sandcastle Time,1,8,0.02966204137192105,0.08947644662111995,0.002220833615865525,0.3478298493428156,0.24876633193343872,0.11708838291815477,0.1649561350641306
Sandpiper Golf Club,1,89,0.045727707575117134,0.11930883207797917,0.02881329739204697,0.23444325205597896,0.2893293997210063,0.11252952909379607,0.16984798730183598
Sandpiper Grill,1,11,0.018376415997574235,0.11634696615775196,0.0029817788904024176,0.5210909904827449,0.26880427280610253,0.021914800734851806,0.050484778020869564
Sandpiper Liquors,1,9,0.007496377970609345,0.02114861668087537,0.003972292282722011,0.634909752704617,0.2875361119707425,0.009136902918625144,0.035799969194663855
Sandpiper Lodge,1,192,0.08266091974595227,0.2084350820738715,0.05185467177155559,0.15934277908718283,0.2905300711257344,0.08312764106146152,0.12404883145275862
Sandpiper Property Management,1,70,0.16879575085560122,0.3225577334682124,0.05535949682484243,0.08181553353123097,0.17488773343752004,0.05835059160765789,0.13823315593347482
Sandyland Reef Inn,1,134,0.12729575015072803,0.23578997074588157,0.09836556709114347,0.08983273216920254,0.23534012946266325,0.06541049407027073,0.1479653580706747
Sanford Winery Tasting Room,1,69,0.014386724857815855,0.028533877987512404,0.013361457025419632,0.6393047589888844,0.19519770951212745,0.025237353408938578,0.08397812120771653
Sanguis,1,17,0.006171368596637035,0.06719895189641698,0.0029261025586438767,0.4656165564323173,0.2721080306150457,0.009019329411196758,0.17695966236950716
Sansum Clinic,1,12,0.10071224313772591,0.17334027019387574,0.08178289329710722,0.11884047972610762,0.37854512214350206,0.035261786474923854,0.11151720395234098
Sansum Clinic -Dermatology,1,5,0.05590678239241238,0.11737664900720116,0.3478329677134752,0.0069119445979595,0.12876073569059368,0.1769437570124864,0.16626713238656518
Sansum Clinic Allergy & Immunology,1,35,0.14547628119720943,0.15949119742311135,0.09679459355621861,0.14664195964412227,0.2902099551832569,0.06141106111130539,0.09997495881647667
Sansum Clinic Carpinteria Family Medicine,1,13,0.1242263656055841,0.13769082222223422,0.0134767843007396,0.18032518249954307,0.21785507161313516,0.0690594473585056,0.2573662952233392
Sansum Clinic Endocrinology,1,9,0.21054786629974837,0.2383085435463322,0.14303951663896436,0.008244559957852745,0.2007686876588397,0.10546276821858347,0.09362805427776438
Sansum Clinic Foothill Medical & Surgical Center,1,8,0.2267283738183323,0.1668972119223326,0.17988326225895435,0.09025490636122407,0.2771879597567022,0.015569381648674586,0.043478908366523634
Sansum Clinic Obstetrics & Gynecology,1,17,0.15816171616247357,0.08311333442243797,0.07627242062966719,0.20599790271508558,0.28308362382299757,0.13915970692794546,0.05421129223781031
Sansum Clinic Occupational Medicine,1,5,0.13001610394567248,0.26253165360540154,0.1200855240691453,0.13205646034330124,0.21003299951553345,0.12883492223918433,0.01644234352279448
Sansum Clinic Pesetas Radiology,1,9,0.04571561770151468,0.20791449428846434,0.34522203090859366,0.10697450649523586,0.19114607391465038,0.015817013569176135,0.08721023250190124
Sansum Clinic Pesetas Urgent Care,1,66,0.10500185737901391,0.15874614449090915,0.05967711557450728,0.13761790303396987,0.2688532704064114,0.1204625611443947,0.14964114472262954
Sansum Clinic Prescription Pharmacy at Pueblo,1,16,0.11438373643613882,0.1545698015543166,0.06314191318961088,0.17048404642264356,0.35186138597782696,0.045822690386557896,0.09973641345277424
Sansum Clinic Pueblo Multi-Specialty Clinic,1,32,0.11967826988256998,0.20904767018055279,0.0823153297142198,0.1323432282897556,0.18707530442043205,0.10808179579908024,0.1614583941554883
Santa Barabara Checker Cab,1,8,0.0705680307000875,0.10599915450438852,0.24866892604040908,0.03552422219945577,0.2488326421007514,0.045367616112343925,0.24503937389818017
Santa Barbara Adventure Company,1,198,0.01627613744178707,0.009943835359687557,0.03966027501243811,0.5879569504920963,0.22819774272155502,0.02185555031897044,0.09610951179403317
Santa Barbara Airbrush Tanning,1,5,0.00808806340210138,0.012880965601652822,0.00741847574245178,0.5881592869758606,0.19172313883900638,0.0049749463796615,0.1867550756782293
Santa Barbara Airbus,1,90,0.08053696401831173,0.10280561306410362,0.060585463967031954,0.2820265593427595,0.3047938546993666,0.05819260069919331,0.11105895258434527
Santa Barbara Airport,1,200,0.03411677444819356,0.05226293441781304,0.028476139909034782,0.3196144987249863,0.36321288701612503,0.04297400353709231,0.15934277103166092
Santa Barbara Amtrak Station,1,106,0.06992869586508084,0.13798624742227023,0.025611407147118563,0.149486330544844,0.4099645782152261,0.07016040580259315,0.13686234055565807
Santa Barbara Animal Medical Center,1,7,0.10111318914485826,0.15868140510948633,0.03667938755825157,0.3138741715644885,0.33065295006547657,0.017448922486177472,0.04154998197087216
Santa Barbara Aquatics,1,36,0.013241133358355361,0.026793593409820418,0.0956761806390002,0.4706111017148942,0.2803529788507148,0.030050868643835757,0.08327414083760226
Santa Barbara Art Glass,1,205,0.019942750883140986,0.015625317658513462,0.03684112994857809,0.6402525135872477,0.1465489722935982,0.015865129494766952,0.12492418996137904
Santa Barbara Arts,1,6,0.0027922314087238834,0.005085448424021367,0.0013468812636953,0.7321668937802315,0.07632316773136451,0.06168725943037614,0.12059812620282169
Santa Barbara Athletic Club,1,57,0.07387068774346911,0.14752593137662887,0.01766713188471995,0.2990444924094175,0.25113875982596684,0.09359070682171075,0.11716229868072424
Santa Barbara Auto Connection,1,29,0.03452592363565,0.023305999566720553,0.05461911472355429,0.4758516251679574,0.21917118254149778,0.09332668226902721,0.09919947288641381
Santa Barbara Auto Detailing,1,7,0.02026606399366359,0.11166172499568863,0.14469282861266808,0.10437166943613967,0.39871980742152247,0.02857760258484626,0.19171030185784077
Santa Barbara Auto Group,1,123,0.07837902735426594,0.05137956372085515,0.05412137116626377,0.3358288629513378,0.22754792576822322,0.07255032669272027,0.18019291734118467
Santa Barbara Auto Refinishing,1,8,0.010037961998023037,0.005165942275198125,0.12067818348441499,0.3186886018374935,0.397300882730633,0.09774233632197135,0.050386085640639025
Santa Barbara Auto Stereo & Wireless,1,61,0.046562779568838,0.012476897303236324,0.04472250358457291,0.3448470204354829,0.3823374114151983,0.036051396053421766,0.1330019933530358
Santa Barbara Auto Truck Accessories,1,19,0.05579539836923538,0.07769517669772823,0.025409936246241552,0.46485197295643094,0.25353166539418065,0.011046580725202385,0.11166925573917591
Santa Barbara Autowerks,1,80,0.03708063584053884,0.015045545787143002,0.06849331108896871,0.3103769932873547,0.38624360539834013,0.0367185264054569,0.14604138831637098
Santa Barbara Baby Company,1,11,0.006873433679257564,0.0037035002076828455,0.001474926563043273,0.6493837019767273,0.21427413753487848,0.0052707925523546,0.11901950954713603
Santa Barbara Baby Furniture & Accessories,1,6,0.012165284948423465,0.021430108327573732,0.0040301403108362836,0.3417867061992486,0.3510727658867836,0.09614209167193617,0.1733729029074311
Santa Barbara Backroads Wine Tours,1,38,0.03600609685159529,0.027427396623687275,0.01156776769187811,0.6561404419817815,0.11987166882394563,0.02323102236014639,0.12575559945482953
Santa Barbara Balayage by Kara Richard,1,8,0.08529906594776543,0.03427739464677863,0.02314218585524936,0.4513331383932382,0.23908635065890843,0.011550840456038661,0.15531102183740583
Santa Barbara Barbers,2,57,0.050039902112953186,0.11439686991466337,0.042722509434066774,0.3053316990416007,0.29898342082538365,0.04744315726004471,0.14108245353941526
Santa Barbara Bay Cafe,1,10,0.01049664844758803,0.25911841955967246,0.00258231344632799,0.24212519153952594,0.33720320276916027,0.00900543674360954,0.13946880209259685
Santa Barbara Beach Horseback Rides,1,90,0.04607411455945107,0.055278894367964064,0.06104659591057696,0.595047132601677,0.11969407433126532,0.022737599053006156,0.10012159344688468
Santa Barbara Beach Yoga,1,10,0.00487688489956777,0.00344339210423636,0.0200706641800934,0.7442492187023163,0.10952971968799825,0.00638792027020822,0.11144218108383934
Santa Barbara Beer Festival,1,5,0.005690562142990499,0.0112253124825656,0.00599541369010688,0.55608579069376,0.3639931362122297,0.00716696130111808,0.049842828698456236
Santa Barbara Behavioral Health,1,31,0.1303196045600118,0.2003421614569942,0.11446647550685388,0.10957852729423448,0.2781650515633725,0.07449455526206758,0.09263362640875478
Santa Barbara Best AC Service,1,8,0.026850176815059912,0.008371245181478987,0.003998254589532675,0.3221628943574614,0.2730125409434549,0.1868136573466472,0.1787912381114438
Santa Barbara Bikes To Go,1,91,0.009007004916074299,0.005537190775202722,0.026466522511327594,0.5585592983464537,0.2645067507094079,0.0124001271055581,0.12352310737676833
Santa Barbara Bird Sanctuary,1,14,0.019034964340140178,0.06783980292467663,0.0067799192932267716,0.4650127362983767,0.30768215879132704,0.013917646279358929,0.11973276656187536
Santa Barbara Birth Center,1,18,0.006012038495908955,0.007661204998536605,0.10542088942990324,0.610883688282532,0.16473004478029904,0.025522868841006897,0.07976926697625049
Santa Barbara Birth Matters,1,7,0.0034328388948259144,0.007325564378074185,0.007800090014435572,0.587669666324343,0.18883217445441652,0.12154798222971809,0.08339171657072642
Santa Barbara Body Contouring,1,10,0.00502576308790589,0.007766797195654321,0.00479115422349418,0.5711908877477981,0.21598045076243574,0.0059827208751812005,0.1892622165381908
Santa Barbara Body Therapy Institute,1,28,0.018975691595447337,0.10127125169050742,0.026707444211102185,0.44841190298445455,0.17762547149322924,0.02745907382008481,0.19954917678426548
Santa Barbara Botanic Garden,1,267,0.009508541579818657,0.04568478608343045,0.01160743043356621,0.48769925712258555,0.26879627153988966,0.06890055732339379,0.10780316084965166
Santa Barbara Bowl,1,322,0.03143130054101575,0.07070976211980447,0.0286582742327092,0.40548866983613013,0.25429430189802776,0.049050293514658276,0.16036739948882445
Santa Barbara Brewery Tours,1,6,0.025933903292752733,0.10535030346363777,0.10661819305581348,0.31155211781151587,0.3513003441815575,0.04662139283027495,0.05262375126282368
Santa Barbara Brewing Co,1,646,0.028083072102793677,0.1689484508071709,0.013099589039788325,0.36852854706062976,0.27542389552476565,0.04635784080473344,0.09955860242549788
Santa Barbara Bride,1,24,0.05537233646706829,0.025272624077236554,0.05342901860058188,0.6227523144916631,0.14929615267707652,0.0074351744697196,0.08644238515989851
Santa Barbara Cabinet Company,1,6,0.060954306856729056,0.07255603448720647,0.008466935949400034,0.5712155920142928,0.23660057239855325,0.0248004627258827,0.025406079560828663
Santa Barbara Car Wash & Detail Center,1,86,0.09308724593354904,0.31109823576556406,0.03089697811827681,0.09643757209617662,0.23964035513724175,0.0574301479216448,0.17140947193784506
Santa Barbara Carpet Cleaning,1,51,0.045106975694972164,0.049756857705777285,0.016826002968146465,0.22449443522639861,0.44032305785838294,0.05379906979699924,0.16969359288101685
Santa Barbara Carriage & Western Arts Museum,1,8,0.008155503106536312,0.007093719366821413,0.0024105861157294878,0.5757897163275629,0.15882568596862254,0.058296305040130336,0.18942848278675226
Santa Barbara Cemetery Association,1,16,0.004374815602204712,0.030219329601095475,0.013635112161864475,0.4767338982783258,0.2481118043651804,0.055171575950225774,0.17175346703152167
Santa Barbara Center For Oral & Maxillofacial Surgery,1,11,0.026240747993473267,0.09927209034900769,0.019483168302527155,0.27397679103623057,0.48094073141163046,0.03220761808651411,0.06787886766886166
Santa Barbara Center for Oral & Maxillofacial Surgery,1,32,0.017075379717425627,0.017355989593852376,0.13580878504944846,0.4425665418530116,0.26011876056145405,0.02147152322504548,0.10560302299199971
Santa Barbara Certified Farmers Market,1,115,0.011568626372710467,0.04273537424615701,0.0027133789351310765,0.4623767185541194,0.31222378315161103,0.033070483107281716,0.13531164465998496
Santa Barbara Chicken Ranch,2,510,0.019596112026221194,0.10153079113315823,0.008942638873464984,0.36489509351451094,0.3577667651369291,0.062160378748861406,0.08510822998907631
Santa Barbara Children's Dentistry,1,9,0.019792427295922357,0.021298276305767767,0.010499059714169923,0.42259635331316125,0.21619911147798923,0.10282857181866545,0.20678621103676653
Santa Barbara Cider Company,1,94,0.005299114079110556,0.022707223480423623,0.003007932311602561,0.6618642016175262,0.19052019126792533,0.01140067549149917,0.10520067600473916
Santa Barbara Cigar & Tobacco,1,32,0.014977212213125273,0.025148427081148794,0.0031769523529873904,0.41929378343047574,0.4499839183408767,0.02018220190802817,0.06723750827950421
Santa Barbara City College,1,35,0.05021698125638063,0.12080412706958923,0.03282266113009033,0.28884947578356196,0.22584993992266908,0.11001027642882291,0.1714465412427671
Santa Barbara City College Cosmetology Academy,1,14,0.049020983960612496,0.06379174039050534,0.04065603355411435,0.42058509237332536,0.2158657507970929,0.03379885253629509,0.17628152585322301
Santa Barbara City Library,1,27,0.012002152494258298,0.07005450728832292,0.018781673324863468,0.40941543889628657,0.3504450012481323,0.01741850993561519,0.1218827162455353
Santa Barbara City Parking Lot #10,1,14,0.04136442479544448,0.026290980375571395,0.04797178123927936,0.1992176412937364,0.523224212495344,0.023838558334058905,0.13809240516275162
Santa Barbara Classic Weddings,1,37,0.007622388348839116,0.006870957923662871,0.004837855497670846,0.6658581306000013,0.1889328928664326,0.020809828429608677,0.10506794658313323
Santa Barbara Classic Wine Tours,1,53,0.007390955733223149,0.007289316373402729,0.011930390122183986,0.6895164809198523,0.14502687379717824,0.02031658723827376,0.1185294002698699
Santa Barbara Club,1,10,0.010853111592587051,0.00731779268244276,0.01050513095979108,0.5918275743722916,0.24738100785762068,0.0035108061041682404,0.12860458204522723
Santa Barbara Coastal Advisors,1,5,0.21263406146317715,0.17306901337578887,0.0399100142065435,0.1926592086907476,0.20534724742174143,0.11667002753820269,0.05971040679141874
Santa Barbara Collective,1,9,0.0207846920109457,0.03700273465882568,0.0164266696859461,0.26167003243851167,0.4227426132808129,0.08909680202810297,0.15227644683586225
Santa Barbara Company,1,20,0.013680344796739467,0.016936932865064536,0.00732510048110267,0.5266835463000461,0.10562222204171119,0.06639735088101582,0.26335451924242076
Santa Barbara Consignment Company,1,13,0.06948753605739998,0.13040015745299077,0.004887848564137,0.4625010597967327,0.12694150375990337,0.011264182689886224,0.19451768818096468
Santa Barbara Cottage Hospital,1,54,0.07995433794093072,0.2307799591508228,0.15034083502703446,0.12223375244098454,0.14056089021162024,0.07058909629618192,0.20554113042696065
Santa Barbara Cottage Hospital Emergency Room,1,13,0.048119821639444935,0.3198745022886075,0.03171918209857087,0.0606762693675521,0.2528121396899223,0.13422485967524916,0.15257320639032582
Santa Barbara County Courthouse,1,251,0.017926601664741953,0.016587522054792324,0.018126227701615222,0.4394167472941864,0.2881043245134674,0.030069979138447823,0.18976859516599603
Santa Barbara County Limousine,1,7,0.008543641439505928,0.0048688458045944,0.0031721641259666576,0.4919227734208107,0.18554981930979658,0.0046817506996116144,0.3012610657938889
Santa Barbara County Sleep Shoppes and Design Center,1,22,0.22682598023146222,0.1476886803204913,0.03249714064639353,0.2661923452793747,0.16555501810613676,0.08430442638928067,0.07693640491925176
Santa Barbara Craft Ramen,1,480,0.020511040901813684,0.10246841375283107,0.010402200162146326,0.45446369568004835,0.27109038020838244,0.04157612654938318,0.09948814760718956
Santa Barbara Cryotherapy,1,12,0.009135829604929275,0.0060366149506686255,0.1159022749222155,0.5048763907204071,0.2215971561769644,0.012982664629816967,0.12946907069999722
Santa Barbara DMV,1,27,0.16135077595848724,0.23427768196496696,0.046712141113217746,0.10872351043616177,0.22418782466815573,0.03527753694517602,0.18947053441984782
Santa Barbara Dance Arts,1,5,0.00493830046616488,0.00210057434160256,0.00094723734073336,0.9018443703651429,0.0353580040391534,0.0031115875113755,0.051699899882078126
Santa Barbara Dental Care,1,47,0.06733393186624058,0.07252236780155683,0.10497894245379433,0.34880944438454536,0.22032657004100206,0.048683406544869044,0.13734533067079296
Santa Barbara Dental Spa,1,22,0.05663267492358993,0.05775219337506725,0.04698170180199663,0.47157825699965045,0.30112956129861146,0.020602765704759104,0.04532285927879534
Santa Barbara Design Center,1,38,0.02530555535064956,0.05455465448137956,0.01354172443940397,0.43787472837874175,0.23816758260670065,0.013810889901115364,0.21674486851368682
Santa Barbara Dog Whisperer,1,15,0.032093616466348326,0.05052020922303195,0.18188984850421544,0.25259340306123096,0.31868043467402457,0.012834529477792433,0.1513879556053628
Santa Barbara Dojo,1,55,0.03491099005649709,0.0155421145456123,0.03722891219764604,0.6577614358668639,0.1502913913266225,0.02142635190393771,0.08283881777791641
Santa Barbara Electronics Supply,1,9,0.012381734326481767,0.012787879438191178,0.0035696423179210662,0.450738836493757,0.31092876889225507,0.016404806093002308,0.19318829973538712
Santa Barbara Elopement,1,15,0.01142333438619966,0.003412525107463147,0.05685305410685634,0.5101532536248367,0.2063280994693438,0.02106759223776554,0.19076213579004006
Santa Barbara Emotors,1,10,0.02225468675605949,0.015162119013257268,0.0028067706094588502,0.31210230244323606,0.349077995121479,0.09675214267335827,0.20184396058320994
Santa Barbara Estate Planner,1,7,0.01860903423013426,0.014249110827222414,0.0743379666736083,0.046527824464387094,0.47171362449548077,0.022508421164405084,0.35205401859379243
Santa Barbara Face Painting and Henna,1,9,0.0106290127150714,0.005220644447642011,0.0017986675763191668,0.6098093738158544,0.20336625642246664,0.005646593532421466,0.1635294515225622
Santa Barbara Family Chiropractic,1,36,0.013016391364443583,0.019751557779575955,0.07519085424832556,0.3370861533654129,0.36025599861103624,0.0705877297182774,0.12411130629738581
Santa Barbara Family YMCA,1,38,0.06548021249105462,0.07630679026662711,0.03481619192078999,0.3776701382088695,0.2081983407322121,0.090291310454057,0.147237023516362
Santa Barbara Fertility Center,1,24,0.055751063443797905,0.03815814433134312,0.029670459053401474,0.37511600107245613,0.2559116809473683,0.07628803663343807,0.16910461438237687
Santa Barbara Festival Ballet,1,5,0.00383985042572014,0.00936868053395298,0.00230787728214632,0.7022838175296784,0.19983391910791393,0.0056561898440122,0.07670964766293761
Santa Barbara FisHouse,1,1165,0.02211185565958786,0.12619142630804514,0.008688444455112724,0.47346535912952725,0.2330468269178939,0.04559498598095616,0.09090110074270057
Santa Barbara Fish Market,1,338,0.01939662979135957,0.09466465889759007,0.013932388003594495,0.3262054374075209,0.3665390124285494,0.047526604299965275,0.1317352702814986
Santa Barbara Fit Body Boot Camp,1,7,0.025292350444942685,0.015673658610986758,0.09950212731824389,0.4257773442992142,0.23277680974985868,0.017594909977300857,0.18338279768691526
Santa Barbara Floral Artistry,1,12,0.027313532870418048,0.006016195967579983,0.0694294308026049,0.5753158083340774,0.15532088617328552,0.008785471805216067,0.1578186517193292
Santa Barbara Food Connection,1,9,0.05882700804310535,0.02299535284853639,0.0028524632410456335,0.5699050707949532,0.22852557649215058,0.0255502259307023,0.09134429641481898
Santa Barbara Foot Clinic,1,12,0.1467147942166775,0.19363530339129886,0.17374032697989603,0.10824408667394886,0.18720608996227384,0.04003576682104414,0.1504236450224804
Santa Barbara Forge & Iron,1,5,0.0166055623441934,0.015872830525040578,0.00213340504560612,0.23747847741469735,0.5640216559171677,0.010180427553132119,0.15370764518156646
Santa Barbara Frame Shop & Gallery,1,6,0.009278143368040467,0.005545719255072333,0.0019106964270273333,0.5529554175833861,0.349866575251023,0.00636690075043585,0.07407655365144208
Santa Barbara Gas,1,20,0.1771008786046877,0.196997643035138,0.017771356398588935,0.16967875834670845,0.3268489929847419,0.016938187513733237,0.09466418648953547
Santa Barbara Ghost Tours,1,8,0.003528685316268775,0.011432490704464662,0.11557390971574928,0.5363347983220592,0.18355953670106825,0.004778718197485388,0.14479187119286505
Santa Barbara Gift Baskets,1,28,0.02214537517699807,0.0121728756119929,0.009958575342482439,0.5103041167853267,0.2856942973365741,0.01247861491616013,0.14724614880313827
Santa Barbara Golf Club,1,43,0.08409682137155251,0.16941519843977548,0.006030728861142635,0.29449474412763793,0.297954814075384,0.03992184393140375,0.10808583304047753
Santa Barbara Green Clean,1,14,0.0953273761884442,0.05298869767492366,0.031520421225910165,0.19248016564441575,0.3654499091207981,0.08757161922819376,0.1746618074498006
Santa Barbara Guitar Bar,1,16,0.010090730589581594,0.07452890115382609,0.006029427000612444,0.3594476098951418,0.31539866211824114,0.030703473195899226,0.20380121383641378
Santa Barbara Gym & Fitness,1,16,0.047682952194008914,0.0250328069159877,0.0024580518147558376,0.4933329950654297,0.27850742690498004,0.08800439863989593,0.06498136994196098
Santa Barbara Gymnastics Club LLC,1,14,0.09349677420271159,0.1468877558820947,0.037681666061481676,0.3519704032098941,0.17082148610747283,0.14526390683438092,0.053878000189018
Santa Barbara Hair and Makeup,1,26,0.010958818427752655,0.01817646678850552,0.002343085293362519,0.7271078938636213,0.13892479119105977,0.00515655258473433,0.09733238416867182
Santa Barbara Harbor,1,32,0.03466617665617373,0.04318831374439464,0.008990084578726906,0.579625857368228,0.24275190007756461,0.04326387980836439,0.04751379762092252
Santa Barbara Harbor & Seafood Festival,1,22,0.04545850877184417,0.034769768911329144,0.0023066614601041,0.47607426093467936,0.30977056167003786,0.015947970191270745,0.11567226333797652
Santa Barbara Hardwood Floors,1,5,0.007645393209531839,0.00454703037394206,0.00149841401143926,0.6704564273357392,0.18037495911121365,0.00387109413277352,0.13160670883953568
Santa Barbara Heating & Air,1,6,0.03139910389048352,0.017016371168817032,0.002466579132790933,0.2077622942160815,0.28663900059958297,0.03616190759930755,0.41855473816394806
Santa Barbara Helicopter Tours,1,52,0.005682985794219998,0.005609707541365231,0.03901823518446265,0.656788935741553,0.11434544661404702,0.01186879236663042,0.16668590205685735
Santa Barbara Herb Clinic,1,10,0.0907660616212524,0.01789197667967523,0.2458707767655141,0.3467122107045725,0.2561047363094985,0.02338831531815224,0.01926593841053541
Santa Barbara Historical Museum,1,34,0.03332932006143138,0.018611087857553797,0.012273063206949278,0.5785698096391142,0.21440388593713147,0.031857483794310026,0.11095535779810123
Santa Barbara Hives,1,5,0.00427100835368034,0.01209826397243882,0.0014840279356576,0.653011724166572,0.10350892618298524,0.00309631247073404,0.2225297527387738
Santa Barbara Home Improvement Center,1,113,0.11075228636680513,0.16346563746075068,0.02088241293651369,0.22531776508265913,0.31038321919772216,0.05865860753795704,0.11054006622397476
Santa Barbara Home Inspector,1,13,0.016617591062990485,0.013134536870683555,0.014128077488679116,0.11601361456828617,0.7880537143120399,0.005703270757714084,0.04634922004949583
Santa Barbara Honda,1,174,0.11869069832529676,0.09426844886827931,0.06045315116771022,0.2109810608136735,0.31096242971975224,0.07254737062612544,0.1320968407243704
Santa Barbara Hot Rod Limo,1,29,0.004434994636665465,0.003132215024630386,0.0014838105587464826,0.8087016817760365,0.08456894087380372,0.034682009927125536,0.06299633879599896
Santa Barbara Humane,1,35,0.09506797964152477,0.16927668948857377,0.05691838467610064,0.2489538459739248,0.2987266044897426,0.059872877820660975,0.07118361792527134
Santa Barbara IT Solutions,1,20,0.02096257003140631,0.0061367042450001,0.04889590199600202,0.2952640407835133,0.44247510673012586,0.0238145725044887,0.16245110211893912
Santa Barbara Ice & Propane,1,13,0.04699710851463557,0.016398464087755,0.009854783433883475,0.32443605846940315,0.3910021695953149,0.07943523245362132,0.1318761989151915
Santa Barbara Independent,1,6,0.08940060211655991,0.1876132787050058,0.00407846883172165,0.050630897244748924,0.4972481330235799,0.08733531273901458,0.08369328031161176
Santa Barbara Inn,1,181,0.01890148197169519,0.08005918552475148,0.024569517102971037,0.44189803227984853,0.23489763797003546,0.03286028606302579,0.16681385978423466
Santa Barbara Internal Medicine Group,1,10,0.1945831011049449,0.16780557620804754,0.00723589088884178,0.12820949111483054,0.2277103247120976,0.04298929837532336,0.23146630304399873
Santa Barbara International Film Festival,1,8,0.05688624088361389,0.014817088376730625,0.005190427109482663,0.284785323543474,0.40377536648884416,0.08477016014512626,0.14977540494874117
Santa Barbara International Marathon,1,34,0.06567984563298519,0.12022098932100235,0.0526814802904161,0.1338068924258764,0.2642420581541955,0.15009801925899569,0.21327070238561752
Santa Barbara Jet Boats,1,41,0.06285646342013662,0.03466512802874709,0.03880529565290861,0.37267538702410713,0.2870534879905058,0.07988860210540086,0.12405563466160031
Santa Barbara Jumps,1,8,0.07706072082510214,0.03784311818890269,0.026590370282065075,0.10699741615098896,0.38511416013352573,0.19017736910609526,0.17621684574987737
Santa Barbara Koi,1,13,0.09344000433786553,0.014255763183777683,0.17659284634954434,0.2201166208117054,0.4154800625088123,0.012579666155103824,0.06753506579507997
Santa Barbara Krav Maga Family Self Defense Center,1,22,0.01571832039520478,0.017672009099359485,0.05618566705379632,0.527084312909706,0.24269791082902384,0.007918907514646264,0.1327228747011924
Santa Barbara Lampshades,1,15,0.025957796365643493,0.017130530253052674,0.016325980370553786,0.32408931193252405,0.3411957583700617,0.05834542919571196,0.21695518357058363
Santa Barbara Loan & Jewelry,1,5,0.09697246742434797,0.07321757343597705,0.04240759599488224,0.29740105737000705,0.16708754058927294,0.02944041702430688,0.2934733534231782
Santa Barbara Locksmiths,1,43,0.0767275788036153,0.09661863613223956,0.023057199243678078,0.22199610481444784,0.40253500456293656,0.05352268611124258,0.12554277985378404
Santa Barbara MTD,1,31,0.16755447572007048,0.15751051909906122,0.08089426063909942,0.10264065296336583,0.2794150780405729,0.08170540123096394,0.13027960556979856
Santa Barbara Maritime Museum,1,26,0.038034975201858584,0.030816007627156302,0.007851428809002563,0.506955828090073,0.35146216347885245,0.005719570053490551,0.05916001014590547
Santa Barbara Mattress,1,32,0.07454675229018899,0.06628490571983997,0.031049592896124478,0.38267116713541327,0.2872805955485091,0.03933428292293679,0.118832705222303
Santa Barbara Mobile Massage & Spa,1,15,0.00633280296654746,0.005747018013304673,0.060165873825705256,0.5803029896691442,0.1389191790794332,0.004950837433958987,0.2035813189577311
Santa Barbara Mobile Notary,1,14,0.008975796750746614,0.0025292390824428004,0.0032293217082041714,0.47886010786584976,0.23368711909279224,0.07798498008300413,0.19473341499854405
Santa Barbara Motorcycle Rental LLC,1,6,0.011235948593821316,0.0067627382328888505,0.0022130444219025,0.5401486034194628,0.3381931168648104,0.022293504870807085,0.07915304368361825
Santa Barbara Motorsports,1,62,0.07853836267660819,0.08499693768774906,0.04361247217034796,0.24117173290728858,0.37159014865756035,0.05050287895174993,0.12958747263426978
Santa Barbara Museum of Art,1,101,0.01392134694649953,0.046495560976206315,0.008838341125900267,0.4481224257047726,0.2632070139861933,0.05037575360389865,0.1690395727873512
Santa Barbara Museum of Natural History,1,121,0.007550372016685386,0.03793862053146966,0.018312079640497855,0.5233246918059578,0.23586855933824474,0.05240790720274745,0.12459776970203808
Santa Barbara Museum of Natural History Sea Center,1,99,0.009627044606586923,0.0604062972453921,0.019071879186091253,0.49902061328663483,0.28391977996480733,0.016448110782992836,0.11150627098083869
Santa Barbara Nails,1,30,0.026713980908971237,0.0826612281001871,0.03321764004746602,0.4119644898494395,0.2363465469330549,0.055067101311093776,0.1540290247959395
Santa Barbara News-Press,1,17,0.10597267349743664,0.3147335993262994,0.03446390890680687,0.04121531510506478,0.32375562010223374,0.048288435456069034,0.13157047351877035
Santa Barbara Night Market,1,11,0.004778239897198264,0.017916523597457164,0.005825356289278646,0.6098685846240683,0.12570999376475808,0.09515462013554163,0.14074668271297755
Santa Barbara Nissan,1,71,0.07129233087491711,0.10905037729789394,0.04452920777634647,0.3805137587986676,0.22861547219324327,0.054095319600146165,0.11190353983252396
Santa Barbara Orchid Estate,1,37,0.04762175474064169,0.03972836917366928,0.0058415717424862195,0.29105058466273076,0.2991775087257092,0.07549871552760733,0.24108150424561584
Santa Barbara Organic Kitchen,1,5,0.00663532037287948,0.04182205265387888,0.00182104319101196,0.4932258889079094,0.42346095144748686,0.00894977631978686,0.024084944650530758
Santa Barbara Outfitters,1,14,0.07811652603725498,0.011749431677994141,0.002468870200183464,0.4538468907537338,0.2831815313215234,0.0075253999509315925,0.16311134318155895
Santa Barbara Overhead Door,1,32,0.033150517876492765,0.03226706125133201,0.038312363460136056,0.27635772673966125,0.44501581793883815,0.05174398526287401,0.12315252052212596
Santa Barbara PC Mechanic,1,29,0.024462212696029145,0.009521273129362694,0.0667401253665267,0.25345533549111204,0.48838047983510224,0.03222761764833377,0.1252129696919743
Santa Barbara PC Tech,1,11,0.03161189858589996,0.011481449230235374,0.015193852659484147,0.19282358941960737,0.5427377007224343,0.0602028510448607,0.1459486871873113
Santa Barbara Paint Depot,1,7,0.021642929741314428,0.2202660494284438,0.043490271715979446,0.2647980339658845,0.3621158861954297,0.008843029815969685,0.07884379951948563
Santa Barbara Pension Consultants,1,5,0.14919874351471657,0.26026531369425354,0.0874494378454983,0.11693475748179476,0.09448002362623806,0.2807177657261491,0.01095398315228518
Santa Barbara Pest Control,1,11,0.03221842443401157,0.05605052045377137,0.045237690586046354,0.2243686851156367,0.45752923359925096,0.012125993930649991,0.17246948364614084
Santa Barbara Pet Hospital,1,17,0.0530282736084807,0.11797553563819208,0.08042650615714267,0.31954928608748184,0.26587513154920406,0.10827075098367296,0.05487451222999126
Santa Barbara Plastic Surgery Center,1,25,0.04180085872532796,0.08872219733661037,0.07429361231625076,0.467303750119172,0.23103942034766076,0.045921945441514206,0.05091821156442161
Santa Barbara Plumbing,1,11,0.04419810109009792,0.040300896602936724,0.006196489123712173,0.23374904343985356,0.48857542288235645,0.023799606344916565,0.1631804493001916
Santa Barbara Police Department,1,25,0.24214527979027475,0.1923026397079229,0.051620654873549894,0.1584496841114014,0.15274462446570392,0.07440876977518196,0.12832834021421147
Santa Barbara Polo & Racquet Club,1,24,0.005584771264693655,0.08479366836885062,0.013301631280531433,0.6518660255387658,0.10848872825348126,0.02924121196459353,0.10672394566548364
Santa Barbara Precious Metals,1,13,0.0329267409486839,0.06199475678686907,0.14290383426794923,0.2446160528522271,0.41834337622500384,0.04582206969364327,0.053393161103415916
Santa Barbara Preschool Learningden,1,6,0.04389089935769632,0.19345256478603304,0.09660777535464143,0.4351826147079312,0.1718510615173727,0.005551629544546167,0.05346343922428781
Santa Barbara Progressive Skin Care,1,8,0.012889059144072176,0.01840388463460836,0.004579109350743175,0.5279991594143212,0.21601976850070057,0.0177344837575219,0.20237452327273783
Santa Barbara Public Market,1,271,0.015142785671993536,0.0432595752153418,0.00817802069655862,0.46811164530059424,0.27377200811264546,0.04914980449729227,0.1423861599824566
Santa Barbara Radiator,1,5,0.1421094143763184,0.1945564657449722,0.03683832297101612,0.22172331463079892,0.32835629135370253,0.02030854048207398,0.0561076407320797
Santa Barbara Roasting Company,1,515,0.020620763007646325,0.09400567987117714,0.008859457536340525,0.45969567955222923,0.26237752938832976,0.06626587073766234,0.08817501842746173
Santa Barbara Rock Gym,1,57,0.020401413805717392,0.0191736602971918,0.03589647098468906,0.5162774596154984,0.2865762001785792,0.020449787190412697,0.10122500929834415
Santa Barbara Running,1,13,0.0417241239562057,0.06084055976512336,0.03204274238445431,0.3437668973257622,0.2844091189595369,0.019161456443655907,0.21805509072370247
Santa Barbara Running Company,1,30,0.028872665041126268,0.03669959750550329,0.010151676211777705,0.3295672149630263,0.3177149900235235,0.08756447245056426,0.18942937000344193
Santa Barbara Sailing Center,1,136,0.058753962759510565,0.06035516452539008,0.03863293794604349,0.4943988722989161,0.2137989905724466,0.055306443611591295,0.07875362986284441
Santa Barbara Salon,1,152,0.03736440049282173,0.06672708508975977,0.02945162158845812,0.5072775537815974,0.2081712036773464,0.019214770401288755,0.13179336795522092
Santa Barbara School of Mosaic Art,1,7,0.06114699578444867,0.019627394936313543,0.005159867120840157,0.6049212334411485,0.12865030512745887,0.006336538403827114,0.17415768639849763
Santa Barbara Screen & Shade,1,32,0.04510307803138853,0.06516725862093149,0.0372744403111937,0.3302803526639763,0.32601606684329454,0.052676052899187156,0.14348274856092755
Santa Barbara Seamstress,1,6,0.01153161547457175,0.0068181108217686,0.0026239239183875,0.36419541637102754,0.35202645572523267,0.004957436739156583,0.2578470163668195
Santa Barbara Shellfish Company,1,2420,0.01678221445320908,0.11086096110821539,0.011719659237469562,0.40244131914102677,0.3207523694468762,0.04540137443361965,0.09204210135037044
Santa Barbara Sherriff's Department,1,6,0.146757099040163,0.46071626734919846,0.02299696414653828,0.03237452655836623,0.04044324190666275,0.01893281717396648,0.27777907401711366
Santa Barbara Shoe Repair,1,64,0.06720151739318676,0.0541601515769798,0.010053210690784862,0.3000759480264605,0.30053465958917513,0.04630467238530396,0.22166985526564528
Santa Barbara Signs & Graphics,1,15,0.027069125433141935,0.0603785550765072,0.00195402541624688,0.37000189602064587,0.45442356610049806,0.010250569973140914,0.07592226041015233
Santa Barbara Skin Care,1,45,0.10450428876404957,0.1895304806737436,0.09207948828374755,0.1237293982153965,0.33092212390878956,0.06561072125720477,0.09362350093304277
Santa Barbara Skin Institute,1,22,0.0972528695446354,0.09204957546369931,0.08531356451302677,0.25834625724449073,0.2908683531409637,0.04195800888225092,0.13421135215850713
Santa Barbara Smiles,1,9,0.005758613580837801,0.09378947508392023,0.12718428545243413,0.5573385739699006,0.19487548707466984,0.006885424954816644,0.0141681380466454
Santa Barbara Smog Shop,1,88,0.016665481767797034,0.020434186938721424,0.027525624829153904,0.3419882145932536,0.4592594383972358,0.01513388067409815,0.11899317904714152
Santa Barbara Solar Panels,1,9,0.01015149331134221,0.003992162431435,0.08886040910147125,0.5074060750711296,0.24997779126796457,0.07172179912837838,0.06789025478065008
Santa Barbara Spa,1,13,0.012262507019421177,0.01708734132206207,0.004875145626451331,0.5064830265652674,0.3200049363793089,0.007573416170019308,0.1317136349299779
Santa Barbara Stone & Masonry Supplies,1,9,0.13758759045352537,0.10756409972802629,0.005549213661450022,0.14298419663423878,0.3714853303713931,0.07022726825541917,0.16460229032155535
Santa Barbara Stone Masters,1,5,0.01400605775415894,0.011860290914773919,0.00178565996466202,0.23797555938363074,0.64391538053751,0.0226161791943013,0.06784093827009198
Santa Barbara String Quartet,1,5,0.006216470897197681,0.00579890385270114,0.0016275830566882601,0.7471969485282898,0.1452611744403839,0.0039678816683590004,0.08993103522807357
Santa Barbara Stringed Instruments,1,5,0.01202794592827554,0.0047490579425357,0.00176775037543846,0.4980528935790062,0.22787516266107555,0.01188922990113492,0.243637965247035
Santa Barbara Sub Zero & Viking,1,19,0.029334242504678223,0.02305623328337735,0.023482186670758163,0.27402972513319623,0.5010721118826615,0.01419340132882716,0.13483206780725399
Santa Barbara Sub-Zero Refrigerator Repairs,1,12,0.03819482044006383,0.00923020001694865,0.006024662628381767,0.3233889096106092,0.4727844342899819,0.009357572940643825,0.14101943016673124
Santa Barbara Sunrise RV Park,1,91,0.03174262946717191,0.1392113199037919,0.04021414677621434,0.3265759501664433,0.34734702398386463,0.03180439363407724,0.08310453302436759
Santa Barbara Surf School,1,22,0.015330791933758305,0.026006270213243077,0.05168764638206494,0.5581171227386221,0.20222146089442747,0.014386713510082817,0.13224998870017848
Santa Barbara Surfacing,1,18,0.06008752144407476,0.030968487948282677,0.09595342678625857,0.24871126414897538,0.32039367035031313,0.023307350360684872,0.22057828352424413
Santa Barbara Surgical Center,1,9,0.016236186415577877,0.014667067288731489,0.1466564973428224,0.4199942161536051,0.1309082268012894,0.048350368755766045,0.2231874388332168
Santa Barbara Tamales To Go,1,9,0.09533788375039062,0.02075391658581789,0.005702286299007589,0.3902839265194618,0.2840369451377127,0.05813471884984103,0.14575033779773441
Santa Barbara Taste,1,49,0.01783122824462203,0.007111563740478658,0.002281069563112494,0.6245319175400904,0.25829335619524424,0.004972673992968436,0.08497819413754097
Santa Barbara Tasting Tours,1,18,0.004648036281448833,0.010371902210560273,0.001665798526826361,0.7181546471676685,0.18445688962108556,0.003996830588827478,0.07670591846625835
Santa Barbara Tax & Accounting Services,1,8,0.013060704572126212,0.005401131813414338,0.024777803395409102,0.4612775078276172,0.3542097345925867,0.0045905635197413495,0.13668257414246904
Santa Barbara Teachers Federal Credit,1,7,0.00899401177386083,0.017284973823864486,0.022623126270315957,0.15409466877047498,0.5371927097439766,0.08980587583833502,0.17000462247857023
Santa Barbara Tennis Club,1,5,0.031228821910917737,0.16969963917508718,0.0008277185668702801,0.7213385784765706,0.06114651951938864,0.00505387145094568,0.01070481697097416
"Santa Barbara Tile, Marble & Stone Care",1,6,0.0183050936708847,0.00983886281028385,0.0020969685089463333,0.14413935209934906,0.5224221075574557,0.02700697444379325,0.2761906307811538
Santa Barbara Tire and Service Center,1,110,0.03596537521066648,0.04037025805234651,0.020724977592048607,0.36194799213077533,0.37467126649889076,0.031161845918871757,0.13515828337562688
Santa Barbara Tourist Hostel,1,30,0.02074801954052717,0.45756207156615947,0.04067391670541832,0.16724104271949422,0.10689582003590957,0.031233184621669293,0.1756459764166114
Santa Barbara Tours & Experiences,1,5,0.00210181766888122,0.00234245541505512,0.0012104544555767798,0.9150912642478943,0.057542362576350516,0.0023446943378075402,0.0193669096101075
Santa Barbara Towing,1,24,0.1530824120272882,0.15159590300269576,0.07413730952733504,0.12259800233247609,0.29267850976126886,0.11238921876065429,0.09351862274343142
Santa Barbara Trapeze Company & School,1,35,0.0038276447315832938,0.0036644800474667227,0.04157278942044021,0.6826189344748854,0.04646492838593461,0.0029427932974482804,0.21890843019022468
Santa Barbara Travel,1,17,0.03976149844717886,0.011560268385116618,0.06734171911033193,0.29384174362263255,0.28808862836483645,0.09856130683328954,0.20084485103485775
Santa Barbara Trolley,1,73,0.01874188969808001,0.023207337957127483,0.006357869745330988,0.5870146824681672,0.25926857414872273,0.0312998590620923,0.07410978293365296
Santa Barbara Trophy & Engraving,1,9,0.024507223188670112,0.0067156679449706,0.002378407594126911,0.4849698386258549,0.3633617307059467,0.0088383458140823,0.10922880049070544
Santa Barbara Urban Wine Tours,1,8,0.012095074664102812,0.008255487802671213,0.0015055747317091375,0.6995843071490526,0.20877498225308952,0.004682996368501288,0.06510157964657988
Santa Barbara Vacation Rentals,1,16,0.24685579320794201,0.11816642047051569,0.011148846813739456,0.30761148880992545,0.20338954811450088,0.0416381323811947,0.07118976442143317
Santa Barbara Vacuum,1,11,0.10468476560940454,0.03072183478665957,0.10930949721792284,0.25926827584308654,0.3259179560806263,0.013974887551739755,0.1561227744783867
Santa Barbara Vapor,1,20,0.0316688226535916,0.07134646002668883,0.006376747049216594,0.4153628085477976,0.3411460299044847,0.0568729531834833,0.0772261858452111
Santa Barbara Vapor Downtown,1,15,0.009128267876803835,0.01947065150210007,0.0025272032129577734,0.5040994058052699,0.3229712919642528,0.012304169917479105,0.12949899360537526
Santa Barbara Wedding Coordinator,1,34,0.024098244577865347,0.016619141446426462,0.009417178258231303,0.4316666409140453,0.3109930566621615,0.055253799631506825,0.15195193136220464
Santa Barbara Wedding Films,1,20,0.010968323599081429,0.006768400184228045,0.0037399508088127946,0.6223000541329384,0.1949970456305891,0.046654289594152895,0.11457193330861623
Santa Barbara Weddings,1,12,0.030453265353571558,0.0085480306394553,0.0043971590979102,0.49615812953561544,0.32973597509165603,0.005500704787361075,0.1252067467042555
Santa Barbara Wildlife Care Network,1,6,0.11111700728846086,0.05800469142074382,0.14960063683489955,0.27574094039543223,0.2177642037471135,0.008617825262869349,0.17915467863592005
Santa Barbara Wine Collective,1,84,0.024484183051667704,0.09587687721622859,0.03680557458539533,0.4945640181214826,0.1897690462425262,0.04512225127906445,0.11337804766316406
Santa Barbara Wine Country Tours,1,23,0.008325752665531651,0.0069910986931062775,0.0019486220528209131,0.7624818553095278,0.15833633174390893,0.008386012262907637,0.0535303274898425
Santa Barbara Wine Shuttle,1,6,0.005548458332971917,0.0047577052027918,0.0013716920414783666,0.700361097852389,0.20565855316817758,0.011053410242311615,0.07124907337129112
Santa Barbara Wine Spa,2,108,0.08766828946654973,0.0658063205676929,0.03302230730844674,0.44612462407342346,0.16409729039986373,0.05977099493396015,0.14351016517159423
Santa Barbara Wine Therapy,1,256,0.05559793504312434,0.07506483544227645,0.008198949943562135,0.6171351723812677,0.14222871893434783,0.031207144226300398,0.0705672501574099
Santa Barbara Wine Tours,1,7,0.05959803624344717,0.2654214693632509,0.06964032345318363,0.11872084715287198,0.35785902617499227,0.020489783259108614,0.1082704776698457
Santa Barbara Winery,1,411,0.03554897469501267,0.07353492458651197,0.015779920969346155,0.4674352366504018,0.26964514896017555,0.03361863080412711,0.10443716109990887
Santa Barbara Women's Imaging Center,1,13,0.07970856418474931,0.16878314140754247,0.15721507435843632,0.16855164428349007,0.3320534094594991,0.03558979129705287,0.05809835348134998
Santa Barbara Woodfire Catering,1,21,0.019687385830496,0.008413068761694235,0.004081238992512181,0.6183668479678177,0.2511737516948155,0.0061989321728192145,0.09207877166391834
Santa Barbara Yacht Club,1,16,0.0366740961108007,0.053024536035081775,0.04732861191223488,0.6332505512618809,0.14260817843023685,0.010393625765573188,0.07672040016041132
Santa Barbara Yellow Cab,1,14,0.2295041406261069,0.22854938970080438,0.23587927568171702,0.04966690170944531,0.12754825978273787,0.05384138934979477,0.07501068016946577
Santa Barbara Yoga Center,1,43,0.03492383173055032,0.03488607262396574,0.030593731255151368,0.6415186444687289,0.16537325731803507,0.027208321833398233,0.06549615609773625
Santa Barbara Zoo,1,686,0.018009414539019712,0.05415065843843085,0.008581757255281345,0.4984006892612106,0.21748933240563575,0.10705128734549177,0.09631686111109099
Santa Barbara's Paving Stone People,1,10,0.039090099534951094,0.01903300869744266,0.06579566749569489,0.26898116056108845,0.3955490392632782,0.1341747878119349,0.07737625180743629
Santa Barbara's Wood Fired Pizza,1,5,0.039120877394452656,0.0916906113736331,0.00433008975815024,0.33497817791067064,0.2410210661590099,0.06892441082745786,0.21993475053459402
Santa Barbra Singles,1,13,0.1968664010413564,0.15188132833617807,0.04649933226084187,0.21098725966070414,0.20118012680457184,0.10350605019798068,0.08907950916685732
Santa Claus Beach,1,25,0.007297501405700992,0.0128822259092703,0.00886204653186718,0.5495916222594679,0.32813488047569983,0.011514285570010496,0.08171743519604201
Santa Cruz Markets,2,56,0.03454649916342788,0.041454352700384285,0.021518916332362432,0.36991606249856496,0.4026153356867975,0.035316888012208135,0.09463195024623663
Santa Monica Seafood,1,21,0.007935143993346938,0.11771043594593976,0.029404521903156122,0.4838610124646775,0.27576676042129594,0.013642985479063533,0.07167915579685494
Santa Ynez Burrito,1,8,0.007443472073646213,0.225918198673753,0.0020700401219072998,0.44379857131571043,0.18018178618513045,0.0113752417673822,0.12921269409707745
Santa Ynez Student Housing,1,5,0.02256754394620654,0.2158974698744714,0.039119688025675656,0.19301287928828964,0.40613949447870257,0.04597260635346172,0.07729029711335894
Santabarbara Regenerative Health Clinic,1,12,0.004857532078555425,0.006158959654082192,0.007334619134780891,0.49193415185436606,0.16360860826292384,0.08459792782862978,0.2415082046257642
Santana's Tailoring,1,12,0.10105908167315643,0.0237280012321813,0.003585401825451541,0.2959509762198043,0.3867268298442165,0.03403413631410024,0.15491556826358036
Sante Pilates Studio,1,7,0.007330514773327272,0.0075599419734706285,0.0019426947484524287,0.4432115506912981,0.2820439848250576,0.005151291876765185,0.25276003911026884
Santo Mezcal,1,994,0.019371470162631816,0.07104061501114357,0.010233411443356696,0.5357095867199111,0.22433001703303493,0.023318089249284264,0.11599680914615475
Santorini Greek Island Grill,1,35,0.016760255103664686,0.09153493583767802,0.0033417614800522457,0.4443258578722764,0.24312333813203227,0.09650677999348507,0.10440705648756447
"Sara Yegiyants, MD",1,49,0.014190589005308065,0.02118862616563478,0.07431831672711635,0.47104417964131856,0.20754407309185785,0.08789980910452344,0.12381440374468049
Sarita Relis Photography,1,19,0.007711191937376352,0.005084687583516058,0.03706957058870768,0.6739402593750703,0.19750185781403587,0.004846486226214347,0.07384594792107997
Sartain Emergency Plumbing,1,24,0.0663439349251954,0.055078548015444484,0.10482521109467291,0.21439096399020244,0.3899711307991917,0.026311534757648237,0.14307866532665983
Satellite,1,161,0.014953056863734672,0.02853502704066318,0.009110190603655702,0.6147192420274517,0.19421791330107155,0.02896470692976206,0.10949987254354242
"Sathya Fennell, LMT - Spathya Day Spa",1,6,0.009850816975813284,0.010566882517499184,0.002653156445982517,0.7297032022227844,0.15751109303285674,0.04691076802555468,0.04280410008504981
Sato Stuart DDS,1,5,0.07528535001911218,0.0718621993437409,0.0129725749138742,0.3097146099433302,0.4499437972903252,0.02264388771727678,0.057577586080878915
Saturday Fishermen's Market,1,9,0.010893498081713866,0.03701713422520286,0.0029245691580904224,0.45275553729799056,0.4541005988915761,0.008924603837335232,0.033384059452348236
Saturno Home Inspection,1,12,0.02273993911997722,0.03794444437759613,0.0052375909484301585,0.32732730444210273,0.31302185511837405,0.032527029805351,0.2612018144379059
Saunders Law Office,1,5,0.01238604555837804,0.017675829492509322,0.00586194474017244,0.42224383279681205,0.32412306964397425,0.00357177439145738,0.2141374915838241
Savor Santa Barbara Food Tours,1,21,0.0031428394140675235,0.003638467321815357,0.0017421927644005856,0.7488143406808376,0.0941967458597251,0.020468239400846206,0.12799716799608649
Savoy Cafe & Deli,1,585,0.011513979560854742,0.050762943081004486,0.004141156450282082,0.562345228147888,0.2617210143667637,0.03319425326055627,0.07632142137736077
Savoy Wines,1,7,0.002029864608110543,0.002913879105887728,0.0008339682743618,0.764087707602552,0.07168561838833344,0.13798346613267695,0.020465508968170145
Savvy On State,1,8,0.16421343921683726,0.1810492372605949,0.0386647645500488,0.04932428528263694,0.26526697305962443,0.034289106552023385,0.2671922140871174
Scarlett Begonia,1,917,0.021123395192666865,0.075687934844375,0.0073940725620041305,0.5084210881531607,0.246090062864728,0.03946280793079669,0.10182063885829372
Schneider Autohaus,1,30,0.04493785053103537,0.02263049187798359,0.07820728080114345,0.40241416890251763,0.34990990327981614,0.02652682620100672,0.07537348216865206
School of Living Dreams & Santa Barbara Psychics,1,8,0.0063461035897489125,0.0069753714342368125,0.002689239394385325,0.5018046885670628,0.2685918174684047,0.0077421176247298,0.20585061830934132
Scolari's Food Co,1,6,0.011688350040155117,0.16348217943838486,0.0015562685342349666,0.1999869340021784,0.5644779608895382,0.025055582091833117,0.0337527085212059
"Scott Dewhirst, MD -  Sansum Clinic",1,6,0.10253561738257604,0.07875274707718438,0.0063195434243728,0.10109366955778869,0.4716920905436079,0.02296254533575842,0.21664379669042919
Scott Kozak MD,1,20,0.13524293076479804,0.15277864585514175,0.091355193441268,0.26824184463475825,0.2788354524411261,0.03020495051750908,0.043340999586507625
"Scott Tobis, MD",1,9,0.12021607015695832,0.05529130750801409,0.06323422883482024,0.3653489375202399,0.27071806571135915,0.008822567890294678,0.11636880249716339
Scott Topper DJ Productions,1,27,0.023855754514914642,0.032488829794736475,0.010877717075076041,0.5735760718127023,0.24519566491384193,0.011391084904230526,0.10261487971163454
Scott Williams-Fine Homes,1,10,0.00934862249996508,0.00785484202206128,0.03155610492685806,0.3329780221451074,0.5810327105224132,0.0048994262004270605,0.032330263592302746
Sea Glass Window Cleaning,1,11,0.017026377460834588,0.025397850750860793,0.004696770042011637,0.3841622163626281,0.36851527575742116,0.009664336452260563,0.19053718379952686
SeaVees,1,12,0.014158004176958101,0.00502059546609715,0.0029499581578420002,0.5646613330269853,0.26634464723368484,0.005939542839769242,0.14092589767339325
Seagrass Restaurant,1,221,0.020365881688294386,0.08113121775471983,0.017892612744600998,0.4490120550327854,0.26957984245066186,0.049776685489467995,0.1122417018771997
Sears Appliance Repair,1,11,0.1275408025195991,0.22797600829719816,0.035067416537045044,0.014935833433727598,0.2970329350368543,0.13535351750694888,0.1620935009453784
Sears Auto Center,2,194,0.10552358580093117,0.1190103900348215,0.05306110609582016,0.17019869661940973,0.3101046606562263,0.06572307634573021,0.17637848380542615
Sears Santa Barbara,1,53,0.11595602989864513,0.22484358528382933,0.03004657165784349,0.05548373367176124,0.22986805219343806,0.13106091505680934,0.21274111948837082
Seaside Gardens,1,82,0.005932577973708647,0.013565848592140595,0.0058115323375137725,0.6105605941095458,0.1602222915148226,0.020047303855634906,0.18385985264520543
Seastrand,1,10,0.00808203537017103,0.00838528999593104,0.00100562940933738,0.7853012293577194,0.1363319573923945,0.00874982904642814,0.05214401055127377
Secret Bao,1,151,0.007887964771015037,0.05903121950652211,0.014063075420543782,0.5538800711607074,0.22796458229484243,0.023949646390203506,0.113223440215818
Secret Garden Inn & Cottages,1,110,0.019116785175653805,0.0889763791320464,0.02790910182335536,0.5267275475754022,0.22697247469967058,0.045305910276841665,0.06499180905309247
SecurePRO,1,24,0.05858464989190295,0.04241725593359049,0.05141205647790528,0.22937121425638904,0.4216890702373348,0.03574623210200415,0.160779529629508
See Me Smile Dental & Orthodontics,1,114,0.03730751776745081,0.07011103124169857,0.09340431272517374,0.45988914977070844,0.17471248147551685,0.042992517454222834,0.12158298572543759
See's Candies,2,24,0.07464360888601122,0.07141175881649052,0.006561942453117762,0.3704662598465802,0.24970548853161742,0.07785900995077094,0.14935192098588834
Segway of Santa Barbara,1,168,0.0088928970078649,0.007629121053988797,0.05508655890956837,0.6967827337350518,0.12454519663394115,0.021591677592368748,0.0854718107245086
Seige Law,1,7,0.03539518140522494,0.008855931527380371,0.02201169226152284,0.2988213079848459,0.5577040868146079,0.014365678985736142,0.06284610594489738
Selena Marie Weddings & Events,1,9,0.012539366687027077,0.004002852698451689,0.14045602358399056,0.4611867545689974,0.1256761201916055,0.005032034733125689,0.2511068162404828
Semi Private Chef,1,12,0.0044556725576209,0.004043525715436117,0.12041755148675289,0.7571264415358504,0.07674970105290409,0.0026537910356030582,0.0345532947297518
Senior Helpers,1,9,0.017292726164062768,0.031901227569000545,0.0017911247398134666,0.5039440637661351,0.3102781730186608,0.09253236315109657,0.04226034011743543
Senor Frog's,1,115,0.03340415262121135,0.19515618740722696,0.03180515597164423,0.3482054219424279,0.19375979769165097,0.09226598671192056,0.10540329398961895
Sensational Pets,1,33,0.02688233206175601,0.09014053409919139,0.0033592251764440638,0.44843254807038285,0.3049486711494286,0.04566020362086195,0.08057647501824025
Sephora - Santa Barbara,1,89,0.09288870319436311,0.15007989916994935,0.04090877073611588,0.28172040391409914,0.2260886106922636,0.05384861806988336,0.15446499085087806
Sequel Salon,2,30,0.015563430658463967,0.04122548637096765,0.0022530251716185432,0.5122055298910709,0.27519132650922984,0.008794014237355383,0.14476719084583842
Sergio's Carpet & Cleaning Service,1,12,0.018388735208039426,0.10383847958291877,0.002252888002355217,0.45274264336330816,0.23963120191668466,0.005598044993045375,0.1775480228340408
Serrano Painting And Decorating,1,6,0.020988876776148833,0.016099457240973867,0.0036444459110498,0.506555770834287,0.2812733507404725,0.0073667525624234835,0.1640713228844106
ServiceMaster Anytime,1,20,0.18709458757657554,0.22905067930696527,0.06153354160196609,0.0727214558704872,0.2790761881507933,0.10202302847756069,0.06850053234375078
Seven Bar & Kitchen,1,361,0.029038508631801054,0.0918468626525957,0.018297646570627574,0.48401956072794994,0.22162315291429963,0.046960388336051984,0.10821387706965545
Seven Hills - Saratoga Turkish Imports & Bazaar,1,8,0.012440139835234688,0.11781065922696138,0.0025428025764995,0.5090103073453065,0.2884559649974107,0.007653716427739663,0.06208640546537933
Seventh Dimension Dance,1,32,0.005978082132060028,0.006366859130139297,0.012397672724546229,0.7937685153447092,0.11386618913820708,0.006940502003999372,0.0606821906403638
Sevilla,1,12,0.008837833767756766,0.05042406525171822,0.009952288994099891,0.37234680762048805,0.2916483295460542,0.10554505141529562,0.16124562321541205
Sevtap Winery Tasting Room,1,312,0.031153659666671957,0.08152320534869567,0.01433005517034097,0.6084650354239738,0.17167634722173736,0.017076567763116352,0.07577512907729933
Shaddai,1,6,0.014553006583203817,0.007571977718422766,0.00224532746748685,0.46142216523488355,0.427218667541941,0.007752635787861982,0.07923619930321968
Shades Spray Tans,1,48,0.009308210627447461,0.013455714713927537,0.07124558112082008,0.41604391438886523,0.3267361004157768,0.011071711671926656,0.15213876974303273
Shaker Mill,1,80,0.013206606058520216,0.07657491487188958,0.0029053578247839576,0.5741962266969495,0.1984434819547459,0.017282616037118663,0.11739080878614909
Shalhoob's Funk Zone Patio,1,374,0.013799452600610903,0.04760262477233439,0.009609763077236065,0.5666868233674126,0.24063237063975174,0.026732794244158566,0.0949361687199272
Shalhoob’s Butcher Shop,1,64,0.008937445587434872,0.019995162036138884,0.0018501411468604984,0.5696726112655597,0.28752245826763095,0.036149219384242266,0.07587296558631347
Shang Hai,1,205,0.014214016223417135,0.09450363688562742,0.014627614735182691,0.47197260734094193,0.27324118355243665,0.022421800888075286,0.10901914446035442
Shanie Crosbie,1,23,0.019605043551722587,0.011681764419494233,0.019949812118125937,0.6014612791249934,0.16850422729697562,0.004440419196211896,0.17435745850367387
Shanna Spencer Style,1,13,0.09131827683617857,0.06547345889087476,0.07453695973470947,0.5155525437529342,0.19825810956983608,0.006639208071506892,0.0482214476841573
Sharky's Woodfired Mexican Grill,1,105,0.01712056586651925,0.0941382159007757,0.005539580992245549,0.41774435962489365,0.23646003313894778,0.05787998013575335,0.17111726001104602
Sharon Kennedy Estate Management,1,8,0.12912214035168285,0.09554692276287821,0.30074045562651003,0.1315324388851877,0.14348683413118118,0.03273658355465156,0.16683463810477403
Shave It,1,27,0.06412310000181332,0.13272252047210237,0.0072363286399868484,0.2586636099235706,0.31502181312276256,0.11455027646971518,0.10768234525393276
Shear Artistry,2,71,0.04860267959351477,0.033814390403920286,0.018645178238266023,0.5029254183386335,0.1839736651229134,0.05408730667943629,0.1579513761090298
Shear Envy,1,15,0.025231317120293712,0.07289216514521583,0.017740062923015363,0.46901263172427815,0.30834537371993065,0.012060711920882213,0.09471771217261747
Sheepskin Trading Post,1,7,0.02260837258238873,0.11298074739586027,0.0471672835909495,0.2910815952345729,0.3592190258204937,0.0091048769453274,0.15783810615539548
Sheer Delights Lingerie,1,5,0.0034704404417425006,0.00586509711574758,0.00143661345355208,0.6655451413244009,0.27114118617027994,0.0045230524614453,0.04801848940551277
Shell,1,14,0.07152956491336222,0.20226312308971367,0.019520498088760534,0.07330959107327671,0.4046607272965567,0.05890103253269831,0.16981546921722054
Sherwin-Williams Paint Store,2,19,0.03332987240221542,0.10775759216324472,0.04298567880668034,0.27312861977904834,0.3396143277028673,0.0064825282591443574,0.1967013836470677
Shiatsu Rincon,1,8,0.01833521180378735,0.04194812286004886,0.005069304228527425,0.6680842849309556,0.10417655122000719,0.08157013895106498,0.0808163892361335
Shine Blow Dry Bar,1,14,0.015090667883798965,0.04544204119260285,0.05672884558277601,0.4747629559216356,0.2300353501923382,0.02766044118574684,0.15027971046843697
Shintori Sushi Factory,1,187,0.021579013365124092,0.1365830630598151,0.01042963602822294,0.4248321836309714,0.2674018782638212,0.04688487889464282,0.09228934539901587
Shoreline Beach Cafe,1,541,0.02192105178772028,0.11520043643218997,0.008752209091577937,0.47835367568860016,0.2628729143696398,0.03387519109898626,0.07902452085345124
Shoreline Park,1,80,0.007706291695649216,0.034251884192417446,0.012759935453868772,0.5773870272008935,0.2585336180753074,0.01776010545581808,0.09160114352853266
Shower Glass Pro,1,16,0.01621432395040752,0.014041591290151655,0.002686578745851825,0.2817526206345064,0.5127010599244386,0.07215704946429463,0.10044678897247646
Si Senor Taco's,1,8,0.008271870261523826,0.010586119373328937,0.0030138799193082,0.3388998666778207,0.32883421005681157,0.17713035881752143,0.13326372671872375
SiBelle Israel - Engel & Volkers,1,12,0.08097444234105443,0.07950492568003631,0.01807924007880496,0.19995542221780246,0.5510691165303191,0.009050812145384609,0.0613660661814113
Siam Elephant,1,470,0.012408428082485297,0.06308787548134318,0.014520582580007565,0.5701808871963294,0.22426797989062328,0.02681857838129442,0.08871567308211675
Sierra Landscape Designs,1,28,0.035602453331063856,0.04923445860705599,0.004505837872524564,0.4466994189819421,0.36198487190995365,0.010494619957171328,0.09147833602037277
Sierra Property Management,1,40,0.1453886186733143,0.1619206960400333,0.05187859015059071,0.14059657988182148,0.29038436308037485,0.07449797345907422,0.1353331821446772
Signature Flight Support,1,14,0.11379399914793399,0.04464670185864499,0.007285156287252849,0.22506983934103372,0.42887842282652855,0.07765269982961134,0.10267317168680681
Signature Parking,1,26,0.0815660061063961,0.09305191264810181,0.030440660892054387,0.20352692542991668,0.36473738201535666,0.03389897500164803,0.1927781321484452
Silas Fallstich Photography,1,8,0.0301111168810166,0.025753075547981952,0.005862987716682188,0.4954688139259815,0.3275736419018358,0.00501196403638455,0.11021838453598318
Silk Road Transportation and Wine Tours,1,51,0.0100959320826565,0.005407754900207798,0.02537862205359733,0.5510445736421674,0.222815890431258,0.025586629033033853,0.1596706106017033
Silver And,1,33,0.06030418063782038,0.06751158799108282,0.03097640014796823,0.44496606535870914,0.12997367106039412,0.05126953394871878,0.21499855977229093
Silver Wines,1,22,0.006925572149074495,0.01823624733581457,0.0034814688009315313,0.554117016134445,0.29087627818807954,0.04399796158329325,0.08236546404871409
Silvergreens,1,317,0.02848185403019109,0.11485244517658219,0.014462275337923582,0.3512711676342775,0.3147567540094291,0.0733088562030004,0.10286664691304179
Silverhorn,1,7,0.007282667593764343,0.0037978278040619144,0.13799272011965508,0.565753349768264,0.15730212070047853,0.006574464296655958,0.12129685668540849
Silverwood Townhouse Apartments,1,19,0.2132386083739172,0.39942569561964386,0.04462916668700539,0.09008208923286899,0.17386648622586534,0.015714537903764484,0.06304340957860015
Silvia's Cleaning,1,31,0.05238545962023515,0.13392787127973385,0.01886230503723411,0.2776213748166488,0.3297367495965332,0.056605807802219264,0.1308604288891318
Simpatico,1,5,0.007232318026944939,0.0065407251939177,0.047016240423545214,0.7288591086864471,0.16705041974782942,0.01000033011659974,0.03330080974847074
Simply Automotive,1,25,0.05293742104433472,0.01744777778862039,0.05847059189924035,0.29076963496394453,0.4653882159665227,0.01836089137475932,0.09662546135485169
Simply Marvelous BBQ Catering,1,23,0.008872817270457696,0.008727931812324553,0.015723814195750793,0.6269841757805451,0.2237164642175902,0.0059872001976422175,0.10998760161759409
Simply Pies,1,58,0.00919884316631235,0.027238499407319233,0.0033065292548692896,0.4919669143173137,0.27336087381338764,0.07385389307706516,0.12107444790609433
Simply Remembered Cremation Care,1,21,0.016915239593280167,0.04733951706605559,0.05077909106122592,0.20011504610911718,0.3648829981684684,0.18896449943228313,0.1310036187392792
Simpson House Inn,1,115,0.011090640741926778,0.03817672253252287,0.019070577645755288,0.6129998497533329,0.1838698364510808,0.046904817875474646,0.08788754916547428
"Singer Serena, DC",1,6,0.11977330618537958,0.142829208013912,0.031097792205400713,0.0975416352351506,0.3566009352604547,0.03644650972758725,0.21571062745836866
Singer's Big and Tall,1,18,0.02854404332012761,0.015915352256140727,0.020995957553774695,0.28356172335851526,0.30323092929191053,0.02164643847693995,0.3261055507593685
Sirena,1,17,0.00804560858865866,0.0045871136689503295,0.028657528927878366,0.6528620395590278,0.20361898760037384,0.00839143016320813,0.09383730239727912
Sit 'n Sleep,1,31,0.02817260242638083,0.047310822282827625,0.013499988661703396,0.4341664785226326,0.3578627151587317,0.016577549641125698,0.10240983856361235
Sizzler,1,7,0.005021872564351929,0.34160440242184054,0.0028116810052389142,0.2822548395405257,0.18693799888049914,0.13612268309641096,0.04524652175106371
Sizzling Lunch,1,83,0.017467655673488385,0.053620678644784384,0.006382051514144598,0.5757045282109876,0.25067509091403106,0.027802608515898906,0.06834738208009038
Skate One Corporation,1,5,0.03711596438661212,0.014130621566437119,0.0105172678595408,0.26546869613230223,0.4135053366422653,0.07769471779465673,0.18156739398837085
Skater's Point,1,10,0.009038005815818841,0.011264499661046952,0.07570981674944047,0.5187024449463934,0.26508809695951635,0.01047715401509772,0.10971995918080206
Skin Deep,1,74,0.05740603960175818,0.06352203834811347,0.06215773158072729,0.4075538869192068,0.24764732217944752,0.0481832765020757,0.11352970535124371
Skin Essentials,1,6,0.007514014684905551,0.0122701212530955,0.00288883181444055,0.43165955576114357,0.27585679044326145,0.11956329701934004,0.15024737687781448
Skin Harmonics,1,14,0.01774217769603373,0.039368821050239956,0.08948845481583179,0.37905031229768477,0.3000873800899301,0.07404766013912321,0.10021518300553513
Skin Prophecy,1,19,0.011691136383696558,0.016146042102359582,0.07418489194395457,0.3816447059231761,0.34718060723849026,0.008156068794625326,0.160996555056619
Skin Resolutions,1,8,0.008870117715559837,0.009653156070271462,0.20350362684985154,0.3725762669928372,0.361324839759618,0.0076171878317835996,0.03645478485850611
Skivvies Esthetics,1,10,0.007930579845560651,0.00447282426757733,0.03153137260233047,0.5184865307062865,0.1223184959031641,0.09344974196283143,0.22181046718033026
Sky Ranch Fitness,1,10,0.030465397296938996,0.007307526038493909,0.03073713849880727,0.34870445169508457,0.2972619486972689,0.13994059122633185,0.14558294322341675
Skyenna Wine Lounge,1,92,0.015286093120938924,0.01982651137096458,0.0038985169423698036,0.6439172357508063,0.2040600549510639,0.012892690026606179,0.10011890052271112
Slanging Ink,1,5,0.05713230846449726,0.027641084603965214,0.0043365063844248205,0.1898786002770066,0.6111880540847778,0.08558418243192131,0.02423923946917052
Slate Catering,1,6,0.00970557665762795,0.0068183091158667665,0.0015448860358446333,0.6392630338668823,0.2290916542212168,0.0038689590292051,0.10970759919534123
Sleep Number,1,5,0.09469284908846018,0.05419522034935649,0.03624122347682712,0.23747625905089076,0.18806258514523505,0.22075290232896805,0.16857895776629445
Sly's,1,328,0.03530203884150885,0.16065983513775475,0.023297132553302683,0.36630342049261894,0.2446807671236101,0.05907477009487788,0.1106820334666181
Smardan-Hatcher Co.,1,5,0.02359194299206132,0.0366803834214806,0.08576425118371837,0.18823211472481485,0.47116116881370546,0.0302318703383207,0.16433826247230168
Smart & Final,1,18,0.12922224212282643,0.25798314847957543,0.023719975061895698,0.12169715551297282,0.29008030143773383,0.06466431662880086,0.11263285818212247
Smart & Final Extra!,3,70,0.10261973092232694,0.2384544740098395,0.025817761805540428,0.1738848045364388,0.25881721715642403,0.05441869879640368,0.14598730908640256
Smart Office Interiors,1,8,0.056699197448324384,0.1195858856372069,0.00406332720012865,0.2127483020594809,0.2057050272123888,0.12167628931638315,0.2795219589024782
Smart Skin Solutions,1,12,0.015311696062174899,0.047305379800188,0.07690755673441645,0.355458795481051,0.27086610727322596,0.008201302262023041,0.22594917720804608
Smith & Murphy Events and Design House,1,8,0.015515003702603225,0.0056720366847002246,0.0215641880204202,0.2931562480516731,0.22106386278755957,0.00596135741216125,0.4370672954246401
Smithy Kitchen + Bar,1,143,0.018509513477491933,0.14115531649033475,0.025574316988068984,0.4151690946037106,0.201529019974641,0.06609582579434174,0.13196692284411532
Smitty's Towing,1,77,0.17569088399434432,0.12225249918879234,0.07514021165408916,0.19934156504625983,0.22512093385342843,0.05061461256859311,0.15183929355161913
Smog-It,1,41,0.08582111492912031,0.10625635310666767,0.054435889803088874,0.18675738498966046,0.4002016532666436,0.03091043990003168,0.13561717108482627
Smoke 'N Barrel BBQ Shack,1,69,0.017776970662163064,0.43049769532829657,0.005986559478923681,0.13559242163867471,0.2065902050598052,0.12066104642513702,0.0828951040858173
Smoke For Less,1,13,0.07906213547819506,0.24365016856553173,0.05855375338489043,0.03673024849894523,0.17279851515419203,0.099813139764592,0.30939203393287384
Snack Shack,1,12,0.014352034069209632,0.15335366416062846,0.002323840085106542,0.40860521144592593,0.30798786560383934,0.017743175170229067,0.09563420818691758
Snoopy's Cat Sitting,1,7,0.055359598049627846,0.0354203936710421,0.09614210180422686,0.3676920591055282,0.29531287122517824,0.014495434937998614,0.13557755720934692
So Cal City Group,1,16,0.06362496821384407,0.038915429980988785,0.03172986789650162,0.32737311123491963,0.3424123087897897,0.018373540900938633,0.17757079322473143
So Cal Pest Control,1,21,0.039626431363146884,0.06792421885100855,0.05433963429337983,0.18166846412766188,0.5205011605506852,0.047617316434514625,0.08832277410796704
So Good Jewelry,1,24,0.1029639843764016,0.07018895251530917,0.00827439355998644,0.20891595257368556,0.2006099398907584,0.03686078701866786,0.37218597991159186
Soap,1,14,0.03646320116240526,0.13418640145599572,0.00457402153032095,0.4778288407812527,0.2520540781053049,0.009231225687212128,0.0856622532010078
Soapy Suds Laundromat,1,28,0.07302025597060227,0.11923291796535648,0.02013659601860642,0.40891822514822707,0.23399752085762363,0.02274139403432072,0.12195308096540557
Soboba Wood Co,1,6,0.007870064214027117,0.007013422126571283,0.0029157929432888333,0.15971912756018958,0.3913293443620205,0.3569811274452756,0.07417111331596965
Social Cycle,1,66,0.010543238796702914,0.018686541497255772,0.01555642444586595,0.777327094327616,0.09226818379917827,0.017975937705628078,0.06764257701015039
Social Security,1,11,0.11993146954442963,0.25114426011515945,0.03135579545050857,0.017368861368264626,0.16765479121187868,0.1193622096695683,0.2931826123544438
Social Status Media,1,5,0.03729416346177451,0.00925781523110342,0.16484390306868585,0.3778340554796159,0.24939649794250723,0.10782976839691398,0.05354379694908854
Socks and Stuff,1,14,0.09652487457164426,0.1283060756645032,0.01873858350362358,0.27034780526134583,0.28027620306238527,0.03738880941611044,0.16841764984253257
Socorro,1,5,0.1952131058555096,0.07718074189033355,0.008771343273110641,0.23885925851063802,0.09064627643674608,0.006949921138584581,0.3823793262243271
Sofa Collection Jan Bixler Designs,1,19,0.05541615456489744,0.07910785688651034,0.0551038777706899,0.43800476116532655,0.23956114161563544,0.012502506877736764,0.12030368793363629
Sofa U Love,1,21,0.032545936127592365,0.009171070982812887,0.004937581702723086,0.601409726931403,0.21654994315689513,0.019269267152551332,0.11611648427233805
Soho Restaurant & Music Club,1,139,0.07087138517828412,0.13324039920631844,0.044048848443014654,0.38405183347431177,0.16801837667246622,0.03333699022061287,0.16643216410189487
Sojourner Cafe,1,285,0.01152976881181653,0.11523881810370076,0.00761724640232334,0.46918063341208993,0.2434900045362219,0.05932932957238921,0.09361419624346713
Sol Seek Yoga Studio,1,64,0.024821617496854697,0.02305796584369086,0.019427105547265403,0.6949061209415959,0.13748899767597317,0.020372883547679473,0.07992530338015054
Sol Spa,1,6,0.0158846060124536,0.04972407552607663,0.004998510315393351,0.5897546584407488,0.15917352175650493,0.05901397871396812,0.12145062093622978
Sol Wave Water,1,29,0.03601891167686668,0.1591164363018269,0.08243927342018334,0.31774681752370987,0.24431954264833491,0.0265225233983826,0.13383649476675377
Sol et Luna,1,6,0.009789568022824784,0.01432837693331135,0.024871265923138666,0.42228010420997936,0.31102616712450976,0.07939235027879472,0.1383121662462751
Solace Salon & Spa,1,21,0.00795178104835069,0.059304850541853436,0.02009538413369138,0.4986346910175468,0.23690732909987366,0.029031539025406,0.14807440207472866
Solid Rock Tile & Stone,1,15,0.0697904840422173,0.03505735201761124,0.0020093393124018533,0.33051574023750924,0.46796999039749304,0.010614970357467678,0.08404212345679599
Solimar Sands,1,16,0.03042058568826174,0.15552437279984585,0.013551053061746601,0.395770742008608,0.21686313877580685,0.0349569788522785,0.15291311475448308
Solstice Sunglasses,2,19,0.08971425134835662,0.07629368640482422,0.00454678408507449,0.2909347536241464,0.36239011036722285,0.0383124577714816,0.13780796674913476
Solutions Painting,1,5,0.20162266222760078,0.052683386392891364,0.02820477345958348,0.45873581445775924,0.23601532797329128,0.00628405618481334,0.016453997557982762
Soma Get Fit,2,20,0.0441501265915576,0.01944012875901531,0.002691029387642575,0.6174515844031703,0.18521732278168196,0.03677573108579959,0.09427410027710717
Somerset,1,102,0.027710967262357646,0.12054201299849637,0.004023745823788462,0.3872036144369071,0.23076842447249762,0.08085589882388121,0.14889533332019456
Sophie's French Maids,1,32,0.05423865155535163,0.1323701470264495,0.05379660841936126,0.3435534235977684,0.30387047870317474,0.01915000309236342,0.09302068805845917
Sorriso Italiano,1,137,0.010040608222807036,0.10329553757727916,0.0032482290700804853,0.46066453732081936,0.28920092721245366,0.028644110921627528,0.10490604104341622
Soul Cal Smokehouse,1,101,0.024198548868298482,0.15449384692018978,0.013366311842444224,0.31351406763637396,0.2533568325406401,0.08291748590020476,0.1581529069243524
Source Yoga,1,13,0.034295747020783286,0.011504138613907708,0.007393587067221747,0.6158964129594656,0.22340881795837325,0.06030905481356262,0.04719225868869282
South Coast Deli - Santa Barbara,1,10,0.07660302709555247,0.12083791642799038,0.01200036149821239,0.46884514805860816,0.16893301387317478,0.05805018541868773,0.09473035002592947
South Coast Deli- Carrillo,1,219,0.02629746585875983,0.05128024163582574,0.017811848211355168,0.4419298010355193,0.2987988676193285,0.05215953063691821,0.11172224082914921
South Coast Deli- Chapala,1,344,0.023082988943801713,0.045452601740307255,0.006177115578138014,0.45199100560996663,0.30524966939417425,0.0351603653785829,0.13288624970148297
South Coast Deli- Isla Vista,1,157,0.025056911724364445,0.07058033941181634,0.018439346221112454,0.47252841810933105,0.29129904233939513,0.04138155404558389,0.08071438342430713
South Coast Deli-Goleta,1,358,0.033725045143702025,0.06657918447865346,0.011353768084985779,0.4169713436437617,0.2968282663307605,0.0428834148899225,0.13165897912119495
South Coast Railroad Museum,1,14,0.004001951269206665,0.005780540672796071,0.002694638537442521,0.47728717140853405,0.4088894903127636,0.01942993279746062,0.08191628035690099
South Coast Realty,1,11,0.026869636029005,0.11882198378655379,0.041914241155609426,0.22755580442026255,0.4466192390007729,0.04005547972734675,0.09816361148841675
Southern California Reproductive Center,1,27,0.0681112723563004,0.05973125760081323,0.03997025114734204,0.35725907829624637,0.3046957931688262,0.060576240773554155,0.10965610459377916
Spa Café,1,7,0.010882888795874415,0.021673838741012925,0.001983601350470257,0.4143599359584706,0.33625386016709463,0.027609366956832113,0.18723648819806318
Spa Concepts Salon,1,81,0.024428458391389764,0.029949835829298756,0.07268723995797763,0.3651120760248123,0.3346288768965521,0.03062651523411913,0.14256699636210626
Spa Cía,1,85,0.028805839978432345,0.03413824219982518,0.0299834827858242,0.564625144900535,0.20974864425575904,0.01907991534372897,0.11361874022849776
Spa Del Mar,1,67,0.03542816282142255,0.07574203097671545,0.006435688170204717,0.5350684212605858,0.17866444925485703,0.01865191983906964,0.1500093384034264
Spa Escape,1,38,0.044793539184243614,0.08146653545554723,0.01737110912386251,0.44370719148336274,0.233558445041509,0.017961175398484415,0.1611420090408309
Spa at Four Seasons Resort The Biltmore Santa Barbara,1,35,0.006954906440140357,0.044195198921287114,0.028641361906193152,0.5073180428872417,0.2354640067754579,0.03931265786024073,0.13811382518948184
Spanish Garden Inn,1,210,0.007811201414248544,0.02882818194075727,0.016058715539180535,0.5931021747115578,0.16600509392696297,0.03278453350178006,0.15541009666797304
Spathya Day Spa,1,15,0.0068620615173130735,0.01291045283044994,0.05744513689811957,0.48599761369793365,0.2364656508589784,0.057942246086895424,0.1423768267733976
Spearmint Rhino Gentlemen's Club,1,30,0.09139288998752207,0.2600236318015959,0.041194115140630504,0.22613481106527614,0.19132680347344524,0.07395362160944687,0.11597413544853526
Specialty Plumbing,1,7,0.09268562828323666,0.2631353122581328,0.014458750906799486,0.1578175680562188,0.3671677043395383,0.02170359895431564,0.08303138710159273
Specialty Tool & Bolt,1,11,0.0139805778691714,0.009587081233886118,0.0039839779386635086,0.08394485919482324,0.7198565768247301,0.008708162402564782,0.15993878160688005
Spectrum Realty,1,18,0.07348414939931693,0.12729266602804673,0.006741374252467472,0.1596894425197711,0.36391420364897287,0.12802861901258838,0.14084953547636456
Speedway,1,10,0.09629569156095381,0.26823155726306136,0.00796947936760258,0.00991238392307419,0.3698947660624981,0.055912254238501144,0.19178387238644062
Spice Avenue,1,135,0.04401166540380839,0.186414389691695,0.027530993916594408,0.31165833737554577,0.2993784667475632,0.026352993985293043,0.10465315401821428
Spiegel Timothy MD,1,19,0.16253880651569674,0.22708924676561235,0.07059529233772892,0.3046719121523078,0.13867965395758414,0.027947686869945133,0.06847739235596041
Spiritland Bistro,1,52,0.011547381302359678,0.0936433950007015,0.004992619852530891,0.47247263936039346,0.2148507416176681,0.06468355686564997,0.13780966857358667
Spitfire Aviation,1,8,0.030075794449658078,0.02248012305062725,0.05094962538714749,0.42428915783239063,0.3659340055310167,0.06366418219113253,0.04260712521499947
Sport Clips Haircuts of Goleta - Calle Real Shopping Center,1,23,0.05451864061330481,0.0899734213320619,0.01930750929244343,0.40170827486714267,0.32036549759947736,0.039997414574431935,0.07412924027353844
Sport Cycle Pacific,1,6,0.014518802597497849,0.00918771695190415,0.0019925525800013996,0.5133106497426828,0.4101349612077077,0.012201115256175366,0.03865420011182622
Sports Authority,1,17,0.04525039550464815,0.1521894811063676,0.012446218728334325,0.09041581305278024,0.44164765801499867,0.03368878864806468,0.2243616521796759
Sprint,1,13,0.13120849692047784,0.035278957878919985,0.2478335700714244,0.24895706979665327,0.13243131982520792,0.024356122271945793,0.17993441560807133
Sprint Store,1,34,0.07669509954147913,0.13533247602583068,0.037775732991148614,0.24204139026594068,0.2593333037460551,0.07971120245672537,0.16911079581854316
Sprouts Farmers Market,2,125,0.06349439418409016,0.07119651062926272,0.017896631805458987,0.333795030999463,0.2596406391598284,0.055904502864927014,0.1980722885765135
Spudnuts & Bagels,1,297,0.00857809020276098,0.02895917134321845,0.0070089395393664764,0.5922799540932725,0.24726938270659554,0.02218809242709927,0.0937163654812031
Spudnuts Donuts,3,214,0.031274441968558185,0.13084451693994703,0.011503327712846354,0.30564394314263654,0.32174296606066594,0.05041464224183562,0.14857616123610615
Square One,1,42,0.02432284943504432,0.08742350712695732,0.0094849358380694,0.33856084653442453,0.29635780067404816,0.07757410704202591,0.1662759567677442
St Francis Pet Clinic,1,47,0.05941763518506934,0.0968434447825123,0.0716216935419497,0.35887927835140915,0.27980783160657,0.0458900151387887,0.08754010099739308
St George & Associates,1,51,0.27810303329983177,0.3267823304460548,0.0398663104735497,0.03204186306239156,0.17076855461003584,0.04442070569733481,0.10801720976893439
St Joseph Catholic Church,1,5,0.06941802704241122,0.029672283527906917,0.0046185879269614195,0.22853909805417055,0.4672799065709114,0.0167245311196893,0.18374752011150117
St Mary's Seminary,1,17,0.004422946025014758,0.022892196128583085,0.041102672841482016,0.40335265588124886,0.2368948004920693,0.12220955734579438,0.16912518438937904
St Paul Cleaners Laundry,1,13,0.07431700520324874,0.1576977301335248,0.016736788545341108,0.3563898283039005,0.24206060873201257,0.04957440615488355,0.1032236529818664
St Paul Cleaners Laundry & Tailoring,1,13,0.20040881580028394,0.2876595036986355,0.008052283163683869,0.04161692082058061,0.23782066828929457,0.0818813914665952,0.14256043879924193
St Raphael's Catholic Church,1,6,0.0046599095803685165,0.0086462874896824,0.0018213571165687668,0.7471402188142141,0.17629566664497057,0.0132923560061802,0.0481442009719709
Stabiles Mobile,1,11,0.05021123414520509,0.12042163992141877,0.0020826789576940635,0.5179689142413818,0.16147093648429617,0.009220518796196663,0.13862406111068343
Stacky's Seaside,1,64,0.01946106473042159,0.14185547819579364,0.004537356629043589,0.4018834722101019,0.26767141987511417,0.07602267789843604,0.08856852680401057
StandUp Paddle Sports ® LLC,1,14,0.038907759390505246,0.011632615933194715,0.022000708683793,0.22942897401350945,0.3436915595084429,0.12978515391504122,0.2245532276907137
Stanton's Gourmet Catering,1,11,0.014866959695196247,0.007039310992695346,0.047864127142185464,0.5148256942629814,0.23684266260401765,0.003869846367954491,0.17469139693474223
Stape Cycles,1,14,0.0163382906466722,0.029316285209331078,0.0028969622549733357,0.5095479832962155,0.2935339909579072,0.010114526908312478,0.1382519367284008
Staples,2,50,0.05983548967633392,0.1211892528517637,0.021279998693498735,0.2284699108137283,0.3702978633344173,0.04568993473658334,0.1532375403679907
Star Dental Group,1,5,0.01251964205875988,0.020455532008782,0.11462070250418036,0.3456957787275314,0.48229038529098034,0.01120933108031746,0.0132086503319442
Star Nails,1,142,0.02833413315566356,0.05572261569491078,0.015106959245085642,0.4717774356479271,0.2269469403586363,0.059820380701329244,0.14229152876142617
Star Rug Cleaners,1,12,0.071546714946938,0.1538325219492738,0.013261544624886724,0.1916820626647677,0.5214661732316017,0.027517493794827357,0.020693494201016873
Star Tech Auto Repair,1,52,0.0964928311340582,0.10101666492566712,0.040454470826751646,0.18659775754965194,0.3926247169371121,0.04863065168655545,0.13418291195949464
StarCycle - Santa Barbara,1,16,0.010156925331102637,0.006725265222485125,0.053212758735753554,0.6565802108962089,0.1167913568206131,0.007243655214551788,0.1492898377764504
Starbucks,17,964,0.07357667298556139,0.19280810154359412,0.028942311537162525,0.22052441640913167,0.2841849838063715,0.07009861666187002,0.1298648953353633
Stardust Sportfishing,1,51,0.016875483270268842,0.06188142044907979,0.0038730614823197394,0.3713734774466823,0.3832956891433865,0.03751700970700335,0.12518385153117714
Starlin Studio,1,28,0.0062870915322231465,0.024385587755075076,0.09420984834391022,0.5113446299385812,0.22596427162144597,0.028158936395941785,0.1096496305170668
Starr Spa Training,1,6,0.030674452990448662,0.012862456923661067,0.0022780493454774334,0.5083266049623489,0.18038781530534223,0.005495175370015167,0.25997546511158964
State & A Bar and Grill,1,31,0.010956141294070252,0.11969968794108996,0.04440979550746565,0.3418701541414785,0.3504108509777354,0.054112471715216624,0.07854088874263386
State & Fig,1,526,0.021513006804062065,0.08959432605617701,0.016184885059336126,0.5223704214981514,0.2233206328237429,0.040665099679044414,0.08635162463931348
State Street Auto Detail,1,5,0.06405876781791442,0.16241764626465732,0.006758887600153619,0.10015650982968505,0.18995709903538222,0.22496557743288573,0.25168548896908755
State Street Barber,1,8,0.11733612150419499,0.015953922877088127,0.0027005976662621374,0.3695806335963425,0.37424815376289183,0.011246126901823975,0.10893448197748506
State Street Boxing Club,1,13,0.016526882859090156,0.030008076143880822,0.03756429050386378,0.3887332113674627,0.37243773587621176,0.032162427078359354,0.12256735874913056
State Street Coffee,1,93,0.03587300856835555,0.16365144062838613,0.016075414845310554,0.2949852965465779,0.3185522946559133,0.07640944578639798,0.09445311121144379
State Street Hotel,1,6,0.006994461485495099,0.018035255605354867,0.0111521574047704,0.1325377945322543,0.5118510499596596,0.11845825798809524,0.20097103156149385
State Street Jewelry and Loan,1,14,0.020672938304154957,0.03179601682183727,0.02864625581007978,0.3889360234607011,0.17396266252866807,0.06518315495590543,0.29080295110387455
State Street Storage,1,8,0.08725579093152187,0.09884782334847839,0.052809487457125166,0.2846149085962679,0.2650372668867931,0.04735105017607561,0.16408365778625006
State Street Wine Bistro,1,22,0.009566577050877172,0.07751184143126005,0.0019676961581518502,0.4921953832169741,0.22407457308674397,0.016632867416112893,0.17805105456235729
Statemynt,1,36,0.08591515652046328,0.171291942724363,0.05455191000025171,0.35762884789922583,0.1559803430896459,0.0621891370554092,0.1124426563102234
Stateside Restaurant & Lounge,1,11,0.09152326648208224,0.16997094418514855,0.005635836119340164,0.16623897217637432,0.32296600091186434,0.0644498121162707,0.1792151822962544
Steadfast Home Inspection,1,24,0.014245485993645416,0.012362993773422155,0.045376424095593344,0.29878883189909783,0.5112965506268665,0.004821916076859095,0.11310780376273512
Stearns Wharf,1,296,0.006830916227536806,0.044514548809151906,0.02271563844575158,0.49410641853732207,0.3068933379922905,0.0277500643764191,0.09718907682179481
Stearns Wharf Bait and Tackle,1,8,0.015887884394032836,0.1140981917851604,0.01074138251715335,0.3084499702381435,0.39265010110102594,0.0075226495391688625,0.1506498346570879
Steelhead Auto Recyclers,1,7,0.22646167869347011,0.21658660227798723,0.17980329570959186,0.14218166813121308,0.14100009908101382,0.056532186755378286,0.0374345272513372
"Stefanie Lopez, DDS",1,22,0.013006380510474086,0.07325863124887368,0.07553505975308569,0.4281360071776858,0.30606089384210383,0.0492823262254453,0.054720696093599176
Stella Mare's,1,489,0.015092277906883597,0.05049144852002278,0.01174863132812789,0.5877164150053454,0.19346554596300838,0.042945783649112196,0.09853989626676152
Step-N-Out Instant Shoe Repair,2,125,0.1856455493578687,0.19923875138256697,0.06394595864065919,0.08946745870192531,0.19015800917707382,0.06490152654331173,0.2066427407506853
"Stephen Fountain, LMT",1,12,0.00675660512448905,0.017597427184227816,0.08366664938997316,0.42547800003861386,0.34468337350214523,0.0120925777397739,0.1097253901340688
Steps to Learning Montessori Preschool,1,8,0.05319244120619256,0.008835298431222275,0.05052685759073935,0.5443664333433844,0.25817363208625466,0.005850097339134612,0.07905520743224766
Sterling Laundry,1,12,0.047783915098989355,0.06427281062739588,0.010619031988123076,0.19484469027762918,0.46542291684697074,0.061762740311678464,0.15529389522271228
Steve Epstein - Keller Williams Realty,1,8,0.13524724257877094,0.08680076639575415,0.004943241438013437,0.2285297910420922,0.30108290212228894,0.016595472756307527,0.22680058318655935
Steve's Patio Cafe,1,35,0.022605816950090188,0.17805745338056497,0.007621707864538049,0.34164938105469833,0.29751715169155174,0.05454379113923222,0.09800468688564637
"Steven Sherwin, DC - Santa Barbara Chiropractic Arts",1,5,0.02385106058791274,0.042011588485911446,0.10819866429083047,0.13780044987797732,0.5530048072338104,0.04828771324828262,0.08684571115300056
"Steven W. Pearson, MD",1,10,0.022590133268386083,0.07968228936661031,0.12236224184744056,0.2315272487699985,0.22525529190897936,0.10681653469800947,0.21176625601947302
Stevens & Associates Insurance Agency,1,17,0.06415066757129828,0.04945187080952827,0.10536175784791871,0.2543109293944914,0.22896203798625395,0.08022066757000759,0.2175420406274497
Stewart's De Rooting & Plumbing,1,26,0.05699387401378208,0.10400648712395472,0.010658999864692533,0.16243858368118075,0.5001522140362515,0.06258683406318032,0.10316298909198775
Still - Elevate Your Ethanol,1,6,0.008348998070384016,0.0079119018822287,0.00325546760965755,0.4371777242049575,0.27719062939286226,0.00451591405241435,0.2615993788155416
Stirling Moving and Storage,1,22,0.05297962874597442,0.04426896755731745,0.004601970915576728,0.3510527011663229,0.37126170310445805,0.01611587291435249,0.15971916157286611
Stone Age Restaurant,1,98,0.025615895454467665,0.17155704740613067,0.012700207563822717,0.3225792102614888,0.29632200151848204,0.04894678027497372,0.1222788588249609
Stonehouse Restaurant,1,346,0.010906446658174399,0.05372843473372139,0.006194342741832852,0.5677628467819886,0.21138607062644327,0.033036857305735176,0.11698500577608023
Storke Car Wash,1,17,0.05601932163185929,0.2307325727306306,0.007905615493655153,0.052386293780085975,0.46438483058420177,0.07263475426417933,0.11593662695411369
Stover Electric,1,15,0.027137293868387695,0.009734112288181935,0.03294936897000293,0.39246834150205057,0.36948450158039725,0.017338409802565936,0.15088796429336068
Street Affair,1,12,0.005115474787695892,0.006926049177612441,0.0016455494721109168,0.628934254248937,0.1540558611353238,0.005272939160931808,0.19804985580655432
StretchLab,1,5,0.00508289823774244,0.00609747597482048,0.0051848372095264,0.5997755870223045,0.31386355385184284,0.01349056055769322,0.05650506550446148
Strictly Vacations,1,9,0.04081065417267378,0.01131587844186769,0.0028297418224003776,0.5720016072090301,0.2521224706951115,0.032816939883761886,0.08810270070615737
"Stuart R Winthrop, MD",1,71,0.026738099427565783,0.03173686449111002,0.09941776056075464,0.4323727640923453,0.20095452563640406,0.04170969744790078,0.1670702882570175
Studio B,1,32,0.008080257181063593,0.008566508606236267,0.021759699084213886,0.6176424180739559,0.1731605933309765,0.03469241135462649,0.13609812156937545
Studio Brit,1,18,0.04505693272868581,0.07495318597971666,0.05547408408407738,0.4576152075573595,0.19385044706157506,0.03470832082287713,0.13834182835287515
Studio Eclips,1,10,0.08568812421290198,0.02971778522478411,0.013307879539206572,0.5596245142864064,0.1264546821825206,0.00598439434543247,0.17922262246720488
Studio One Hair Design,1,15,0.0624829914576063,0.08132796605738497,0.004359263135120226,0.3713692145422101,0.30901313504825034,0.02669770581026867,0.14474973293642196
Studio Plaza Apartments,1,31,0.014954209231936712,0.019688276926078038,0.03275812053001452,0.4630629337963558,0.33335552575637495,0.04677499190814067,0.08940594767280399
Studio S Salon & Spa,1,61,0.03516232159912398,0.03666278451669682,0.04035314932593415,0.4369364841201831,0.25477523106287736,0.0650454400179785,0.1310645888070957
Studio Seaside,1,5,0.00620760824531312,0.00368865246418862,0.00338036137982266,0.6101675875484943,0.13266660701483485,0.050996299670077815,0.19289290867745873
Stuttgart Motors,1,19,0.013674929584866644,0.005920697450882853,0.003998212422869174,0.40027933616779354,0.3294318573255288,0.017070957649450113,0.2296240061129394
Styled & Staged Santa Barbara,1,6,0.01173213357105845,0.003906803399634833,0.004380743387931283,0.32736092309157055,0.20328037844349936,0.00433761630362515,0.4450013851746917
Styles For Less,1,9,0.10405183769762512,0.12030171841615805,0.0048574018712517,0.2672722151037305,0.27968145223955315,0.04935485942082269,0.1744805297607349
Styling Bella Beauty Lounge,1,34,0.04553830497795438,0.040500579240923595,0.03892733935037322,0.5196818179272882,0.23417109587941973,0.013677720021565991,0.10750313511337424
Su Casa Fresh Mexican Grill,1,28,0.005891749893115525,0.08013138089985916,0.028050540932911455,0.545034906710498,0.2536969142300742,0.05260827562804994,0.03458621287219488
"Su Loan, DDS",1,13,0.0100780906191525,0.019368125098900672,0.05321801749344623,0.30157372441429353,0.518927187873767,0.013772888467288892,0.08306198323575346
Sublime,1,9,0.023028428381722775,0.3310221820849822,0.0034091848323845337,0.24734576634040822,0.2564227151580982,0.07450751362678901,0.06426422903314229
Subway,10,149,0.10470373148095458,0.27284770810096864,0.03541754171308501,0.11457425672791412,0.28631702204853693,0.07893858058260898,0.10720115949887303
Suding Mary Antiques,1,7,0.07236757260813773,0.06092683432091556,0.12758371399416185,0.4179503035598567,0.2407600368772234,0.0284061603846826,0.05200536416045254
Suds City Laundromat,1,14,0.057109666722161376,0.13124436585764795,0.0036466828314586927,0.08426856153112432,0.5036034703786884,0.05047350316973665,0.16965373229634545
Sugar,1,66,0.014898693963363154,0.029774986948309927,0.059138827408870255,0.5183676252931808,0.26865331344588683,0.014760701698392128,0.09440584952773691
Sugar Cat Studio,1,19,0.016784268112755095,0.010168319788614336,0.0021403145633245263,0.4832673113008863,0.2638745915732886,0.011403960433151325,0.21236123183840194
Sumida Gardens Apartments,1,18,0.16130179429375044,0.24753393311726132,0.011253453435427978,0.21115747027538923,0.23117395366231597,0.07369726685444924,0.0638821202382031
Summer Solstice Celebration,1,20,0.046929145226022186,0.056148183278855825,0.00551478846391542,0.5906374526501168,0.19668131181970233,0.02756658249418247,0.07652252034749832
Summerland Antique Collective,1,20,0.056026441210997244,0.11137381508597169,0.02292799084825669,0.32719567731255667,0.19216414827387776,0.07002783697680566,0.2202840981772169
Summerland Beach Cafe,1,673,0.026151597898565516,0.08610476364464119,0.005885911913628204,0.5064901474239353,0.24952354862037793,0.04116557241105408,0.08467845615550641
Summerland Beach Rides,1,23,0.02431784083044313,0.061004623503717756,0.017328131733887323,0.7038794619071743,0.1341751042510504,0.01779603891317606,0.04149878977635951
Summerland Inn,1,58,0.02449743667866323,0.4512601542710086,0.10059685999094023,0.14499166233847435,0.1428394370515638,0.04177288144048106,0.09404156245953592
Summerland Market & Gas,1,37,0.20906522895234658,0.2916996957658714,0.07196784398606595,0.15172955708899152,0.14824969200669103,0.052000340370058566,0.07528765051550151
Summerland Salon & Spa,1,19,0.04985293445765574,0.033390314961587474,0.027790091653035816,0.5559394169770377,0.17259772259153816,0.011217035959768784,0.14921248723801808
Summerland Winery,1,155,0.024171226415708014,0.07042335020857034,0.00703568326801267,0.5931744103920796,0.18910720371641215,0.038830148838760827,0.07725797909642415
Summit Gasoline,1,5,0.05066968891769643,0.041434780694544274,0.00604076019953932,0.2800335084553808,0.30128554254770273,0.11662783008068796,0.20390789601951834
Summit Surgery Center,1,12,0.007696718181250575,0.015700924986352484,0.07128741516983907,0.45340053239973105,0.18950617794568336,0.020646570580235318,0.24176166311372072
Sun Pacific Solar Electric,1,6,0.03219296333069597,0.011127688068275599,0.11069141592209535,0.13460139899204168,0.6246292367577553,0.015472679398953885,0.07128463328505552
Sun Sushi,1,278,0.011096418645314942,0.06941358283917555,0.00985584111970915,0.47752119445873475,0.27863696242076263,0.03204321178206465,0.12143279240163467
Sundance Beach,1,7,0.04659958459836028,0.04637501930951004,0.0039570144477433,0.32149654420624885,0.296561386436224,0.11346107052772168,0.17154934603188715
Sunglass Brands International,1,21,0.10414796298746724,0.20785852018577441,0.029576270218794415,0.27133473099231536,0.17701636742623075,0.01190488029360057,0.1981612520868934
Sunglass Hut,1,12,0.11018644034629684,0.1729382770621062,0.007247112958187501,0.2189420937793329,0.249912242948388,0.08555739712513356,0.15521643605704105
Sunny Asian Restaurant,1,47,0.016419609983828107,0.16538349097654062,0.033423349217937694,0.37476841366522884,0.1933033664691004,0.08070302057263258,0.13599874553310265
Sunny Smiles Dentistry for Children and Young Adults,1,34,0.04270006744670403,0.04342277180266507,0.06912140590686565,0.5026077609851628,0.19086581771261987,0.0336329524768242,0.1176492209984537
Sunnyside Market & Deli,1,13,0.007875941810198076,0.08876986902816072,0.004887588147539607,0.4797199772348483,0.2506648207513185,0.11438823111641862,0.05369356897874515
Sunset Grille,1,18,0.015651865196155537,0.1861779217660013,0.03788372440936247,0.41713289478341015,0.20223677189399794,0.05933111824560907,0.08158567309793494
Sunset Kidd Sailing Cruises and Whale Watching,1,89,0.00526404294140862,0.01637609647763522,0.008350780689918775,0.7007649701161917,0.16669569385049632,0.02033663358999767,0.082211779866085
Sunset Motel,1,61,0.02331851959060568,0.36914337942563763,0.04559999633843808,0.16624712529038763,0.24896036730468515,0.03818728405692167,0.1085433425500103
Sunshine Auto Spa & Mobile Detailing,1,72,0.026258103343328263,0.06350806907559871,0.008554666974507352,0.27040272388452036,0.32224283306600726,0.031560468196403194,0.2774731299400122
Sup & Jus,1,34,0.029389399839975988,0.13394185935955163,0.01026184057392285,0.3887526563656352,0.217914432314608,0.017774595762602947,0.20196519396267826
Super 8 by Wyndham Santa Barbara/Goleta,1,58,0.04275070826908376,0.34805249023965784,0.06159043024045187,0.12706847484815653,0.2423590119438374,0.07222461272914214,0.10595427401733162
Super Bee Rescue and Removal,1,14,0.04590802879205769,0.015684037169973717,0.013085755018567222,0.3437925921753049,0.3537639541152332,0.009991839844068187,0.21777379203454722
Super Cuca's Restaurant,1,281,0.027672228792407154,0.09732425544560912,0.018928461006011442,0.35681852715166973,0.3758885843440678,0.03600002747125177,0.08736791349081584
Super Cuca's Taqueria,1,107,0.03280976350271251,0.12463382183667703,0.0063033397935078,0.34635341026037975,0.37151587510342216,0.029417149375506116,0.0889666376784487
Super Cucas,1,212,0.04205458057261252,0.15041616938339394,0.012706954757719172,0.2837189400842757,0.3514827546533988,0.06731462261951436,0.09230597659188783
Super PC,1,5,0.029479951132088837,0.00811621560715134,0.00400993633083992,0.16894925897940988,0.3576447393745184,0.01720835631713264,0.4145915493369102
Super Value Smog,1,126,0.019220928039719552,0.02300530218838945,0.019580105271574708,0.3184728677188682,0.43125234938980567,0.013234847730639092,0.17523360704737045
Superb Cleaning,1,10,0.07253872491419311,0.05234473641030486,0.00449546069139611,0.1096191715332679,0.4795888714492321,0.01215452263131734,0.26925851013511415
Supercuts,4,222,0.05553002744181043,0.10189637909527981,0.035058149429476514,0.31736273945624904,0.2495560425654607,0.07880327198339772,0.16179339332413764
Superior Brake & Alignment,1,37,0.03285297589703785,0.035090424611258296,0.04159214850703903,0.23419580761519432,0.43339177455148986,0.04756076509334344,0.1753161079627839
Superior Fitness Center,1,20,0.02469658115296619,0.03158807493746276,0.04363761072745542,0.5140648481436074,0.24084090455435211,0.06024151284946124,0.08493046524235974
Superior Landscaping,1,16,0.0400202132586855,0.02048652423400194,0.011646784259937652,0.24246120742463967,0.5960696120746434,0.04808793618576597,0.041227708221413153
Sur La Table,1,23,0.05746908054646586,0.05504539047631066,0.04688122149040594,0.35583491342486406,0.3070138501732245,0.07089078169235065,0.10686476571161459
Surf Country,1,37,0.05887530779315003,0.08357209508854742,0.013870077140037719,0.3653914455884463,0.3485207399101676,0.011298500108406705,0.11847183472678262
Surf Dog,1,49,0.009993888667014814,0.026232240481625205,0.03057732392335306,0.4772860327431438,0.2752906970527707,0.10510420931826284,0.07551561084062769
Surf Happens,1,18,0.024302019375479836,0.02210733139913318,0.009092589552488338,0.5018298654920526,0.192770746226112,0.082726743143414,0.16717070144497684
Surf N Wear's Beach House,1,48,0.0647482890077905,0.07281286283493192,0.0062593765675652375,0.36921404022238374,0.3316640796062226,0.07532080694606214,0.0799805234613207
Surfs Up Limos,1,25,0.015896204640157473,0.006135683248285152,0.007673928680596817,0.6433559902012348,0.16369259893894192,0.007168194483965584,0.1560773847904056
Surreal Virtual Reality Studio,1,31,0.00879855435754678,0.029551326552586157,0.06426019263416223,0.6682685488955148,0.09964897587985518,0.007080741767441019,0.12239168376301321
Susan Bonanno - Finance of America Mortgage,1,8,0.01234688382828605,0.006163167519844101,0.21216701652156184,0.39402210898697376,0.278157995082438,0.007684861891902925,0.08945799816865471
Susan Quinlan's Doll & Teddy Bear Museum and Library,1,8,0.0033790591260185,0.006963616950088137,0.0053637386517948,0.536933466559276,0.24899083445779976,0.007741719018667875,0.19062754954211408
"Susanne Ramos, MD",1,26,0.07393700643353017,0.06392797818765612,0.08486423040784961,0.38740836974242343,0.241048602011198,0.03890333548546406,0.10991046761717785
Sushi Ai,1,232,0.03799631782774287,0.21864369602051986,0.015638051320977283,0.2877504267437651,0.2851582845725151,0.07210788654729494,0.08270533607343351
Sushi Bar 29,1,98,0.011061271290266263,0.0794610040344307,0.0032651104464798673,0.5692656833882804,0.22486548690239383,0.0395365720983043,0.07254486193889938
Sushi Cafe,1,10,0.03605147127527739,0.16121330482419577,0.00522389513207595,0.0743482673191465,0.479098177049309,0.041460344649385604,0.2026045507693197
Sushi GoGo,1,181,0.04310791175079255,0.14565534616282813,0.03192476994192058,0.39409200413131995,0.25069443120374163,0.036033413748550104,0.09849212238840364
Sushi Teri,2,439,0.0363842813988377,0.2381177177259715,0.01666170209638265,0.2697419139287359,0.29564559142792635,0.06058367316750062,0.08286511950878472
Sushi Teri House,1,204,0.031788462367794416,0.16211672723104983,0.020891760018404166,0.3392262459600198,0.28316554127662785,0.06452122228802176,0.09829003810705657
Sushi Tyme,1,160,0.025744956971175226,0.16115533821939604,0.013359362967457804,0.3756366799179886,0.27428070672031024,0.05334568533362467,0.09647727188639688
Sushi | Bar Montecito,1,86,0.019337555939781023,0.05723659987365119,0.0116469472248058,0.47975324838135264,0.26505289505084234,0.008945316697611576,0.15802742960066854
Sushiya Express,1,167,0.029507505605317893,0.21281611607103287,0.016521904129056703,0.3066172224415806,0.291588925456762,0.06000527074075339,0.08294305985676355
Sustainable Wine Tours,1,365,0.01154565036437176,0.0061675766900768135,0.015340024986733277,0.6464242060346631,0.16468183453233068,0.007119000021668027,0.148721709742198
Sustainably You Bodywork & Skincare,1,17,0.010726219015743759,0.009650271625586689,0.002872676492723418,0.5399277466623222,0.2601733522160965,0.022508705842911286,0.15414101731799099
Su’s Bowl,1,20,0.05783226210623974,0.19502699988079253,0.0037336708133806997,0.3563863782954285,0.23186158300377424,0.07300512736546802,0.08215395861770954
Swedemasters,1,26,0.08223708185295643,0.03497229287257557,0.006741709991519362,0.2933949044672772,0.4875785757590515,0.016625360921562533,0.07845004222606519
Sweet Alley,2,59,0.03218129545181858,0.09347203419291236,0.0035763919250881323,0.356888368192042,0.32262375246796565,0.0631868835771456,0.1280712693440333
Sweet Cheeks,1,84,0.02184104472343316,0.04271892730459855,0.03397357587805124,0.5653803423892463,0.21159572118804565,0.028385423103048018,0.09610496371862519
Sweet Jane,1,9,0.03957998747419977,0.013049273156664388,0.0021300019903315,0.4970707090364562,0.3084448609087202,0.005680282186302812,0.13404487756391362
Sweet creams,1,6,0.02643742932317153,0.16473057268497843,0.00223623396595935,0.31963972458227846,0.37215911348660785,0.015445111319422666,0.09935180710939064
Swink Chiropractic,1,9,0.14841393748712203,0.08556340681388969,0.03819889646385688,0.2112685579922981,0.41545552222265136,0.06640763073745697,0.034692065738555405
Szechuan Restaurant,1,241,0.01680911130695,0.15511226391224614,0.014598565199255365,0.40070920157416806,0.2697842182925828,0.041594333115132304,0.10139230766895907
T J Paws Self-Serve Dog Wash,1,90,0.022000806556186688,0.084814141964307,0.05827751919148588,0.4414352001311878,0.2949073703752623,0.023007764576727274,0.07555719588094179
T-Mobile,4,84,0.11666150122237876,0.13969468908388596,0.048799873941918856,0.23940276900975727,0.23329696135451303,0.06007505690130135,0.16206915990637966
TAP Thai Cuisine,3,505,0.020221234182366075,0.13347530446158218,0.013171440276627307,0.4449348836462936,0.2635850375280761,0.04234378801354452,0.0822683147744893
TEAM Hair & Makeup,1,79,0.03006428674959773,0.057749695176276324,0.08067251685078404,0.4458152581046076,0.1918988356785259,0.02297024675821763,0.17082915558845177
TEK Computer & Printer Repair,1,14,0.04370750304743908,0.01456944415362415,0.009905945590747093,0.27067301109699266,0.3354991661451225,0.034005930414423284,0.2916389995204684
TJ Limousine Service,1,7,0.04325775393018761,0.04943057758334489,0.0038422232776480574,0.5573171707635213,0.25777052808552975,0.015168642974458585,0.07321311752977112
TJ Myers Electric,1,22,0.013596493348648543,0.006633843512231954,0.05265667790345927,0.2839034927627918,0.5161398969252001,0.0070694621006788414,0.12000012633771716
TLC Nail Lounge,1,178,0.04426349281775499,0.16733282584738862,0.035353917044487974,0.30366225971243854,0.2502703476079812,0.07594546762535742,0.12317168923079168
TLC Tree Services,1,5,0.01570797222666438,0.015373894223011959,0.18993059170898047,0.11493586162105199,0.5217116206884385,0.005781104881316361,0.13655896130949255
TRiMM Salon Color Bar,1,51,0.013905686064961086,0.011087080112238388,0.05437794296977142,0.48793540195580204,0.26018197950450517,0.028508773247035643,0.14400313268233014
TSA Checkpoint 1 - Santa Barbara Airport,1,7,0.14921222810101292,0.22100376983040143,0.02204487692298627,0.1566294191538223,0.2796454626534666,0.0057639779489753,0.16570029364499658
Tabano Hollow Open Space,1,12,0.01476000874148055,0.07612574331384768,0.025743897043866967,0.2529386498499661,0.44201945575575036,0.020969121328865442,0.1674431060091592
Taco Bell,6,176,0.0810162686578802,0.2007467556061535,0.031328285527541196,0.16772018912442113,0.31708139656587836,0.09140704239821798,0.11070005923697446
Taco Tuyo,1,14,0.007080327935649835,0.07173942762061149,0.002236573451747393,0.5015463336104793,0.2786150476895273,0.008155590638385236,0.13062670314684507
Taco's To Go,1,85,0.04086826976580431,0.11378125940203006,0.008487935214960792,0.2501086976303828,0.37174698219031965,0.056846517854479695,0.15816034357446954
Tacos Don Roge,1,176,0.01545038864754707,0.12684327970700074,0.01357601795180839,0.34688146114752844,0.3819261812181635,0.03972781196419166,0.07559485666504104
Tacos El Rey,1,63,0.008805409419379847,0.03483077838632555,0.002768605456887032,0.4393896063390587,0.33115195768279215,0.021868332074807224,0.16118531096135338
Tacos Pipeye,1,170,0.008408534146763113,0.04520085123436083,0.011019630260553213,0.4678622800454511,0.3131000594016822,0.03301969858276763,0.12138894702280484
"Tad Suzuki, DDS",1,10,0.01583104833262037,0.047207276243716415,0.03867169285367705,0.31227440414950247,0.33980920575559137,0.110448160523083,0.13575819507241244
Taffy's Pizza,1,196,0.0201498337276517,0.0620111843534835,0.010734923598647533,0.4866421445366708,0.23589889574986023,0.0777284961160538,0.10683452137698397
Tahoe Clinical Massage & Bodywork,1,5,0.01056045009754592,0.15038197878748175,0.023353271919768263,0.13920543193817134,0.5293199673295022,0.03409676393494004,0.11308212578296657
Take 5 Bodywork,1,8,0.005171868455363387,0.012193274451419649,0.0071227985899894874,0.4902953733690083,0.39338548574596643,0.02474557212553915,0.0670856421347707
Takenoya,1,74,0.07858832127641177,0.23918608367141028,0.027564717358374617,0.13690474015272003,0.2945506977345291,0.09767048453559742,0.12553495918620827
Talevi's Wine & Spirits,1,13,0.015059523696366345,0.08589385068402264,0.05261743089739372,0.37132324528199834,0.30451418760304266,0.0769808205704276,0.09361093688326383
Tamara's Catering,1,19,0.03538654878809064,0.013031073089223312,0.0016965231043286051,0.6265385157526716,0.2552537970538986,0.021077977934558095,0.04701557495680289
Tamira,1,794,0.013482274378603507,0.06043072746742878,0.004663396000923507,0.5981287563542448,0.22267316177549537,0.018150822216453057,0.08247085783269337
Tammy Dobrotin - State Farm Insurance Agent,1,20,0.06334283063770267,0.04358148050087034,0.011052004416705995,0.5332926073228009,0.23559866885188963,0.04192872230778444,0.07120369055774059
Tang Optometry,1,5,0.0159203303279355,0.00858146823011332,0.00868686765315938,0.30595699623227113,0.5248956914059818,0.09672629826236512,0.03923235903494056
Tangerine Falls,1,5,0.007565465755760639,0.0098294920288026,0.01055761871393764,0.2154311783611774,0.543272326886654,0.19204344172030682,0.0213004692457616
Tangonadas,1,69,0.010915962035221034,0.029811195632699232,0.006769298164990506,0.5938224962581813,0.196800310448136,0.008955114084106918,0.1529256178916472
Tanners Cove,1,24,0.05662750505143772,0.15257926622871307,0.0954169962885013,0.3397796673186046,0.13988363517758742,0.07014176969338824,0.14557115840337545
Tanners Cove Goleta,1,9,0.07705807816495908,0.13442344816091156,0.1432748642853564,0.3731946104671806,0.07555880935655697,0.08027150527211938,0.11621868175764874
Taqueria Altamirano,1,11,0.005385491658340754,0.013704853957857562,0.0033611840653148,0.40795140036127786,0.4199022903022441,0.007141958086074028,0.14255282435227523
Taqueria Cuernavaca,1,405,0.019036084474035618,0.04334329267860282,0.0064789374224930195,0.48173661922739913,0.33638450892090244,0.024949734121342545,0.08807082387063946
Taqueria El Bajio,1,247,0.03918059127992542,0.08998172424711483,0.0153852450643215,0.37040731941113203,0.30976530276842196,0.03872510067070358,0.1365547152233747
Taqueria El Buen Gusto,2,98,0.017102507323178657,0.084272363859262,0.0036226053816047253,0.4447773699440794,0.3309401463721974,0.026993121715424038,0.09229189353016183
Taqueria El Pastorcito,2,122,0.016862791662341024,0.10773947433812814,0.011076176117057863,0.3880213774059857,0.30158737996215246,0.06238392968452149,0.11232886358820753
Taqueria La Colmena,1,110,0.017452825878916087,0.10689498715219083,0.007852821367454065,0.366477456923299,0.381785426331176,0.037147849027744706,0.08238863039296115
Taqueria Rincon Alteno,2,165,0.025136386619697304,0.15757120283158266,0.019349052727568112,0.31745310932464865,0.3309053858671563,0.04263910287285613,0.10694575966229997
Taqueria Santa Barbara,1,99,0.018301934122597056,0.06777706204894737,0.003891617149664883,0.5523363737194832,0.2278206023020726,0.025203111625013055,0.10466930952576936
Target,2,107,0.08350917936746619,0.1263240960314565,0.02078269733030075,0.16651480878506367,0.234977862536559,0.1022059468679765,0.26568540445720407
Taste Santa Barbara Food Tours,1,126,0.005909009396360902,0.007379235490040424,0.010351327530178565,0.7409104564123683,0.10825071883358293,0.004734246521755741,0.1224650032818317
Taste Wine Bar & Retail Shop,1,9,0.005789100063136833,0.010172812436293345,0.001157936720927711,0.6392798771460851,0.2928096931427717,0.004048223982358078,0.046742352450059484
Tatjana's Hairstyles,1,18,0.039902073298839595,0.08027448806549521,0.052016932116303954,0.5563173138006177,0.18173336069513524,0.008050940672142595,0.08170489053655826
Tatyana Boutique,1,6,0.013156232734521184,0.0094010762016599,0.0026219210315805833,0.436105581621329,0.2889554214974244,0.009799625608138718,0.239960144739598
"Tax Offices of Joel Perez, EA",1,23,0.015108275596740722,0.0160998493260906,0.03123063080103901,0.40163950779495516,0.4330127498782847,0.007537542913189995,0.09537144734159754
Taylor Paige Aesthetics,1,19,0.009022385022897032,0.015311880104586834,0.03795484212796984,0.4627049822164209,0.3242696968250368,0.008598178459674474,0.14213803802665906
Te Amo Estate and Fine Jewelry,1,22,0.0457568236108107,0.012490943325577597,0.04424852915557985,0.40422141763635655,0.21572354688859455,0.0068342780101705225,0.27072446307548403
Tea in Tiaras,1,17,0.05856390968512958,0.03891434357501561,0.028286309976144355,0.49391473955063914,0.18435058989288172,0.09339313014574784,0.10257699020097356
Team Tire Pros,1,120,0.048270358738955056,0.040512027576914945,0.022315581895115077,0.3640256745997855,0.2784761313446021,0.023988405059208115,0.22241182034000906
Teavana,1,20,0.09660894171101968,0.07417228134581814,0.012956600205507086,0.3802431967167649,0.2506586648756638,0.09061802333453665,0.09474230806808916
Tech Bliss,1,10,0.03486904739402229,0.007155590783804599,0.0028359598130918403,0.2056097361259162,0.37530907439067956,0.01549889253219586,0.35872169025242323
Tech Carpet Tile & Upholstery,1,6,0.17971144174225626,0.20257589593529698,0.011734990868717399,0.008488566731102716,0.1455074734985828,0.26679322340836126,0.18518841328720245
Tech Doctors,2,35,0.027626292706866305,0.012515457272196938,0.06985970578555546,0.3180210168939084,0.40580464644091463,0.030751697612660226,0.1354211807384022
TechEase Computer Solutions,1,21,0.031634841025585184,0.02280813070856739,0.05936766055224103,0.23736763944006742,0.39851049870430005,0.0716703523371723,0.17864088219634833
Tecolote Book Shop,1,9,0.005340502390430988,0.014507822692394222,0.004564278173751889,0.4948113364064031,0.22448809734649122,0.07219490245915945,0.18409305717796082
Teddy's By The Sea,1,457,0.01515980384055789,0.061750978687538614,0.011880222494866503,0.5870017439673509,0.19932998740878483,0.03321058954865233,0.0916666708284422
Tee Time Golf Range,1,8,0.08237093787465706,0.044828771147876936,0.003425009723287025,0.32633188157342374,0.4146497407928109,0.014357620268128762,0.11403607577085491
Tee-Off Restaurant and Lounge,1,224,0.017868207348978312,0.10950576738650848,0.006490329828271259,0.3679009439347283,0.32314401477300897,0.057309928403161084,0.11778081190641383
Telegraph Brewing Company,1,139,0.031021783015734244,0.07292299249742122,0.005525120302218987,0.45804191656702153,0.3093543474482064,0.03336634743781153,0.08976749335281654
Tent Merchant,1,36,0.05710128820889314,0.055863872804265004,0.1009383590798178,0.29631343065638144,0.33918152141591734,0.019036333836589165,0.13156519036015699
Tepeyac Taquitos,1,6,0.0073762784983652,0.0263404351814339,0.0015785601911678,0.32279167945186293,0.5006447186072668,0.012316216132603551,0.1289521112727622
Terminix,1,11,0.19798332368108354,0.34946941817179317,0.04155631998384536,0.09285557483830907,0.23764629187909037,0.0590970279775898,0.02139199859547339
Terra Malia Designs,1,30,0.02488537287184343,0.03380683602687586,0.0809160779045972,0.4331094730334977,0.23528461673607426,0.009441399209511729,0.18255621332985655
Terra Sol Garden Center,1,56,0.03444489280393875,0.04571285610498822,0.002849876863495234,0.5947771937104075,0.1669931182321826,0.02513925775461493,0.13008281072377156
Terraza Cafe,1,17,0.0662707653964924,0.20651057451579935,0.008584594592000042,0.3137131822124288,0.2227804574238903,0.06227532620815666,0.11986510445336422
"Terrell F Pannkuk, MSCD",1,5,0.02657584594562646,0.02219455335289238,0.0689447145443409,0.33589435722678895,0.28785232426598667,0.038505300274118734,0.22003291090950367
"Terrence Early, MD - Interventional Psychiatry Association",1,13,0.1009712159597816,0.12219162865613512,0.031581466157848986,0.1106334543930223,0.4307742446947556,0.16642586983597046,0.037422133358911785
Teru Japanese Cuisine,1,35,0.0075125685826475715,0.050391863152617546,0.0024705031587342573,0.5906393567416152,0.25170387681573625,0.029483746926832366,0.06779809427181521
Tesla Motors - Santa Barbara,1,52,0.04047740244221546,0.04161332792920377,0.03358751047366795,0.27987002288528645,0.3590724913116831,0.08084995862401015,0.16452928371458814
Tesla Supercharger - Goleta,1,7,0.008416951966604958,0.07653816543253401,0.04333230853080743,0.13544907374307508,0.5497614145278931,0.0592387286680085,0.12726336025765958
Tesla Supercharger - Santa Barbara,1,5,0.00832898132503028,0.00437645632773632,0.0032955535571090196,0.49353716848418117,0.3483771864324808,0.009629912953823741,0.13245473471470173
Test Pilot,1,253,0.021223028413601637,0.06399382776608355,0.009827221929428778,0.5226036185303679,0.2544931716215704,0.02639069197296341,0.10146844070156288
Thai Kitchen,1,11,0.02057353893972251,0.2307357604678889,0.0057292392646724,0.3336943267892241,0.28586034823886375,0.01569374441169197,0.10771303203232074
Thairapy Salon,1,42,0.010002429926923122,0.00825389338812475,0.05342125165840284,0.5993749290951417,0.21378973284958014,0.02346231521473129,0.09169544686474611
Thario's Kitchen,1,142,0.011492929609105414,0.05016828731131164,0.014232596141059876,0.5908425561448356,0.1828787451967413,0.02700077263395704,0.12338411556245282
The Adult Store,1,32,0.06282047497916206,0.13171118586433292,0.0247861297211784,0.45770321159670857,0.16298470253241246,0.01573099155575615,0.14426330063724888
The Alchemy of Beauty,1,34,0.05254842297804044,0.14149718401741287,0.04909806805046489,0.50506339490804,0.1449858173180152,0.010385699166149289,0.0964214264942497
The Appliance Store,1,30,0.1889932442301263,0.1881002823046098,0.03857505075672327,0.05566051971788203,0.3003100451547652,0.06010730962346614,0.1682535527196402
The Area,1,14,0.037552247805121716,0.13834564283024514,0.002390009259605457,0.5033336850382122,0.1638027093639331,0.012049230605563363,0.14252649781493734
The Art Of Consignment,1,14,0.07717981522104565,0.046902104800600246,0.12367952892340582,0.2813504545151123,0.314289465679654,0.026109816007582158,0.13048880953075626
The Attic,1,5,0.2877853590995073,0.1738097515655681,0.00494258255930612,0.19638574658893046,0.2303360033780336,0.01748443660326298,0.08925608927384016
The B Boutique,1,39,0.01435476799722374,0.09715820010751482,0.009868195312521484,0.44352546082033467,0.2746130586004792,0.04052778344320796,0.11995252892554088
The Bak Door,1,5,0.1603318257257342,0.01208394085988396,0.00153077665017914,0.4997946247458458,0.17197948694229123,0.024501829501241378,0.12977752629667516
The Bar Method,1,22,0.012984852377981413,0.0064001266675238816,0.06004063001124776,0.752221950372173,0.08948091724464158,0.020236157145435786,0.05863537195942952
The Barbarazzi,1,6,0.006359233288094367,0.005131906111879833,0.06641462765401222,0.6745356991887093,0.20946383538345492,0.0051604418937737165,0.03293425745020305
The Barbecue Company,1,77,0.049054351976963756,0.1299891761132189,0.011650868330918832,0.2816426279790572,0.2719501707243261,0.0733064996492867,0.182406306557067
The Barber,1,5,0.02520327875390644,0.025652521720621678,0.00219381464412432,0.44647804126143453,0.4173066483810544,0.00688261222094292,0.07628306634724136
The Barber Shop,1,81,0.024812126527885264,0.09260672652291957,0.020760361725007375,0.4111049800103726,0.2511306235877176,0.05138707589099386,0.14819811404119299
The Base,1,10,0.00992385481949891,0.014070976164657582,0.0927876325557008,0.570051653124392,0.25694656800478693,0.00594846408348524,0.050270856078714087
The Beach Grill at Padaro,1,16,0.006363738637446613,0.03028313491813602,0.004149792292082512,0.5230849282816052,0.36468541240901686,0.031846405261603594,0.0395866137114353
The Beauty Bar,1,7,0.010026515694335044,0.005956855386362486,0.03878672277538235,0.5693578379494804,0.2594865557870694,0.01903838238545823,0.09734713968022587
The Berry Man,1,6,0.12184749326358235,0.034366398923642266,0.0021292661258484665,0.5718635314454635,0.13308987502629557,0.0154490068671293,0.12125442763014382
The Bistro,1,248,0.025014742537854084,0.11621863463181893,0.017371550647846012,0.41615463966727184,0.24888575670211724,0.055799239570455156,0.12055544100134749
The Black Sheep,1,1010,0.015127024170539136,0.0661467192914696,0.008411144721480199,0.5217829203806267,0.24437197102602606,0.03174513850452161,0.11241508555762225
The Blind Guy,1,41,0.04636637318493204,0.0430872984451991,0.035727141911970274,0.16343349102805024,0.44687082495812963,0.14388191718153834,0.12063294712726659
The Blue Door,1,39,0.016932619807238713,0.013283564804647163,0.0052292445511855174,0.48383712279610336,0.2559390597714063,0.057984688471501206,0.16679369775244055
The Blue Owl,1,543,0.013912603543478685,0.06738067159312773,0.011003588571111944,0.49006970950651446,0.2659986287507213,0.03112439278592085,0.12051040665173647
The Book Den,1,55,0.011357728395060666,0.055884852932914196,0.00344319506760004,0.5535585167733106,0.1837638943900608,0.04143158153165127,0.15056022589560594
The Bourbon Room,1,111,0.012793175477077215,0.05471771970068241,0.010905482098858686,0.5392328534759833,0.21585670294793874,0.060547040341220555,0.10594702730173458
The Brewhouse,1,704,0.020155116691967075,0.13857137445384893,0.008960762027423979,0.4420970428595245,0.25667220619255776,0.038016839960536376,0.09552665697149426
The Brown Pelican,1,11,0.004213574183681428,0.008000311092473499,0.0028376057241323274,0.4288435481827367,0.20682274093004785,0.1813229141672226,0.16795930097048928
The Buzz Hive,1,12,0.0701717232295777,0.014271925465436602,0.00130111400843205,0.46355714235687623,0.35259599207590026,0.005369014834286592,0.09273308228390909
The Camp Transformation Center - Santa Barbara,1,27,0.06734432630603095,0.05379295046441252,0.08350201573490194,0.44474897870828434,0.19419553712941703,0.02947245793486077,0.12694373697956537
The Canopy Health and Wellness Center,1,11,0.2031946690562604,0.12478309147991236,0.16277500891010274,0.29288368510209356,0.17181873238984152,0.011061361641623028,0.033483456799083086
The Carpet Guy,1,51,0.014017558615545085,0.041030399433985384,0.0063330423264928055,0.460932662957074,0.25600214642198643,0.024692653075737064,0.19699154346816092
The Carpinteria Storage Place,1,8,0.0125806505675427,0.005197811216930812,0.0017015129269566,0.5646907240152359,0.1786878725979477,0.009943006385583387,0.2271984284743666
The Casas Party Rental,1,18,0.008926144076718165,0.003949338667249873,0.053703905453504445,0.5871033957228065,0.2501024696717245,0.004510184025598845,0.09170456220292379
The Cat House Hotel,1,25,0.012918968787416765,0.0516161741944961,0.04719423939939583,0.579103105540853,0.21878022558987137,0.010651927720755284,0.07973537085577842
The Center for Dermatology Care - Santa Barbara,1,8,0.09714510227786376,0.132683202275075,0.11882055658497845,0.17334764440602152,0.24233885342255232,0.14645769674098114,0.089206940960139
The Center for Urban Agriculture at Fairview Gardens,1,9,0.004456482491352444,0.007467103061369688,0.0015608842788625888,0.6770091524037222,0.15003313983066213,0.018953983671963177,0.1405192613601684
The Cheese Shop,1,24,0.010503774571892133,0.08147564022025709,0.04311318553664018,0.35793201949369785,0.2593651755402485,0.0910462304843046,0.1565639811645572
The Chocolate Gallery,1,13,0.013179325968779278,0.04289942400422515,0.0016173289802211615,0.3714191745250271,0.41953636193647975,0.0994753656156647,0.051873013735390584
The Clear Choice,1,34,0.021933458759175455,0.0720262925349422,0.029106598408201054,0.38154726153965485,0.3473372433115454,0.009323993690914481,0.13872516421628564
The Cliff Room,1,39,0.02229664635617664,0.13886361437228814,0.03533714254258363,0.41108208119709533,0.2641039479774637,0.016875742289882385,0.11144082227912847
The Closet Trading Company,1,204,0.012319950116387356,0.01195150119618864,0.00210934816306114,0.6196193106320695,0.18728302974498134,0.017864398701075302,0.14885246460828197
The Coffee Bean & Tea Leaf,6,318,0.04138678669455052,0.11132248361161524,0.01635167847457776,0.37609806441743676,0.2663552080707202,0.07104281225511155,0.11744296293154372
The Color Room,1,140,0.025510140177876908,0.04978759317808514,0.05793427962905423,0.4669527257934013,0.18452087839666217,0.052361357592495245,0.16293302966431444
The Consignment Room,1,8,0.02613813507196025,0.07240339328564004,0.0034488044257158876,0.6976187326945364,0.08767815167084332,0.01042802383017255,0.10228475788608189
The Control Lab,1,23,0.017271279853404164,0.016516302570538627,0.004435521067099848,0.30708168621134496,0.44275369794796343,0.022466633929466046,0.18947488373226443
The Cookery Catering,1,6,0.007838158984668483,0.0068350917038817495,0.0026618381283090332,0.5463104943434397,0.287853700419267,0.028655972486982702,0.11984472582116716
The Country House by Upham Hotel,1,20,0.005160255735972849,0.09608464569901112,0.014457743710954632,0.5252270683820826,0.2156432532239705,0.04759231086354697,0.09583473468082951
The Crafter’s Library,1,19,0.005411264100602148,0.0031156985144326476,0.08751464900284951,0.7049370604126077,0.11101141255839087,0.0035889539132384425,0.08442095951422261
The Creekside Bar,1,15,0.009703688998706593,0.12764488347262762,0.007595779189917527,0.5126938257055977,0.24436759554470575,0.0158649723278358,0.0821292730979621
The Creekside Restaurant & Bar,1,306,0.02830696945402803,0.09620012969898628,0.006241604703854344,0.5283467140508317,0.1971259366677544,0.04841928473510927,0.0953593640907795
The Cruisery,1,372,0.05038303122539644,0.0914210563281304,0.014436522033691395,0.519543959225762,0.17747840349204455,0.02713133269634283,0.11960569553204585
The Cube Escape Rooms,1,93,0.0054327894530448815,0.005664388319322164,0.018779378388107015,0.7113182899211684,0.14976891203813492,0.009919878067223362,0.09911635996753806
The Culture Counter Co,1,20,0.011246165615739245,0.01435698274872261,0.01705447594285938,0.5215591831016354,0.2743391367606819,0.030226651893462936,0.13121740187052636
The Dailey Method,1,18,0.008610264799143667,0.02875485194898723,0.028135480063307676,0.5570403031176991,0.2586471369593507,0.010580298917678444,0.10823165891795519
The Daily Grind,1,103,0.046625961111609784,0.14390848738082582,0.0051857667607232176,0.4180253905462309,0.2756316783991687,0.053509425574199264,0.05711328661921475
The Daily Grind Coffee & Tea Station,1,314,0.03643365934803324,0.1123599530778644,0.010670652247762858,0.40296070164918174,0.28282110811586364,0.058364805851834574,0.0963891165725483
The Daisy Restaurant,1,102,0.007366852071273145,0.04662566042480091,0.005947696596159158,0.6716977395710773,0.13326244886197586,0.031230748209910533,0.1038688570124042
The Dance Network,1,10,0.00760522717609997,0.00714351120404894,0.00156243424862619,0.7944972425699234,0.15616480549797412,0.004675699712242879,0.028351079905405602
The Dress,1,72,0.03673280716045859,0.018043122962505195,0.011138201128940385,0.5895077575939164,0.2073330960831501,0.039539175323120054,0.097705849355811
The Drunken Crab,1,613,0.018120514077201232,0.08975247341264368,0.007984942339145496,0.5082574672136939,0.23594099113476105,0.02820057828683131,0.11174303420439896
The Eagle Inn,1,369,0.01357062085093749,0.041484301261475065,0.019007601491762352,0.5257032865064968,0.2157158452984662,0.04058065140073443,0.14393770015580187
The Easter Team,1,5,0.0107736052013933,0.00500587630085644,0.00609061587601896,0.524739944934845,0.3426997274160385,0.00567278554663056,0.10501743871718638
The Edge -Salon & Barbershop,1,11,0.04331528957382857,0.05140837182460179,0.022645127475367465,0.43476441828534007,0.24249577534977682,0.01645612842615011,0.18891489285637028
The Endless Summer Bar Cafe,1,260,0.025632389700667026,0.1442924420735485,0.013218647130102299,0.46343689019480594,0.22049773933294298,0.05779024911663813,0.07513164487004706
The Engine Company,1,28,0.13103384022334852,0.1328603115606321,0.07333330305326459,0.09214327405165278,0.43591761301338133,0.03715372889668543,0.09755791996472644
The Errand Company,1,8,0.021471476939041126,0.008007810502021987,0.0038881059372215003,0.5369821731001139,0.23344005481339988,0.0862695693504065,0.10994079685769972
The Factory Appliance,1,45,0.15009967164757348,0.08680146297750369,0.04332987290302597,0.19763159997528415,0.3439249815626277,0.0386720272350228,0.13954037940647035
The Fig Grill,1,27,0.0255540669076489,0.16373942009845951,0.012222428148595086,0.37995086001508216,0.2194528450361556,0.09425109919350314,0.10482925131779022
The Food Liaison,1,88,0.007950979884216426,0.03671619723106476,0.014024948243207819,0.5348158255956977,0.23214214221860108,0.038962588538362763,0.1353873156523067
The Frame-Up Custom Picture Framing,1,21,0.019217485584141197,0.03671382603767722,0.05414617798912024,0.44850522439949037,0.31536202864455326,0.010619791978526624,0.11543547581615188
The French Table,1,88,0.03118311730742619,0.17566826868410726,0.025347460188310203,0.4288831961080591,0.19821054536044933,0.06213337661161358,0.07857403595698992
The Fresh Market,1,46,0.03374136773029175,0.060103930806887855,0.01103628911558817,0.41044404359443276,0.2112838657998034,0.08766487913216339,0.18572562480972996
The Frisch Approach,1,8,0.020038212765939475,0.017918896861374337,0.002427209648885725,0.17940259166061875,0.7005343157798052,0.0038192524225450627,0.07585952442605043
The Funk Zone,1,43,0.006672933845250105,0.04126397215051918,0.0033682286312943905,0.46793330913182174,0.29400790020346984,0.09561279660827195,0.09114085867199609
The G Spa,1,53,0.034528405051941956,0.0951675416897314,0.08775319174241779,0.38164428477988244,0.18751840433545125,0.07594690232028092,0.1374412737435327
The Garage Santa Barbara,1,17,0.016631583114811995,0.02095870520433351,0.04006041147102433,0.48794183962266235,0.30536062017028387,0.010204357759314806,0.11884248141637617
The Garden,1,93,0.05548211184119981,0.23307964918253718,0.01103525237876276,0.26085998745815403,0.2693485401906273,0.06941702568738325,0.10077743854383704
The Garden Market,1,93,0.04265800445723613,0.12482353292282927,0.006833872725931697,0.4883907034896785,0.17601375907699585,0.05987943025801566,0.1014006926129842
The Gem Shop,1,15,0.011570012670320722,0.0046277482373018675,0.0023947076503342134,0.5265812422459324,0.3232591344043612,0.0086777187728633,0.12288943876822783
The Glass Factory,1,8,0.01884419214911754,0.010155808005947562,0.004082646642927975,0.28873496159212664,0.46752180997282267,0.12119372427696358,0.08946685772389171
The Golf Klub,1,14,0.051934611185320737,0.07774829643728606,0.004262409605351886,0.3314601895898314,0.33635288142665687,0.10858706813970843,0.08965454124180329
The Good Bar,1,22,0.026800715676720464,0.10768874524034217,0.0034336969706187004,0.6079437266162131,0.17917644092813131,0.0214492028303952,0.05350749424277716
The Good Feet Store,1,10,0.02935578860342497,0.08649479370797049,0.013061939028557328,0.33628409134689713,0.20939944982528683,0.05448435331927608,0.2709195790113881
The Good Lion,1,350,0.011311741495904063,0.03970745138308428,0.011880798934559686,0.5249407378727171,0.2723790349285783,0.021032171064455547,0.1187480642433677
The Good Plow,1,19,0.007134301275455984,0.06709431745357025,0.001697800941704,0.6202110847164142,0.19737070720446734,0.040213968476133476,0.06627783044486449
The Goodland Pet Hospital - La Concepcion,1,52,0.07558245659255096,0.10617770560873813,0.02663282959558548,0.2740378309496848,0.2721520334106082,0.10797222347956933,0.1374449346375723
The Granada Theatre,1,45,0.028543484793044582,0.05918183954199771,0.01827848961369854,0.4254042199709349,0.23180903139420678,0.08576381883014818,0.15101912128221653
The Grapeseed Company,1,10,0.020959838898852428,0.09200204383814703,0.00418773579876865,0.3352157147135585,0.24103279225528235,0.00562047793064262,0.3009813902666792
The Grease Monkey,1,8,0.0458024397375993,0.02165589218930104,0.12029492103101798,0.4426406885031611,0.19786380429286504,0.01240000221878285,0.15934222005307672
The Grilled Cheese Truck Stop,1,29,0.06319316329659311,0.10465981558784196,0.016785834028770905,0.2185184929664407,0.18955376315540792,0.1528387624401085,0.2544501886646873
The Gym Next Door,1,6,0.006827615938770233,0.1075024561335643,0.007706334222651334,0.5220090730969483,0.2651852096120516,0.012652513338252833,0.0781168068448702
The H Law Group,1,39,0.08375495914310117,0.022539258571878888,0.10766588150335543,0.31764414498152643,0.24319597690079645,0.10429169461489292,0.12090808383893599
The Habit,2,227,0.03176128884878965,0.09617118567735002,0.009841516604536728,0.3362612551355648,0.36670262433818257,0.05549144232337921,0.1037706873612478
The Habit Burger Grill,1,308,0.03483915084015948,0.11150200096262892,0.009343112678763667,0.36215571305095995,0.3537650790002027,0.03314254010986689,0.09525239771188916
The Harbor Restaurant,1,477,0.029834237427912424,0.17764791548720693,0.013521709259434904,0.3892523862440549,0.22845456955331594,0.05858535992017742,0.10270382351104353
The Hitchcock Cinema & Public House - Metropolitan Theatres,1,9,0.006136364743320434,0.014463844760838432,0.007282420397839555,0.31751678173895925,0.33156422691212756,0.0907998949858463,0.23223645881646204
The Hive Beauty Shop,1,6,0.0061868701401787,0.007026117353234399,0.0011639572573282166,0.7362267983456453,0.21442692556108034,0.0066847556348268505,0.02828457175443565
The Hive IV,1,21,0.11921361915301527,0.12586206539223588,0.035621714404052346,0.2706514497514858,0.36441532480308697,0.05774622289685616,0.026489592201652933
The Home Depot,1,175,0.13659382238385395,0.22188471966556136,0.042777347675458086,0.09261196451111958,0.28659453668498563,0.07505304879908047,0.14448456429011583
The Honey B,1,213,0.012767061278794543,0.054141096449938024,0.009962074357213864,0.5328033748734579,0.19775761074185402,0.0374427431606263,0.15512604203415123
The Honor Bar,1,571,0.02900903032399015,0.054674271955377024,0.009379802806831518,0.5201025927431585,0.2480007463841064,0.034842603707412004,0.10399095216809219
The House of Clues,2,126,0.010401357793145658,0.023307336100269926,0.052391116719162564,0.6380782616916039,0.13354486931625395,0.010588378384469084,0.13168867493403097
The Hungry Cat,1,492,0.022591336032473132,0.10919230641244444,0.01153866161526757,0.40418368779122593,0.28081209340693075,0.06226020043964751,0.10942170951809783
The Illustrated Lady,1,25,0.06458559465128923,0.030531846124213145,0.07456067583756516,0.3213485313812271,0.30785982526838773,0.03802781619131561,0.16308571398258206
The Imperial,1,127,0.013139725726017109,0.060534481943665605,0.011402426986940392,0.49948827984837235,0.28973615133317226,0.038280861449471855,0.08741807801452806
The India Club,1,150,0.0303763990476727,0.1147368292526031,0.006130209523641145,0.3554249890745268,0.30556298302641755,0.054440062847764495,0.13332852164322195
The Inquisitive Canine,1,6,0.010963970252002233,0.016612603639562882,0.0017199018911923834,0.4119734490911166,0.4445044820507367,0.004691797463844166,0.10953381642078354
The James Joyce,1,166,0.056222806517764075,0.11968487253270937,0.015249015090156704,0.44978608455788066,0.22851843640898317,0.04364591315479843,0.08689287468701237
The Jewelry Mart,1,41,0.016159931867860387,0.013293829550625852,0.018771792598716055,0.44081181223595106,0.2702749420820576,0.013140971434484306,0.22754671698345275
The Joint Chiropractic,1,62,0.04608227241401286,0.06441113687563503,0.08395028726907534,0.3683009023750914,0.24885179229726592,0.06006746281374001,0.12833613930683158
The Kitchen Company,1,5,0.031760855019092524,0.3120963037479669,0.00297163433860982,0.3207025908341165,0.27382381614297624,0.02112906333059068,0.037515750154852825
The Kitchen Door,1,13,0.00883916032930403,0.009895071888772268,0.04988083494110744,0.5481727487192705,0.20499290776653928,0.0036173419256765923,0.1746019050478935
The Koto Group,1,36,0.1641797936107549,0.33748039477763486,0.07700950558258526,0.07493290142075336,0.16287222646901173,0.10271204231281036,0.0808131331868935
The Lab,1,7,0.016819020866283285,0.01709763270004514,0.0070755480555817,0.3820260060685022,0.4628769223179136,0.017387323281062458,0.09671754602875025
The Lark,1,1557,0.01649576194852636,0.07743447849346953,0.009345699928472605,0.4924414088997525,0.24117826213360347,0.03937115249896624,0.12373323528141386
The Liquor & Wine Grotto,1,46,0.015770112888118127,0.009841775433059084,0.002643392032832265,0.5448754147383505,0.2450164179317653,0.01697301583708786,0.16487987178539773
The Little Dog House,1,76,0.04848840856299682,0.12086523187156811,0.10295592443320566,0.33623553863205746,0.18791471802825593,0.09491126995080293,0.108628922312116
The Little Door - Santa Barbara,1,141,0.012211509184343754,0.056787658590742446,0.008798845995346312,0.5968663192462301,0.18380811365308064,0.0458621894280221,0.0956653693892352
The Little Things Bakery,1,134,0.01115210014204281,0.01659587594513679,0.018983902168371532,0.5558313675930223,0.1597844121505075,0.04670255703229536,0.19094978124007525
The Loop Apartments,1,17,0.11313567517380062,0.24269342959365425,0.018254743255537824,0.2936894334099419,0.21473724027986033,0.01734977651058746,0.10013970897039942
The Loop- Coastal Ridge,1,36,0.07208716300212671,0.31878310102426133,0.0869747316254587,0.19001242293031984,0.20976127298652295,0.04830748248948815,0.07407380448421458
The Lovin Spoonful,1,67,0.02103580603177946,0.04158803826083299,0.001580925393804379,0.5733501390004948,0.26145800226715515,0.007283432125947876,0.09370365490400187
The Mail Box,1,18,0.10473196804135414,0.013010013654517583,0.052776910254679996,0.39534782781265676,0.28139960450223744,0.06596648057974458,0.0867671769034738
The Management Trust,1,6,0.15724720604096845,0.20591400505509225,0.0092908318426149,0.15596579284950465,0.4149226552496354,0.016178381939728998,0.040481129117930864
The Manor Bar,1,7,0.03885312609574086,0.097432292166299,0.0020656494889407712,0.5357799279902663,0.2782951673226697,0.015121858367430243,0.03245191741734737
The Marc,1,9,0.05189389109404544,0.15528294299211762,0.008185888249297689,0.17928263028281632,0.3017606169192327,0.02088891269846091,0.2827051007706258
The Marquee,1,47,0.012334933858662005,0.1409056000002818,0.025499114732659235,0.4711336284099355,0.24093556727104362,0.044619059452707735,0.06457210528575116
The Massage Place,1,108,0.02502969171689103,0.07983657429253471,0.034350662864636825,0.40370311003008047,0.21927817685840026,0.05359190298973026,0.18420988043632217
The May Firm,1,6,0.13654290551009274,0.02210757951252157,0.010843691377279618,0.28587314152779675,0.2774981595575809,0.018956095096655134,0.248178392338256
The Medicine Shoppe,1,7,0.14467372492487937,0.16259363239597788,0.02256645317538637,0.2560512806189113,0.28745826543308794,0.015826111493099943,0.11083056182334461
The Melting Pot,1,11,0.006812001747841137,0.1191994859836995,0.04033617423953144,0.4763333420057527,0.3044860603457147,0.007646786493503172,0.04518616854594169
The Mermaid's Chest,1,7,0.05938184894953981,0.05150796808967628,0.0021831451407965715,0.26003242323973347,0.09340696482520013,0.004862227809748458,0.5286254127110753
The Mesa Bookstore,1,18,0.013810392989802838,0.010137984158872166,0.0019608027489286224,0.5633505204071602,0.2012086942688458,0.005734343126985295,0.20379727344132126
The Mesa Laundromat,1,24,0.02778559205277506,0.21247195489316553,0.010971719619798571,0.13928585280033678,0.4118614837061614,0.03372596809640522,0.163897435554342
The Mex Authentic,1,179,0.009622555537937503,0.05440871879541669,0.010116795632112123,0.5432570289442246,0.25092391492330657,0.023654975302715077,0.10801600192998033
The Mill,1,5,0.030614705430343715,0.16478218045085666,0.00136678813723842,0.5514516260009259,0.21705195233225819,0.00679124374873932,0.027941513317637102
The Monarch,1,55,0.01641794626114208,0.08872419173659923,0.008429434692317732,0.3488414750857787,0.28000286062332713,0.07002066030717366,0.18756343606986442
The Narrative Loft,1,50,0.007822461877949492,0.004923398147802754,0.01641839645948489,0.6061021928489209,0.19900643110275265,0.0061370895011350025,0.15959003360942003
The Natural Cafe,3,852,0.01878444108064828,0.08812670943816679,0.013919442945790231,0.48630150035928915,0.2798226342124956,0.03712008670934345,0.07592519029570212
The Neighborhood Bar,1,243,0.02202833763543136,0.0775270876251908,0.006122564433555457,0.5816524953865484,0.1996450753874862,0.03919222249449207,0.07383222072893067
The New Black BBQ,1,12,0.028218591527547646,0.014012152988774026,0.056875861836791275,0.37934032873211737,0.41121273798247177,0.013413139502517832,0.0969272029663746
The New Tahitian,1,6,0.09460164893728985,0.6465803806980451,0.1412201084507008,0.0016412295371992167,0.04299676511436695,0.022025052729683567,0.05093487286164112
The Nugget,1,181,0.03255927015336493,0.12241778805567648,0.009635439834966487,0.4674520711242466,0.24939248143072695,0.0440123928614341,0.0745305570507504
The Nugget Bar & Grill,1,54,0.03953906759421371,0.161343116179557,0.049578219746493825,0.3154213533616038,0.2518805395984263,0.07397481986683686,0.1082628770317468
The Nugget Bar and Grill,2,236,0.022034736266320173,0.1593959978797672,0.019403628753996364,0.3983450799949084,0.25584509177626724,0.049813740423059645,0.0951617260888254
The Numbers Girl,1,7,0.046551512221672656,0.018094461710591345,0.010853968993095358,0.1971358921644943,0.2318845222304974,0.09377898340712165,0.40170064887830187
The Nurture Cottage,1,5,0.00712315961718554,0.06659759110771116,0.0026889039087108603,0.5382263886742293,0.31729230359196664,0.0248619764577597,0.04320965316146608
The Original Bikesmiths,1,22,0.015184992030051237,0.007572823466034559,0.0033463173908371588,0.4623124860227108,0.32750217404893855,0.011478980167091523,0.17260224329815665
The Original Habit Burger Grill,1,334,0.022536072580800426,0.09774441762341456,0.011456891817049756,0.3559598771258868,0.3826611553232358,0.04529006524962329,0.08435152448305276
The Painted Cabernet,1,87,0.009844274383209511,0.006970011472605637,0.023566820239079477,0.7280548535629936,0.11400199530046728,0.005411065180903658,0.11215097640758782
The Palace Grill,1,1532,0.014104025779770974,0.0541233271868954,0.00881453434407509,0.5291649452194829,0.2498146815990844,0.03807384475517597,0.10590463971106517
The Palms,1,245,0.034050979346217425,0.16549638035654904,0.009392115269782807,0.385040552412547,0.2782538686783946,0.04933351491701462,0.0784325868806003
The Palms Barber Shop,1,97,0.016965336600779365,0.026238055773122552,0.025360274884715324,0.5150019580272708,0.29354103580213237,0.03427766026453754,0.08861568148161482
The Pan,1,21,0.01302665292972783,0.11829549807589498,0.0024362982076126523,0.5272691159098897,0.1883049544967001,0.01847787237992238,0.13218959874939168
"The Pasta Shoppe, LLC",1,53,0.04928934991904442,0.07855243375305222,0.0029033585319751943,0.47329785754214443,0.2772964412733069,0.04172160720698672,0.07693894695104007
The Patio Cafe Santa Barbara,1,66,0.05094625627459728,0.2198432257838166,0.025850341253151894,0.3685443964795647,0.1820537822857273,0.06848987443443158,0.08427212725104194
The Perfect Fit Montecito,1,12,0.08314649481326337,0.02258167434289736,0.02308737441489933,0.44728217308875173,0.27203955392663676,0.012646478474683384,0.13921623489780657
The Pets Pal,1,14,0.01066544366767625,0.00864382266965025,0.0751529909300318,0.5769516875568245,0.1930356659992997,0.06953878397221806,0.06601160486960514
The Plumbing Factory,1,11,0.027581085916608527,0.024604437735185673,0.0037517123300031363,0.3756350913423706,0.4601590720174665,0.01207404913888731,0.09619454882869662
The Point Market,2,18,0.1034464609628129,0.08210198348388072,0.03235055306059717,0.3386065091957183,0.24369293316784826,0.07377247037624729,0.12602909049019212
The Point Market at Coast Village Chevron,1,34,0.14627446913543865,0.15242336763014247,0.015417786446906693,0.14176758324302838,0.3848408133010654,0.0407549085828256,0.11852107507601266
The Point Market at Mesa Fuel Depot,1,28,0.07927560788812113,0.18300592338865887,0.06945209676216883,0.18779795587761325,0.2880249185088489,0.08468895965156008,0.10775453826811691
The Point Market at Walnut Shell,1,11,0.03031299843198868,0.21122811467979438,0.005933801707049618,0.12571566471491344,0.4730365222150629,0.03593641898425462,0.11783647380599917
The Poppy Pod Floral Design,1,11,0.008224576457657536,0.004041478969156681,0.14414280503247437,0.5735241736878048,0.1601711045950651,0.011395019965923599,0.09850085518238215
The Presidio Hotel,1,216,0.0327509365403481,0.06675818808704471,0.027935458983510738,0.40267559774279277,0.32586439647841164,0.03177474729697371,0.11224066852338617
The Press Room,1,109,0.023531692234453172,0.07155876423001557,0.018158805013501783,0.4599333328163943,0.2945790909286246,0.03289841798800594,0.09933989816302548
The Project -- Corazón Cocina & Taproom,1,166,0.02072231415189315,0.10670180764773025,0.011992127391410076,0.4352952500225637,0.2272155298893508,0.0631029751721253,0.13496998657054454
The Pub,1,13,0.0677264350144049,0.10190015733958434,0.04660495422565589,0.2648249129012513,0.2579885557867013,0.18133392004081259,0.07962105792159067
The Pump Connection,1,16,0.04888624072191302,0.011376219150406493,0.031095371516130347,0.45881068629387295,0.29807430319488043,0.09035246519488278,0.06140472672996107
The Red Piano,1,231,0.02862695586445305,0.032029950848399526,0.005256425442039971,0.6499096272312693,0.1426668915337201,0.03343637026110619,0.10807377825394365
The Refillery,1,6,0.004242760061363933,0.011029825526444817,0.0012735911877825334,0.7629858950773875,0.16206702310591933,0.00993327916755025,0.048467656616897586
The Revere Room,1,22,0.025940458449027027,0.05823418621862812,0.0041056338232010135,0.3936627054407092,0.1909746479412371,0.11752713863759044,0.20955521755174475
The Right Brush,1,7,0.014105589461645857,0.0182846867579168,0.03141497204030326,0.38466978073120117,0.46614866544093403,0.007683261297643128,0.07769302957292111
"The Ritz-Carlton Bacara, Santa Barbara",1,1446,0.028598590139410685,0.11269008495594032,0.021049090738356372,0.3716348496560451,0.2171465235274094,0.08161593577474317,0.16726492569452717
The Ritz-Carlton Spa - Santa Barbara,1,93,0.017149866385866026,0.062014083816764966,0.018854628711680938,0.4011278013797021,0.2305544649002953,0.09708043789335834,0.17321871806271572
The Riv,1,17,0.06434221993720922,0.17361503866884634,0.06114082902615118,0.39625593524782315,0.21249552517581508,0.019868701080079425,0.07228175765725176
The Rooter Man,1,82,0.036263101004495625,0.04008599792226644,0.06009100305084021,0.26387350166233525,0.4608428931863206,0.017972623676674893,0.12087087279679704
The Roundhouse,1,22,0.03863809269387269,0.32035463249353185,0.013216742735080887,0.1951119158686858,0.24672960079359732,0.02830695115368469,0.15764208324782716
The Sacred Space,1,136,0.00986437594453005,0.0152151926340593,0.020844864928863744,0.6581781438264229,0.14652790161370133,0.00986392079999748,0.13950560879311522
The Salon,1,10,0.1386602005688473,0.02308648579055437,0.00248159521142946,0.4359304054058157,0.32175061088055373,0.0071072662016376294,0.07098344210535283
The Sandman Inn,1,140,0.03520775988831047,0.22488250559628273,0.01811726157861158,0.22579866419525516,0.2706827143523176,0.055848202380418197,0.16946288187006886
The Santa Barbara Art Foundry,1,21,0.005357717917788553,0.007831168028392909,0.001631054217882762,0.7055764082996618,0.18227380797976536,0.003822960746696257,0.09350687416181673
The Santa Barbara Arts and Crafts Show,1,9,0.00669452311315879,0.004795976403531478,0.004345629551810078,0.46115116045499843,0.14941334993475008,0.03657836943036977,0.3370209688113795
The Savoy,1,60,0.05338062877805589,0.13091466273860225,0.0247950489778304,0.4076341283764729,0.23618325850305455,0.0377261348359752,0.10936613749654493
The Set,1,32,0.04233530069905095,0.11134501271226323,0.005278171600366425,0.5338489028181357,0.15690180017554664,0.07552835566457355,0.07476246855367202
The Shade Store,1,10,0.01177314594388003,0.007005161012057159,0.00264048876124429,0.21530239484272892,0.5027672680094838,0.01169925845460961,0.2488122925162315
The Shop,1,12,0.023832979786675382,0.05563599062346228,0.15604182515138135,0.08007135168494031,0.48597958715011674,0.009454936662223141,0.18898330989759413
The Shop Kitchen,1,1121,0.011021252816622275,0.06882619735372852,0.007084670701112097,0.5057300347580135,0.26993549079239615,0.03370659375072259,0.10369575707022559
The Shopkeepers,1,10,0.00565606881864364,0.01402203709585587,0.00209999093203801,0.653630306571722,0.13645838461816306,0.027107306360267043,0.16102589759975666
The Silver Bough,1,7,0.005751946741448928,0.0031463025370612146,0.002747419290244514,0.22003694856539366,0.25708695288215366,0.12348524861070988,0.38774518455777846
The Solar Energy Company,1,9,0.15055086323991412,0.08745625439203444,0.01285022623940469,0.15034035973561302,0.1866010517502824,0.31565805933334756,0.09654320403933521
The Spa at El Encanto,1,6,0.01001974532846355,0.15038959619899586,0.003047529103544817,0.3449314942893882,0.20762893060843146,0.14080951789704457,0.143173242919147
The Spine and Orthopedic Center,1,19,0.06615957984774319,0.0882683329798869,0.09636625450251521,0.414084100388113,0.2450596568615813,0.04948791525767817,0.04057415377495708
The Sportsman,1,44,0.0742964114178903,0.1288012490430529,0.04339048611952665,0.31316603460238013,0.2787881530715491,0.035215734289853196,0.12634193853591566
The Spot,1,388,0.030667293355644144,0.1082936604286738,0.01189929530537291,0.3565822697939026,0.36200403593259756,0.04617629892471213,0.08437714437934919
The Standard Men's Shop,1,42,0.009999101532490071,0.012553515191289681,0.0340949320566973,0.4765997086041829,0.3632795411339473,0.023201012180098055,0.08027218674708686
The Study Hall,1,43,0.11589049842603891,0.2522109451617092,0.032277448984068695,0.23553563393029747,0.18452191378834631,0.07090450628649786,0.10865904099773611
The Supply Room - The Presidio Motel,1,8,0.12522272556088865,0.007849562447518062,0.0026153827639063374,0.18599308360717257,0.329831475391984,0.12804213492199773,0.22044561168877405
The Tahitian Apartments,1,16,0.02035443129716435,0.0955042261994094,0.025022795547556563,0.4691888260713313,0.3090594346867874,0.04229412692075124,0.03857615744345817
The Taj Cafe,1,47,0.07886410848128585,0.33216352013752176,0.01948027207857944,0.15341032982836078,0.18598225095031898,0.09644030250529656,0.13365921187412702
The Talk Of The Town,1,27,0.00995049163854366,0.008734507369808797,0.007840932985008818,0.6305848071696581,0.2068080382024938,0.03313978471258583,0.10294144178516469
The Tennis Shop of Montecito,1,10,0.00849681203835638,0.00504896126512899,0.0012913999526062499,0.5653895803494379,0.23936390588060016,0.007178342482075049,0.17323101330548524
The Territory Ahead,1,26,0.10856824030634013,0.21845920607805822,0.07550301712427211,0.05856922449758987,0.2561180142936511,0.15388077905831427,0.12890152139768285
The Thrifty Flea,1,6,0.005969843012280701,0.0038979978417046004,0.0017356279422528667,0.7572808563709259,0.11457862115154659,0.003950457922959017,0.11258662282489235
The Training Room,1,15,0.05876109744422133,0.08244826725373659,0.0734824510213608,0.20826532656016447,0.34980523524185014,0.07674761218950148,0.15049000438302754
The Tully,1,19,0.006113833037057927,0.012251842531105953,0.002862782718454395,0.6880227829280653,0.23527397406532577,0.012854046353727142,0.042620726910076595
The UPS Store,8,211,0.09917466826096914,0.09026847821103087,0.032670744632837485,0.2839963722167706,0.3081562508612659,0.050945233591165685,0.13478824982703197
The Valley Project,1,75,0.01361658370432749,0.052813166078412854,0.018804192356571194,0.5290149479452521,0.22017455320805307,0.04701837469202772,0.11855817807838316
The Video Shop,1,19,0.0916426563880553,0.21474757633098446,0.01718024878860691,0.18210628490257807,0.34044311019150836,0.09460023120290743,0.05927988874578942
The Vintage Fox,1,6,0.0023962580016814,0.005051344865933017,0.0014401682904765832,0.5795812644064426,0.042748983173320654,0.048856760840862934,0.31992522611593205
The Vitamin Shoppe,1,9,0.012559672403666643,0.11418834122984355,0.006218405498657323,0.43582049513416776,0.24756773592283324,0.024958541073525898,0.15868684540813163
The Waterline,1,11,0.009594077805311118,0.08246708770324895,0.002171197271143818,0.569011019373482,0.2057223393666473,0.01387867429928681,0.11715562463822686
The Waterman Santa Barbara,1,20,0.020255898585310163,0.18956872004782777,0.01919468585983845,0.2704500962427118,0.30539067676290865,0.07754682428785595,0.11759310165653
The Wayfarer,1,141,0.021892563986066847,0.08723021636406164,0.013126971901902972,0.4493108294773781,0.24195237716012596,0.049776460040783364,0.1367105797646527
The White Peacock,1,14,0.14883311209268865,0.009964109639570607,0.025538100910905165,0.3379650922641823,0.18918961459504705,0.0968664849476356,0.1916434790806046
The Whitten Method,1,11,0.07595425588078791,0.05861349797553632,0.03458438861310817,0.22581177551976656,0.4432660090652379,0.04780597857792263,0.11396409638903354
The Winehound,1,11,0.0642912097656252,0.04545897313139651,0.08407405450336886,0.27737762986428355,0.31243853080509737,0.07837353468957269,0.13798604325645344
The Worker Bee Cafe,1,843,0.022022584471660965,0.06584809919382018,0.009847347897633862,0.542597436272094,0.22732967679877128,0.0309474905612403,0.10140736409346154
The Worker Bee Cafe II,1,35,0.024118487447101045,0.13257810314452004,0.00396867843810464,0.4838698254074968,0.21622168529512625,0.08594168943818653,0.05330154781861758
The Yes Store,1,6,0.005774257898641067,0.008226962022793733,0.0018171692208852333,0.4189086522286137,0.2434050628604988,0.09478390375928329,0.22708402449886
The Zia Cafe,1,9,0.0297644313993967,0.25899812610199047,0.006562092186262167,0.24041835792983568,0.3055538172937101,0.10089083538494173,0.05781232565641398
Then Comes Baby,1,67,0.019795994239567325,0.022227878510298633,0.03263728110051932,0.6163857385165183,0.20612205721702034,0.0274471849561043,0.07538387579704395
Third Window Brewing,1,185,0.012144210319840172,0.029847329983651288,0.00794290081571116,0.5775989579036832,0.22709856091847488,0.029198503481991843,0.11616953553858436
This Little Piggy Wears Cotton,1,6,0.03696546598803245,0.06858173230042054,0.00152141585325195,0.41745635122060776,0.41319259473433095,0.0159663994563743,0.04631609368758893
"Thomas Blake, DDS",1,25,0.027392431502230412,0.05975773304002354,0.013978214443195571,0.5422056238446384,0.21867727676406498,0.024864752590656222,0.11312396485358471
"Thomas M Fausset, OD",1,11,0.09187484347388483,0.11212766623463137,0.02847680657445871,0.24422331029464575,0.2648402354256673,0.12698420638811178,0.1314729044891216
Thomas Schultheis - Berkshire Hathaway HomeServices,1,11,0.00848695894025939,0.005421244221824082,0.07593570009868757,0.499849337618798,0.32159523699771275,0.051636001052842856,0.03707551126453006
Thomas Towing,1,41,0.19473020496164875,0.15344358865376104,0.054662025126162875,0.13219291284657647,0.21787809669153715,0.08211229213445284,0.16498088915321246
ThoughtBox Photo Booth,1,10,0.00786556883249425,0.0036797776585444303,0.07244184177543497,0.707060445100069,0.11081348173320289,0.003597960807383,0.09454088993370531
Thoughtful Organizing,1,17,0.015309046173249045,0.0131778930423452,0.1754078345085658,0.27799104096587085,0.4109521401114762,0.008400836329468865,0.0987612155868726
Three Pickles,1,97,0.023535226594138193,0.06748784295122433,0.006333169905101523,0.3766144864692007,0.37921575488541853,0.05409875163717248,0.09271477343341736
Three Pickles Subs and Sandwiches,1,245,0.021043702775650437,0.05489314604284503,0.007474363426326211,0.48691992616632535,0.2880585526268245,0.031762143829362224,0.10984816183241042
Three Treasures Acupuncture & Wellness Center,1,12,0.031546635165189664,0.025078629531587116,0.07644940481986845,0.3144431170852234,0.28217473036299145,0.07822607897105621,0.19208139724408582
Thrifty Car Rental,1,15,0.14553686962462956,0.31325774362000325,0.11878222497180099,0.08854740653575083,0.15525797936134034,0.034791817818768264,0.14382597920484835
Thrifty Wash,1,5,0.0994397602975368,0.3329265967011451,0.15578075684607026,0.00382293749134984,0.15274364612996577,0.19226362798362967,0.0630226377397775
Thrive Studios Chiropractic,1,8,0.027483031182782676,0.013872365059796662,0.09392067216685968,0.27387127978727216,0.4075702221598476,0.02584509097505355,0.15743732871487734
"Thyne Taylor Fox Howard, LLP",1,15,0.08976869668501113,0.052955204163057074,0.0560129327330893,0.36468669208697974,0.3522162075464924,0.013050802443952566,0.07130943338076268
Tiburon Tavern,1,46,0.028642665472073912,0.12624884179651572,0.010532870073802715,0.5486929285967641,0.1939859882442523,0.029311494942268555,0.06258520252405378
Tidepools,1,17,0.005451179356040277,0.006700538845239694,0.001438303169219094,0.6649991789942279,0.24153137327555343,0.00520850772120273,0.07467092831126025
Tienda Ho,1,34,0.029002323643961762,0.028427190501722186,0.018560274870490934,0.529739884645952,0.17800942919326612,0.07291432749480004,0.14334657586946642
Tiffany & Co,1,15,0.03461665719126657,0.04929917796592534,0.027868663572007752,0.32458367113334435,0.2088411446039875,0.07357027089844144,0.2812204132167001
Tileco Distributors,1,31,0.055382315670290255,0.06663305555740666,0.07617820205163177,0.3493128342801825,0.29787007767346596,0.031973381759598796,0.1226501199792349
Tilford Welding,1,6,0.01997044698024785,0.025423566500345832,0.0016877046437002166,0.25570264148215455,0.566024661064148,0.006762650717670667,0.12442832750578714
Tillys,2,16,0.10985148365944038,0.21520741101994642,0.014470611864453482,0.3718495658758911,0.10972442559432234,0.018609974606078994,0.16028654202818868
Timber's Roadhouse,1,31,0.026843165622032636,0.04301862697109516,0.0029275167485578353,0.5022718744547737,0.21415775975272539,0.0793025001936081,0.1314785733308282
Timbuktu Mattress Furniture Discount Closeouts,1,6,0.08256612481394156,0.21771283651469275,0.0172212061200601,0.19400703214341772,0.13936550092572964,0.20463502092752603,0.14449229339758551
Time to Shine Window Washing,1,17,0.01772851914660451,0.037268237649079584,0.0493760038139846,0.41947425815605505,0.31878368534586005,0.058454422800637305,0.09891488085336542
"Timothy P Mathis, DDS",1,9,0.05038891029026768,0.04358320564238556,0.11229900623826926,0.2530048269416309,0.2168930168781015,0.04634738736785945,0.27748366072773933
Tina's Salon,1,112,0.05681176913016571,0.1467435476401338,0.02063578923480231,0.3525996321711448,0.19183881116831406,0.06297701587443169,0.16839343179682534
Tinker's Burgers,1,203,0.03323918523776152,0.14626318250847015,0.01580642861041139,0.35788491894112523,0.2855863215647215,0.04357389641726119,0.1176460683150813
Tinkle Belle Diaper Service,1,17,0.011468051220564225,0.01344658244017727,0.04188087243956563,0.48768291622400284,0.37964504869545207,0.00561088223612917,0.06026563311324396
Tino's Italian Grocery,1,96,0.017709594694072874,0.04948747075710946,0.003634174176113397,0.43861033243168396,0.34335379221253487,0.03069572986957302,0.11650889937178965
Tint Designs,1,27,0.029984273551100876,0.018041516300635708,0.022214564697437496,0.22567601772715093,0.5782841370199565,0.007390608260821912,0.1184088974949662
Tint Works Window Tinting,1,65,0.02075734098370254,0.009885765072585106,0.004933939741190046,0.36841761749954177,0.44570500260362256,0.019720226769836993,0.1305801102497543
Toast Design Studio,1,10,0.01672844931017601,0.00596819787751878,0.00323803317442065,0.28639762231614435,0.2918061065487564,0.00637141504557798,0.38949016518890855
Todays Nails,1,54,0.022592876045059152,0.1601026873573169,0.03109326481353487,0.42247879189812076,0.2388465785835352,0.025163456523808154,0.0997223314566158
Toddy's Christmas Trees,1,20,0.057663308575865754,0.03940016111591826,0.00805206149234432,0.4465993234189227,0.24302534273592752,0.03050556494854386,0.1747542473953217
Tolan & Associates,1,6,0.014155773601184217,0.00753555532234405,0.14460933437415704,0.30495009990409017,0.49656083807349205,0.0076300695848961165,0.024558339423189513
Toma Restaurant & Bar,1,1094,0.013014004306314962,0.04732228770202542,0.00959503464152024,0.5779578019985103,0.21648258274490048,0.02582501060920175,0.10980327926169425
Tomiko Taft,1,7,0.015604247804731072,0.015514147800526415,0.0032900564006662146,0.5060310537394669,0.3676853983529976,0.005204031343704857,0.08667108283511225
Tomol Interpretive Play Area,1,6,0.004090583553382433,0.007092466286849167,0.0025471392194352,0.6084549079338709,0.34911334825058776,0.006657501760249267,0.022044066106900535
Tondi Gelato,1,105,0.01844911369484002,0.023069825634870277,0.0022833928712532267,0.5354630840986613,0.24568424637296365,0.0215714858345953,0.15347885280581453
"Toni Meyers, MD",1,6,0.0399606278709446,0.08651888358872378,0.25936202588491136,0.07220833867904725,0.38494072509153426,0.038935690807799454,0.11807372296849879
Tonic Nightclub,1,209,0.09718224697336371,0.19420904229767172,0.02573496004208388,0.21794415560565467,0.22924212711021016,0.07970621569402975,0.15598124869582217
Tony Toro Construction,1,7,0.028229418992330942,0.1292135078027578,0.1316189677787146,0.16954638811460293,0.4165582233773811,0.005328723728390614,0.11950475163757797
Tony the Tailor,1,27,0.04146397679492275,0.040333886326859754,0.0037409608097125594,0.35082931716546967,0.30927343519956424,0.06529788614285208,0.18906053614423227
Tony's Restaurant,1,70,0.018610726430779278,0.21027200680359132,0.02340914621766252,0.28886932866922244,0.272816459056256,0.07080624672983368,0.11521608309953335
TonyRay's Restaurant & Cantina,1,8,0.0037979018670739125,0.04453575412480854,0.08798261234551316,0.5535144040186424,0.27585538913263,0.006403309555025725,0.02791061258176339
Tonya Szele Events,1,24,0.013334034515234282,0.0077827143541071,0.00637746255961242,0.49242572610576946,0.2704848734041055,0.02273092286486639,0.18686427936578787
Top Cat Auto,1,7,0.01859470247291024,0.010459366462392927,0.0018007306498474857,0.31464353882308516,0.3619507602415979,0.004884195214669572,0.2876667297844375
Top Notch Driving School,1,8,0.06406175039592196,0.12706555036129424,0.03341541162808421,0.5041926353878807,0.10759036289528007,0.007499266532249712,0.15617503295652566
Top Shelf Event Services,1,48,0.034845361859576415,0.011620513379360346,0.04152616336735563,0.39321524609598174,0.31631411078463617,0.010843654847121747,0.19163494256402672
Top Shop Automotive,1,88,0.05042049990019714,0.053912737403482965,0.05172693290230443,0.2961146816669497,0.3198997363215312,0.04779085382390551,0.1801345503296364
Topa Topa Brewing Company,1,106,0.02578110412204686,0.06871495642759701,0.016919754535060783,0.590725847293693,0.19712594920716614,0.024416623991817404,0.07631575746048799
Tori's Oatmeal Lounge,1,5,0.004506618436425859,0.004705126397311641,0.0024355749599635,0.15144582926295694,0.6241958945989609,0.12596344295889136,0.0867475148290395
"Toro Canyon Nursery, Inc.",1,8,0.11158297328802289,0.05015187962271733,0.00193827036855505,0.6562381185067352,0.09817100793588902,0.04952201351989055,0.032395743561210076
Toro Canyon Park,1,8,0.005710098354029412,0.03720038077153726,0.024892161862226137,0.3179764293599873,0.4785834091017023,0.038159500691108364,0.09747801587218416
"Total Heating, Air & Fireplaces",1,35,0.24104728436629688,0.23095459049301484,0.040959411689878523,0.10077725056492319,0.2163167448714375,0.06576878798992501,0.10417594736042826
Total Relax Massage 2,1,12,0.028656053337423697,0.0476132224866887,0.006430251989513576,0.5134143396862783,0.25541280900749064,0.026091795822139784,0.12238150889364376
Totally Cali Tours,1,14,0.0053875823089453425,0.005184181159295628,0.06762045460969338,0.6843825232769761,0.1634998833760619,0.006214820039791143,0.06771053327247496
Touch-Up Color Bar,1,16,0.019984699225460607,0.044545376091264154,0.07204205678499416,0.5300820488046156,0.1963781102094799,0.01996688500366868,0.11700081638991827
Tower Roofing,1,11,0.16544712131673636,0.16482639799571847,0.050400105940008655,0.2301497244678268,0.33383135768500244,0.02089718121781261,0.03444812777028838
Town & Country Inn,1,77,0.051057988287905164,0.48621425233243104,0.048907135363045265,0.06648887416715245,0.1916574865546343,0.052797758555668664,0.10287651112121708
Town 'n Country Realty & Investment Company,1,6,0.08115268521942194,0.3278163179832821,0.01525432266256145,0.23829856928205115,0.3170025522510211,0.010475758540754465,0.00999980256892735
Town and Country Event Rentals,1,5,0.00961472922936076,0.00729927001520986,0.0020801220554857998,0.2571895308792591,0.5331751883029938,0.01155394203960892,0.1790872251614928
Toy Crazy,1,10,0.00478327294113109,0.00317785197403277,0.0012896635540527702,0.7390433549880981,0.11048387000337238,0.0034323814092203503,0.13778961291536684
Toyota Of Santa Barbara,1,343,0.08429029305026327,0.08398684172790273,0.044968623167420375,0.2911174504728526,0.2693468879816005,0.06721963536478955,0.15907026950029635
Tracey Rangel Cruz Attorney At Law,1,14,0.011789204103739086,0.006700024989965728,0.18806587067332914,0.2216137003020516,0.33875626977533096,0.020530203914469327,0.2125447212851473
Trader Joe's,4,256,0.045214465883873296,0.07417835303021998,0.041315960125530134,0.39366159424707803,0.28406703593509514,0.033037873075045306,0.12852471852170308
Transformational Movement & Massage SB,1,13,0.010625452340508832,0.034759786015806225,0.014526196840541515,0.4721633061193503,0.3723661951147593,0.027042223068957098,0.06851686494281653
Transformative Bodywork,1,14,0.005828289273527528,0.018767463845766236,0.07120407112857455,0.483317381669102,0.3302312181331217,0.06790759535838979,0.022743975128313214
Trattoria Mollie,1,212,0.03402279877765011,0.12102557534548528,0.023252617057499574,0.38383796021291755,0.2264740361265381,0.07099192081741931,0.14039508624986374
Trattoria Vittoria,1,341,0.021455450096649623,0.08368674878958238,0.012059642098259535,0.48285392334364163,0.23840149540981256,0.05547823523010103,0.10606450710208028
TravelStore,1,6,0.02900923004684347,0.013634696195367682,0.011227678604579168,0.23699285400410494,0.37962856143713,0.011626012021830884,0.3178809559904039
Travelin' Taps,1,7,0.024790295000587128,0.013167297733681515,0.0017155382416343572,0.36696024664810717,0.43595115201813833,0.006421429504241201,0.1509940358144896
Traveling Pants,1,7,0.006482517513047314,0.005991923032394943,0.0011643555688870856,0.5965928213138666,0.16243138636595433,0.005091215084705987,0.22224582119711805
Traveling Photo Bus,1,9,0.007876382338710889,0.005271768967051822,0.009027859858987401,0.605704945512116,0.22230203967127535,0.012300559811087066,0.13751642023109723
Tre Lune,1,272,0.028390451293543055,0.11276418165802808,0.015138787018205336,0.4299819553911862,0.23895673218066799,0.04970695699054935,0.12506093549617453
Treasures,1,9,0.18432122775508708,0.4472058583050965,0.07305807511632635,0.13716896473973364,0.0605622800067067,0.03659477716104846,0.061088836130996506
Treat,1,58,0.022253199089077604,0.07970849970749029,0.009915076236336858,0.4588408031398511,0.22380153337043932,0.05993055084977167,0.14555033000892603
Tree Surfers,1,20,0.0553721987875178,0.06684975322568784,0.011002883655601125,0.2950027713668532,0.45579605727689343,0.016944619256537348,0.09903172401245679
Treehouse Restaurant,1,52,0.021104547327223118,0.1931210147919885,0.01765148604093921,0.2772717177285812,0.3374392807331438,0.046967099698332015,0.10644484984872034
Tremblay Financial Services,1,10,0.061399196169804736,0.1349780827702488,0.01896593863202721,0.2689168943150434,0.4228394052013755,0.02186686713248486,0.07103360209148372
"Trevor Denny, DDS",1,82,0.018799301151685915,0.03822928853403977,0.05323277546977336,0.4580472654680063,0.33454955972038297,0.026907578874492924,0.07023422663787193
"Tri County Blinds, Drapes & Shutters",1,25,0.07839058320969339,0.0246051304414868,0.041681631403043824,0.23038554564118383,0.40887362506240604,0.051732614343054546,0.16433087745681402
Tri Tip Company,1,19,0.011078610513849427,0.044623049601030154,0.002626911571592437,0.4549182110073927,0.2331690126539845,0.11630333125542257,0.13728088508115
Tri-County Appliance,1,10,0.08672441570088264,0.045449711155379144,0.02562085508252488,0.20671112759737292,0.5767741409130395,0.01340629686601456,0.04531345092691477
Tri-County Auto Glass Experts,1,47,0.03822402138897074,0.03986608344402675,0.027522051973179175,0.3012747025870262,0.37329367931654794,0.08044010759678051,0.13937936079232613
Tri-County Locksmiths,1,70,0.09054411615777225,0.03583942525562759,0.061094968507365684,0.208005978024864,0.37666054163460755,0.050897211850886845,0.17695775867406544
Tri-County Produce Co,1,94,0.036283981805528526,0.06803536455164302,0.004529885378941113,0.39547034910634815,0.3459405057290767,0.014468901333067162,0.1352710158940642
Tri-Valley Trophies & Specialties,1,15,0.039361626468598795,0.012887912841203273,0.021052351737550094,0.39174788192225,0.1882408094902833,0.09125062632374463,0.25545878817016876
Tributary Whitewater Tours,1,28,0.005521092917271168,0.006036668055457946,0.036826462991094884,0.7013662776776722,0.19634695707022076,0.004254154457677371,0.04964838611028551
Trigo-Tronics,1,64,0.0891238384392636,0.04411410200327732,0.03437180822447767,0.20068127557397017,0.37009719233901706,0.07984346943885608,0.18176832326207656
Trigo-Tronics Computer/Smartphone Repair,1,5,0.1473019336350262,0.04201012792764226,0.005244005611166299,0.15285598956979807,0.38291993737220753,0.040286608040332725,0.22938143536448474
Trimnasium,1,15,0.05634654782867676,0.16567868073470887,0.013606540602631821,0.35961307124234737,0.23380874730646609,0.08112903768196698,0.0898173915687948
Tristin Tracy Photography,1,5,0.0027386450907215,0.0051988344523124005,0.00129492915002624,0.8904916644096375,0.0838629741221666,0.0038933768402784597,0.012519577424973219
TropiCali Beauty Boutique,1,35,0.014160247030667915,0.041158213860554835,0.0022374914497569,0.6553793136679035,0.20249627563171085,0.02385110918299423,0.060717357735016464
Tropicana Del Norte,2,23,0.0824338660838649,0.2924897760233801,0.010520763383955523,0.3497655473867148,0.18162822667711775,0.010395205569574973,0.07276663820907144
Tropicana Gardens,2,101,0.09537472178419532,0.3553776459233596,0.038220055691499014,0.20533117300474615,0.1780584298862642,0.0573252595230328,0.07031271044662826
Tru Beauty Lash Make-up Wax Bar,2,39,0.045380103640640344,0.05787885021298928,0.026298869308681205,0.5217344923159823,0.24015288068077117,0.025006387514086053,0.08354842671467799
Tru Music Lighting & Photo Booth,1,5,0.0055495934793725,0.0041943791089579,0.00261089198174882,0.6289903350174427,0.12460647718980904,0.0020934784086420596,0.23195480760186907
TruTeam of California,1,5,0.0645098376087844,0.02543241814710196,0.0229193253908306,0.12833532472141085,0.45653378739953043,0.04445093541871752,0.2578183744102716
Truckee River RV Park,1,53,0.03486810897406679,0.08566368563004044,0.006122453538547134,0.4558864562433951,0.3224478509048668,0.018424982103993542,0.07658645378003981
True Grit Woodwork & Handyman Service,1,16,0.013548660412197887,0.013954624344478313,0.006938023592738262,0.276415327534778,0.5038319542072713,0.056973052800458356,0.12833835705532687
Truong & Company Jeweler,1,61,0.029289525273240687,0.008552734725765046,0.06401741306548438,0.38496893963807066,0.30551132839936457,0.0062998515366744084,0.20136019221476475
Truth Aquatics,1,33,0.007576960004922523,0.04021473039844717,0.03385520450220524,0.4381472959860482,0.3068514848127961,0.056571751106248166,0.11678257029306027
Tsukemono,1,17,0.008516490842927864,0.08390358218457546,0.008085084098103565,0.28047306815107514,0.36523818016490517,0.03774427602012802,0.2160393313011702
"Tubiolo Vincent, MD",1,9,0.008237936857363378,0.03361486317589874,0.12973324916998127,0.4350541546526882,0.18462749632696307,0.16803704031432665,0.04069524118676778
Tubular George,1,23,0.03001648643175541,0.022743053891210074,0.01040148865507466,0.36190343848632084,0.3407780809085006,0.07891175720800195,0.15524571012381622
Tucker's Grove,1,26,0.02668322345394134,0.06002544000064233,0.008429106090961043,0.41000610690277356,0.37319586988395226,0.04847656569192898,0.07318368739484303
Tuesday Farmer's Market,1,10,0.10029765870422118,0.00998110033106053,0.003502977034077,0.3968356577213853,0.2652171828318387,0.0043263924773781996,0.21983900666236872
Tunnel Trail Hike,1,7,0.0050692827540582425,0.008938724391295385,0.011931990007204615,0.347492634318769,0.5922479288918632,0.012037115653843685,0.022282336239835988
Tupelo Junction Cafe,1,1032,0.015877890107463256,0.09133043967906197,0.009343024868249136,0.4631471378713124,0.26838982518552074,0.05133376045118924,0.10057792342976345
Turner Medical Arts,1,19,0.03078201219537536,0.014079259423612527,0.0324752423376163,0.3946200259471018,0.3987627199507857,0.010916677622222537,0.11836406073876113
Turnpike Coin Laundry,1,13,0.05193643228938942,0.4721652310914718,0.014762338644896515,0.009103796597068654,0.19485770470391095,0.15198707294005612,0.1051874336464187
Turnpike Shell & The Point Market,1,42,0.05384679373708505,0.1504127887255024,0.023660117581519917,0.20667357435533107,0.339087668074561,0.06803278169882968,0.1582862829534514
Tutti Frutti,1,25,0.027574577461928085,0.2312478304142132,0.012663283431902478,0.05500144692603495,0.3187779665738344,0.20237380532547827,0.15236107517033812
Tuttini,1,13,0.009232440184300285,0.033461531928668756,0.013935775025926762,0.42311204955554926,0.2394327907464825,0.15863630193500558,0.12218909223492323
Twenty-Four Blackbirds Chocolates,1,20,0.016167775099165685,0.030076378738158334,0.026980455362354355,0.42255137572064994,0.2735769740771502,0.03516189461806783,0.19548516473732885
Twice As Nice,1,16,0.008812978754576713,0.01933407440992592,0.010296781241777306,0.7180080327088945,0.08186550642130891,0.01714001626532985,0.1445426032878458
Twin Cups,1,8,0.016506903310073498,0.016956499806838075,0.0020356359018478,0.4032129609840922,0.41174394171684975,0.04652722888567946,0.10301682795397935
Twin Lakes Golf Course,1,17,0.016952318509164052,0.10405563398757396,0.010033391868038163,0.3917236676069853,0.32688096540925254,0.040599937852033745,0.10975407683016619
Twisted Twig Fine Florals,1,74,0.014290560320070018,0.005790503410861549,0.024379946865657354,0.5452819188200945,0.18378681450377443,0.005861078694185845,0.22060919334054793
Ty Lounge,1,31,0.031109820052440566,0.0641519716985884,0.05313134465682045,0.5112088168896134,0.21479904773690164,0.06631472257281379,0.05928427902530994
Tydes Restaurant,1,58,0.028110256488836353,0.09750242179645029,0.004514031615489559,0.48524281060210717,0.25522582888089373,0.0532705078025926,0.07613413639222107
Tyger Tyger,1,169,0.02039741766714822,0.08966211229683303,0.006248988628596811,0.5054034333515598,0.21287382395453086,0.044922999826538156,0.12049121981329616
Tyler's Donuts,1,54,0.014059040300910222,0.056190874106336886,0.0029107770517131557,0.4258882692752027,0.28421754788400394,0.09196329335638974,0.12477019986706885
U-Haul Neighborhood Dealer,1,19,0.1596149693880426,0.24352081285446486,0.014537865847447163,0.1299196181935258,0.22719261241390512,0.07753546957514784,0.14767865335421732
U-Haul Storage of Santa Barbara,1,20,0.06914169472875069,0.16092912445310498,0.07116354157915336,0.1676156319052097,0.20579151508864016,0.06047906097955996,0.26487942688399924
U-Haul of Santa Barbara,1,59,0.1721529155196148,0.2104850891006763,0.05878701697940286,0.07083772600064113,0.29004202168277005,0.08204497578080297,0.11565024356586633
U.C.S.B Associated Students Bike Shop,1,10,0.05023618089035148,0.07481311478186393,0.03508707823348226,0.16191814170451832,0.43436699118465183,0.06804645815864199,0.17553202342241997
U.S. Bank Branch,1,13,0.10264041174489713,0.3146350037378187,0.12659849933921713,0.124724212295125,0.21801217666898778,0.03026973963894233,0.08311994694388253
UC Santa Barbara Family Vacation Center,1,102,0.007572676232609591,0.012186857062795918,0.014489578111119991,0.6211941915463802,0.20355674150564212,0.0459923447468135,0.09500761538305699
UC Santa Barbara Soccer,1,5,0.01486852462403472,0.06083377923350778,0.0041132577520329,0.3951966033317148,0.28777343016117807,0.19198588752187787,0.0452285432256758
UCLA Health - Montecito,1,10,0.11860284148715432,0.05638080653734501,0.12918360898038367,0.29951632497832176,0.2084163282066583,0.05344330896623428,0.13445679894648488
UCSB Arts & Lectures,1,7,0.017234692973683387,0.08996453954439075,0.02835513889190867,0.44539067009463906,0.1760637855955532,0.13525301337774306,0.10773816279002593
UCSB Campus Store,1,13,0.1108932352553193,0.13008172213673014,0.0071462349285585924,0.17574934457213828,0.3931219976108808,0.03233534156774665,0.15067213311648137
UCSB Faculty Club Guest Rooms,1,6,0.008905159425921684,0.11217753014837696,0.008230272913351615,0.3267025674382845,0.4776937502125899,0.014502154507984666,0.051788565081854636
UCSB Library,1,18,0.042991761105238516,0.2199554770486429,0.004682757917584606,0.34819180696568863,0.23015832505188877,0.008897477178834321,0.14512239631989762
UCSB Manzanita Village,1,6,0.009191060167116367,0.06317422787348427,0.0115560859946223,0.13208200968801972,0.6440928429365158,0.00952459018056585,0.1303791627287864
UCSB Recreation Center,1,16,0.08487650089955419,0.09554682058660542,0.02110169058869356,0.19976505494560112,0.4469311176799238,0.027151297268574074,0.12462753048748705
UCSB Student Health Dental Care Center,1,14,0.04668426317428899,0.06447182615686735,0.12501698381467055,0.23849716513983105,0.40341646982623,0.03642353271633116,0.08548971368665137
UCSB Student Health Service,1,10,0.09822355948854235,0.1638454786036163,0.09935541979502883,0.22101652758428822,0.22640524730086323,0.07545548537746069,0.11569828932406376
UCSB Theater & Dance,1,5,0.01816372470930214,0.17502296380698673,0.00985606417525554,0.5521495772874914,0.1706064701080322,0.00436424249783152,0.06983692711219189
UPS Customer Center,1,22,0.07883943536911495,0.039237139085096004,0.02121751254360948,0.11663542227523228,0.23429749848913736,0.18926349074304608,0.3205095220949839
US Post Office,7,179,0.1665487004789997,0.23040806286995602,0.06756362538490773,0.09595683253712964,0.21692572326617904,0.08652610388615647,0.13607095621133417
US Tailor,1,18,0.043068222520458985,0.03238094277912746,0.01743469104015573,0.28257888088571936,0.4868357228115201,0.027839020735377196,0.10986253135423689
USA Gas Station,1,7,0.13745319191366429,0.40746152981383993,0.015057033809300987,0.014997186808614001,0.32522535463795066,0.0204926920456013,0.07931300952831011
USA Gasoline,2,17,0.052693635410190884,0.1506017833290731,0.013028058004291571,0.13407068126424046,0.5309587993166026,0.04456893416285949,0.07407811850391542
UTOPIA Creative Electronic Systems,1,5,0.0423924591625109,0.01471226081484922,0.00655411772313524,0.2022682108450681,0.39671185035258527,0.03289831546135242,0.3044627871364355
Uber,1,32,0.25517878360915347,0.1502752237502136,0.07601942285327819,0.08317610768335723,0.16658861674659417,0.13342678720800902,0.1353350748249795
Ulta Beauty,1,129,0.10385235481400963,0.21555352713028328,0.06336365659430604,0.14757307219073576,0.2455979088563183,0.06843074335980175,0.15562873340821856
Ultimate Bagels,1,53,0.020794671830580574,0.08316372972276091,0.010226409902075653,0.34783748597706193,0.31245279783066715,0.08510600127947496,0.14041889993087298
Ultimate Blind Cleaning & Repair,1,6,0.013320728127534117,0.08741695112742791,0.027647326841057834,0.3901767514956494,0.25357066789486754,0.028995346006316387,0.19887224235571918
Ultraviolet Audio Video,1,9,0.10807629225827334,0.01733292750496827,0.014213306253724169,0.3061549994680617,0.3453685520216822,0.012472543503261222,0.19638138585206533
Unbearable,1,18,0.021774452897564772,0.09408709589883474,0.04080785369377629,0.6098555401970063,0.13211052732852593,0.02630875573959196,0.07505580213748743
Uncle Chen Restaurant,1,142,0.010965513456924309,0.14396307116184168,0.012429805936309801,0.4852033533642895,0.2288033656421786,0.05925641942303623,0.05937846867543063
Uncle Roccos Famous NY Pizza,1,330,0.08068910687085885,0.22756081839660036,0.02586699744561245,0.21951738967195106,0.20976742537988516,0.07249660209406897,0.16410166090724732
Uncorked Wine Tasting and Kitchen,1,157,0.008154560799212117,0.008714857722549488,0.01465458486278857,0.6494957736224696,0.17162268318140958,0.008461608163638666,0.13889593205853676
Underground Hair Artists,1,147,0.028618166417985803,0.044479211722658965,0.07468385977922383,0.46501068229435427,0.2112807374301867,0.04903528158834871,0.1268920650084813
Underwood Restorations,1,11,0.03359646142714399,0.01802275446243579,0.0017361755017190727,0.20553086765787815,0.4071289234879342,0.0907704038545489,0.2432144218209114
Uniboil,1,218,0.029285516279884096,0.10926668462423611,0.01030023697012851,0.4386814724144776,0.2683514404161876,0.028775302214770093,0.1153393487148029
Union Ale,1,208,0.032111833536383964,0.1507731110692615,0.011839408918324126,0.3414413369733106,0.26373238744921623,0.057882068544411275,0.14221984843327212
Union Bank,3,24,0.06416756110653898,0.19424329088845596,0.05718510292839101,0.09729815721584596,0.26339929465514916,0.11934330235817465,0.2043632812807724
Unique Maintenance,1,13,0.05972370544735052,0.0753366300442184,0.0046581650945321535,0.22564733809290022,0.5019920988438221,0.018550752053180516,0.11409129030429396
Unique Tan,3,25,0.03358349852263923,0.1935459640016779,0.006591844819486088,0.38895073209423564,0.16062334954738614,0.09091012689284975,0.1257944856304675
Unitarian Society of Santa Barbara,1,16,0.00951814799191192,0.01654795696958894,0.028116597462940214,0.6986129850847647,0.13994033273775125,0.009782076107512644,0.09748188388766718
Unitarian Universalist Live Oak Congregation,1,9,0.003842385227067555,0.012810480004797321,0.0020225510492713557,0.6690813758307033,0.2549173430436187,0.0048779196157637,0.05244792987489033
United Airlines,1,19,0.1263278905167489,0.23767109106503134,0.025851710454413722,0.11292708514252134,0.15888322071221309,0.1171307987165882,0.22120819841572814
United Blood Services,1,15,0.03381590301481382,0.10421289543931679,0.054247543953048656,0.4128982042428106,0.2868026874959469,0.04403818741751207,0.06398456090440348
United Drain & Sewer Service,1,18,0.048890356802278045,0.030062875674856375,0.05920346013994677,0.288213454070501,0.43277511766387355,0.025119947541194614,0.11573480077398315
United Family Association Thrift Shoppe,1,33,0.06735619453177077,0.17216131816420588,0.018977076083308772,0.09065724350159249,0.29398325294481986,0.13075820261005758,0.22610672058495268
United Studios of Self Defense,1,7,0.01556917672444663,0.0530670749389433,0.0014806453504466143,0.47854191942938734,0.30573874339461327,0.004295381817168371,0.14130703093750133
Unity Shoppe Inc,1,10,0.02070539159467439,0.00904694041237232,0.00251489175134335,0.4101136863231659,0.368842445500195,0.01743093759287144,0.17134568067267533
University Chevron,1,24,0.16229131957516071,0.26852334698196495,0.024967231360884957,0.020990028885231934,0.3447652829539341,0.063559010081614,0.11490376529400233
University Club of Santa Barbara,1,77,0.006322674751100267,0.007111271560591197,0.008760987844109456,0.71376969181485,0.1475482567564233,0.01626221828960942,0.10022489213106497
University Foot & Ankle Institute - Santa Barbara,1,21,0.04704001252095964,0.03617458119489515,0.10109261257596132,0.3013494711457973,0.3015937529770391,0.019111783155018325,0.19363779886182217
University Of California - Santa Barbara,1,121,0.04421368449125895,0.048591547996798594,0.03396862737708412,0.3746112156505427,0.24760923913173943,0.07518030142927276,0.17582538520339067
Unveiled Makeup & Hair,1,34,0.01702970603261796,0.041052276884917784,0.018225806766114253,0.5723349695669159,0.21454839123522532,0.01613948563017932,0.12066934976781551
Upham Hotel,1,159,0.01088016048445707,0.05812258849435909,0.01348000240392111,0.49681964324407996,0.2784965137054897,0.06920802156124611,0.07299306916816847
Upholstery Decor,1,27,0.11337661924254558,0.05577626352250157,0.01840721777450564,0.23553883123073585,0.4799302528025927,0.012626933546184901,0.08434389811009166
Upper Cervical Care of Santa Barbara,1,9,0.008226963484452779,0.010079463691605823,0.2083767555498828,0.12534500311853153,0.17877641589277318,0.05270577108280521,0.416489633007182
Upper Oso Campground,1,14,0.01008045390647433,0.18840390704904814,0.007403626763594414,0.28443470865853926,0.409223641268909,0.045919436662058714,0.05453424208930556
Upscale Massage,1,58,0.00811301316094484,0.03793294372635182,0.02339566948197392,0.5449454007461538,0.23856599776652349,0.02191458299659702,0.12513238839114657
Upstairs at Pierre Lafond,1,9,0.005028119453022011,0.0049510460101171,0.005293945794821555,0.6003852303450307,0.15785559597942558,0.006385588513997644,0.22010046409236056
Uptown Bar & Lounge,1,138,0.029819807793988896,0.11916909303703421,0.010866725210781988,0.5162693034423906,0.1789654185860485,0.037543400823462546,0.10736625425035022
Uptown Barber Shop,1,57,0.029900164318908157,0.052857584974079004,0.026953053690305158,0.45605869218094375,0.31707485287303194,0.011309376917779395,0.10584627023056602
Urban Grow Systems,1,8,0.009652684733737212,0.027258110007096496,0.0018694421778490875,0.44707595044746995,0.30766160809434945,0.05206612590700385,0.15441608964465553
Urban Optics Optometric Center,1,105,0.014454564911180263,0.019183732865522343,0.014950009389680627,0.491667807276272,0.32201313492620276,0.022838017962030315,0.1148927347546088
Urban Outfitters,1,25,0.07124532074201846,0.24838976669590918,0.05440945143112908,0.20993168128654358,0.29108969215769315,0.032519426434300794,0.0924146729893982
Urban Statement,1,10,0.00942497281357641,0.01290621242951596,0.010190863770549119,0.5168194402009249,0.2863089652732015,0.007616904668975561,0.15673265170771622
Urban Wine Trail,1,9,0.004710730087632889,0.005172604035275633,0.0022442911997333447,0.42411240314443904,0.47098620815409553,0.008362065276337956,0.08441168276800046
Urkeb,1,98,0.01035091350548801,0.09952484090320705,0.0024947866266450294,0.49040976022156335,0.2823035272161419,0.03651923210626198,0.07839693947117866
VAI Services,1,7,0.08918675018607501,0.0955856104181813,0.26314598972177394,0.13173026348730282,0.309900372156075,0.009592863132378828,0.10085815770019375
VCA Care Specialty and Emergency Animal Hospital,1,101,0.0706632315414026,0.14635838129578413,0.11370848440380744,0.2353992485167518,0.25463865493829957,0.08939770068673616,0.08983429810112926
VCA Noah's Ark Animal Hospital,1,62,0.06973189835046083,0.10511874196104581,0.07592501295561477,0.2529855896174277,0.3078459693990167,0.12253441090785684,0.0658583769033993
Vacation Rental Estates,1,6,0.0385029519675299,0.16497965580007676,0.031940663747567016,0.43280260218307376,0.20442029150823748,0.029028731980360985,0.09832506362969669
Valentino's Take N Bake Pizza,1,69,0.020153120908366493,0.06167745669338631,0.003371552658263897,0.45812062326687103,0.281298556452806,0.01961118079708425,0.1557675117611601
Valerie Girard Santa Barbara Chiropractor,1,17,0.009908860919120507,0.025153047131264858,0.079877263164449,0.2733883999068947,0.3888093696030624,0.11971937280203046,0.10314368966090325
Valero,2,23,0.12766751192469633,0.15979988010013066,0.08293920025765973,0.12728857187523868,0.29724151276699873,0.13540279543351216,0.0696605322781302
"Valeska Barney, DDS",1,6,0.02566990558989342,0.04469401841439923,0.008002462981191083,0.7663108617222557,0.11828412317360437,0.012283077463507599,0.0247555777120093
"Valhalla Martial Arts, Kickboxing And Fitness",1,18,0.06921639804366143,0.07741071779875908,0.007023293756194266,0.33901457230159493,0.4138170638794286,0.034887245170668546,0.05863069766201074
Valle Verde,1,19,0.0716794618393147,0.07632377885870238,0.05773125758002457,0.20109783047442567,0.3490939009199409,0.16312357232489275,0.08095019209002582
Valley Animal Hospital,1,38,0.03280836712005298,0.04021681787593188,0.04464756089988724,0.36945115842268256,0.31163658598732,0.05817270523402835,0.1430667987350668
Valley Barbers,1,7,0.030421190163386683,0.09137160259498545,0.005094464336122742,0.32121107866987586,0.3593728531684194,0.0072382472322454995,0.18529058074844731
Valley Car Wash,1,8,0.07963481970364224,0.10309695557225491,0.007185098125773888,0.06844975732383317,0.42674069525673985,0.11028370104031632,0.20460898953024295
Valley Construction Sewer & Drain Cleaning,1,5,0.08489364816341545,0.08028157162480051,0.20990498950704928,0.09331469428725536,0.4609300395939499,0.01598129128105934,0.05469376952387388
Van Wickle Chiropractic,1,9,0.0107021284444878,0.015555543255888711,0.09152580312608426,0.3392045290933715,0.44005289694501293,0.018918533447302002,0.08404054394405744
Vans,1,21,0.09195805581042628,0.18000447788619478,0.019186562135083813,0.27121936613028597,0.2666330975923864,0.036682942416518885,0.13431551411659232
Varsity Bike Shop,1,55,0.01595854965483088,0.016139026486780443,0.0185102297850376,0.42905359029431234,0.2982899802567607,0.038427932782691264,0.18362067202106114
Vastola Electric,1,7,0.0164583786058106,0.005972325236403458,0.0038710145994887432,0.4408726105466485,0.3983101110373224,0.091072014133845,0.04344355261751579
Vedanta Hindu Temple & Bookstore,1,10,0.01474135083844881,0.023609824362210867,0.05627069976471825,0.5598326970124617,0.26128616323694587,0.01121011173818256,0.0730491797556169
Vegan GreenGO,1,280,0.020543539171921973,0.08938205893334396,0.007772525524757918,0.42023322301320143,0.2559874306042079,0.05106527060291093,0.15501595250929567
Veils & Tails Photography,1,20,0.00564713377389119,0.004381533755804365,0.06385593619925198,0.748138060607016,0.10676450207829472,0.006064942374359774,0.06514791047666219
Velo Pro Cyclery,3,112,0.03199075315205842,0.046902114440724375,0.013178415350141953,0.3564113642096345,0.35586792119179983,0.04477439583154457,0.15087503344693684
Velvet Jones,1,98,0.08903991135089104,0.18452923377020736,0.03718190650041068,0.2869570181115259,0.21081463709635162,0.0553821586226873,0.13609512617018032
Venti Partners,1,8,0.012067040210240475,0.00378878500487185,0.016756121818616476,0.6711486713029444,0.19929652340942988,0.005582265817793038,0.09136058413423594
Venus in Furs,1,24,0.008090031638857855,0.00835115337395105,0.0023791514189117876,0.599386985268211,0.16889486186361558,0.006729857200601388,0.2061679680094433
Vera Kong Piano Studio,1,11,0.009298412848941255,0.048869739011438006,0.09620165095971468,0.5232149052264338,0.2486538636413487,0.010565472343428526,0.06319597532803357
Verdé,1,8,0.06581132607971081,0.18137627505711856,0.03380923939039344,0.22856540184511684,0.40581889005261473,0.048305374904884915,0.0363135014486033
Verizon,2,122,0.13120829395770445,0.16174177362938547,0.055710082454559134,0.17538918608076273,0.21411099180304366,0.08375150453467223,0.17808816629437133
Verizon Authorized Retailer - Cellular Sales,1,45,0.11102262669139434,0.19355370980014813,0.028946453344542485,0.16219558529685144,0.35033683834804424,0.03832881643385103,0.11561596166963374
Verizon Authorized Retailer - GoWireless,1,19,0.14310662729028412,0.20451081545386265,0.07746058467034198,0.2524373269407078,0.1463087553060368,0.0448876746905673,0.1312882295368533
Vet's Here Santa Barbara Area,1,7,0.020326301355713127,0.05619402522487294,0.1739712392611961,0.3001186040097049,0.3043232725134918,0.08607491904071395,0.058991663157939876
Via Maestra 42,1,603,0.017995410586265526,0.05984093777322403,0.013566697144188337,0.5422721177187615,0.23473113678317747,0.031201261788016604,0.10039243801936323
Via Real Physical Therapy,1,7,0.010371116671844215,0.010087807679415773,0.1671626539817745,0.4177956456052406,0.29106243287346195,0.0465479942171701,0.05697230482473965
Via Vai Trattoria Pizzeria,1,153,0.036857104991498704,0.1719418432958442,0.008361321093485601,0.3992189603469264,0.2309430002910541,0.0546978437349358,0.09797992078538711
Vicentas Mexican Cuisine,1,140,0.012877442714774803,0.0988808136104905,0.011520388857128845,0.47687448154361584,0.19180388839782347,0.068725193094828,0.13931779152564033
Vices & Spices From Around the World,1,83,0.02003210393574465,0.05505631563354682,0.012640327281116586,0.5479304201060103,0.22473760323980482,0.026661647496329776,0.11294159286792936
Vico's Mobile Auto Detailing,1,27,0.02201340108661459,0.05201371706142604,0.006251208639393197,0.3153724964466636,0.3322945595546453,0.00975963249112715,0.2622949994100188
"Victor A Tacconelli, MD",1,5,0.02053015439305448,0.01762235278729344,0.00564715202781366,0.4561886126175523,0.4255009905435145,0.04644027817994352,0.028070490527898017
Victor The Florist,1,34,0.042292977573678725,0.06268269876497519,0.0343187072730335,0.3398705479682094,0.21367585183778665,0.14291151053176313,0.16424770002691622
Victoria Market,1,14,0.08702031799475658,0.13239003065973518,0.0049695400458793365,0.4103999477977465,0.20967749519539727,0.0823697120483432,0.07317295667183181
Victoria's Secret,1,34,0.12509436223156034,0.0940619476810645,0.03012310109368302,0.25333034747745836,0.24871710904271283,0.03718260286875777,0.21149053664275386
Victorian Vogue and The Costume Shoppe,1,36,0.09982622008667219,0.16220024439583838,0.025193693247274444,0.22281319236046526,0.342599089955911,0.033990279848997745,0.11337728074674179
Villa & Vine,1,28,0.014370179834908622,0.009595683164661696,0.0466338245158632,0.5983142978345443,0.14115216772604197,0.019198305418415475,0.1707355442091024
Villa Alamar,1,7,0.030197509946966756,0.04278618692686512,0.004487742096119129,0.3799472559309964,0.26849183120897835,0.2474195145935352,0.026669971777924413
"Villa Craft Beer, Wine & Kitchen",1,75,0.016182737261988166,0.011338629880143898,0.0016485347307752295,0.7211642695218324,0.13307197306615606,0.011459324191479584,0.10513453208841379
Villa Elegante,1,5,0.00612921901047226,0.00798781695775682,0.09837379386881363,0.44826084189116955,0.31871608346700664,0.005970528628677059,0.11456172419711945
Villa Rosa Inn,1,208,0.04329865766451868,0.26627444129917416,0.0429034347955446,0.24439571232512833,0.19503213923263288,0.08310357976230215,0.12499203172354517
Villa Santa Barbara,1,8,0.010989349990268186,0.12646436524664745,0.09999703431458325,0.487822126611718,0.054364586481824476,0.13561121019301933,0.08475135391927321
Villa Wine Tour,1,10,0.006714071321766771,0.00451687527820463,0.00184049661620514,0.6793362498283386,0.18503480758517976,0.0048962929402477495,0.11766121760010714
Village Auto Repair,1,16,0.08053974807262415,0.07047375658294182,0.08711236842646025,0.15021867231553185,0.27972064947243774,0.022722522036929114,0.3092122997622937
Village Pool Supply,1,10,0.059391793585382345,0.016933877393603258,0.00329369443352329,0.41382519365288317,0.40053582647815344,0.08056605812162157,0.02545354567700992
Village Properties,1,6,0.09488531908330812,0.04088227307268725,0.005511309097831399,0.4364021340152249,0.33872148270408314,0.030039940921900116,0.05355753369318936
Vine Vera,1,12,0.1888688808927933,0.33641453347324085,0.11032434327838316,0.026736174908971056,0.16421430523041633,0.011249307737064807,0.16219245123405315
Vino Divino,1,20,0.00650767417391758,0.00739432537229727,0.04316516759572545,0.5870973952114582,0.29331072848290207,0.004464089567773001,0.058060644695069594
Violette Bakeshop,1,15,0.008590152510441772,0.005402835431353454,0.06355779693112705,0.5582499006142219,0.10848767912636197,0.011440790894751687,0.2442708327124516
Vishions Smoke Shop,1,52,0.06634426154330583,0.10126639865204472,0.017537644828665204,0.38529774514832893,0.2850692709012387,0.04179485463716372,0.10268982540583232
Vishāl Wellness,1,6,0.00707270139052215,0.014768528946054434,0.012665699216692349,0.5211300378044447,0.3981604613363743,0.00787304442686335,0.03832956089172507
Visiting Nurse & Hospice Care,1,7,0.017541281313502317,0.006115172257912971,0.015622956661640486,0.34224195635345367,0.25132196356675457,0.1685066666686907,0.19865003075184565
Vista Del Monte Retirement Community,1,6,0.012960871642765848,0.01915093065084263,0.014016694127349115,0.5497905366549579,0.24773590763409928,0.03607359501377985,0.1202714588337888
Vita-Bella Photography,1,9,0.005579833018903878,0.003102763775839511,0.002167998353898889,0.6024606244431602,0.22227279634939295,0.0036290497519075446,0.16078691350089175
Viva Modern Mexican,1,665,0.02434975708330647,0.10813428007715721,0.01666677863664458,0.43765423989292807,0.23192382445768975,0.05569749467908154,0.12557362673674616
Viva Oliva,2,30,0.01009732503832003,0.04340692620608019,0.0021361106948460866,0.5785068221778299,0.1743469458383818,0.018181035698701893,0.17332482620452838
Viva Taco Bar,1,16,0.008255721928435331,0.026142827657167744,0.006000211635182443,0.5737150449494948,0.20365784369641912,0.020976950305339376,0.16125140359508802
Volcom Santa Barbara,1,10,0.0048981987521983005,0.00806379421846935,0.0041446397721301405,0.5083014882169664,0.22798747562337668,0.08190421578474336,0.16470018059480931
Volkswagen Santa Barbara,1,47,0.048503236987558644,0.11298558565396613,0.06317951795744131,0.31551282747742776,0.2517344952174561,0.08987529709330816,0.11820905191199652
Vons,6,217,0.07231809768352593,0.2557778197079403,0.032836696025454026,0.15519625202952217,0.2336813374272277,0.11144971080266004,0.13874008455276185
Vons Chicken,1,66,0.03522618338783182,0.08734249821281988,0.004518004578792183,0.4170434849431992,0.31311994959656714,0.05491000524489204,0.08783987193953975
Vons Pharmacy,1,5,0.32078204676508904,0.11897919839248057,0.019076729286462018,0.034000747976824605,0.2198883881792426,0.11642385181039565,0.1708490726072341
WDC Kitchen & Bath - Santa Barbara,1,68,0.14837324917521874,0.08872488536015971,0.023199184399238487,0.1828750331067781,0.25850829908706463,0.07992516112212525,0.21839419237735186
WINK,1,31,0.006900588931110193,0.006280490162504432,0.0027258815797751353,0.6475843743931863,0.21003668801859018,0.0111581494265626,0.11531383287341841
WRT Water Release Therapy® & Watsu®,1,8,0.005427988915471312,0.13653373229317362,0.009207874842104462,0.32563491419932683,0.28806703398004174,0.05701398928067642,0.17811446331324982
Wabi Sabi,1,87,0.010745387793325864,0.07234918215812511,0.0070749656879342555,0.5043882728031108,0.2447730498763079,0.04274019249848717,0.11792895500280558
Wagner Chiropractic,1,27,0.049652772996557355,0.019312432037959584,0.09868170750430884,0.3761991236048439,0.2958465350653838,0.06831025129563549,0.09199717445126557
Wahoo's Fish Tacos,2,76,0.029622031340534802,0.11817769049728089,0.011425574003384814,0.30409169719036744,0.4193890682164285,0.048268731199449966,0.06902521249752389
Wake Cup,1,118,0.029632378686258863,0.19542990815756697,0.014740693284508376,0.2860417701348354,0.3277881933451172,0.05028619941312152,0.0960808620290925
Walgreens,1,78,0.15107320617430672,0.23952623174782503,0.056232469967560414,0.048097717029845465,0.27628850255113757,0.10662220963515719,0.12215966052892135
Walk n’ Roll K9,1,10,0.08540885769762094,0.01527516329661007,0.023301115038339003,0.2273510742932558,0.3959534101188183,0.014317662292160051,0.2383926999289542
Walking Company,1,15,0.02478864220126217,0.027902143642616714,0.004914998422221534,0.458319320040755,0.31251853328819074,0.0754261131243159,0.09613026883453125
Wallace Cleaning Company,1,31,0.05981314511624189,0.05437227538899484,0.004223633663646151,0.31058904998410014,0.3538383150908856,0.06238469680876377,0.15477888213260277
"Walter C Dukes, DDS",1,32,0.03382409406731308,0.03148931934265415,0.014619306292843207,0.4660855077454471,0.3248786831682082,0.02362697601711256,0.1054760974948294
Walter Claudio Salon,1,105,0.06356261612437217,0.10690762211590825,0.026699926430176497,0.41337694096866817,0.17757450362135255,0.06343091147774382,0.14844747502578506
"Walter Michajlenko, DDS, MD",1,19,0.012423842771615973,0.03480881655368164,0.08901259319636183,0.43273281761886256,0.27389950359142134,0.036952852718777136,0.12016955579287909
Wanderlust Hair Studio/Gallery,1,57,0.030158164436120096,0.04003325373183506,0.05164736136717497,0.479651008536549,0.21183208700498204,0.06514172645065144,0.12153640686812103
Warbler Records & Goods,1,55,0.03567433823535044,0.02990414776564148,0.003941103842490385,0.3820622859988362,0.31609222415665333,0.03524615410927001,0.19707974864339284
Warrior Taxi,1,14,0.26002400534759673,0.2414766823972708,0.06860451210273558,0.07135990056641664,0.13125600007229613,0.11571788089349862,0.11156098908811272
Wash & Fun Coin Laundry,1,12,0.08211373588225492,0.02113498985030063,0.01404991423866396,0.21937084083522976,0.4580475879289831,0.009959926363080691,0.19532302456597483
Wash N' Go,1,138,0.05185739281696965,0.12204326289592886,0.03169830029440593,0.2497057881447962,0.34441447326495056,0.058760580039022965,0.14152020080338995
Water Store,1,23,0.04780093989962627,0.0783701134116753,0.0194881966023746,0.46968871696204273,0.287504564160886,0.056450064542055395,0.04069739951671137
Waterhouse Gallery,1,11,0.01201917276061558,0.1251328682040118,0.015250602985774558,0.4415519326205619,0.29348168992014095,0.011481431524523227,0.10108229348605326
Wax At Aqua,1,9,0.02732868236489589,0.017167019764504656,0.005286328326393289,0.15374178134111893,0.2911683979651166,0.22399652723429928,0.2813112773001194
Waxing Poetic,1,19,0.05356446825163924,0.06133584268881299,0.005752935454151306,0.49551220322763057,0.14618737191746103,0.06607114507105982,0.17157601785699
Waxing by Cody Marie,1,53,0.00978684083576186,0.030450227419419586,0.06422181422371886,0.5054147144414941,0.2766195762867354,0.030447446290878002,0.08305938717830078
We The People,1,10,0.25556641574949024,0.16445549756754185,0.043379764002747796,0.047430111037101534,0.3040704652667045,0.05467339310562234,0.13042434914968903
Webby's Candy Company,1,5,0.0219940007664263,0.08350125295110045,0.015063939522951781,0.06105570979416366,0.35866832286119454,0.27575061772949994,0.1839661721140146
Wecook,1,40,0.08689057517622127,0.34641268122650215,0.05942321414768226,0.13226241199445207,0.27979927995475007,0.036766345915384545,0.05844548609311455
Weddings in Santa Barbara,1,13,0.008496125998835109,0.02109172183554616,0.002544868428510784,0.4715011715888977,0.4610597973402876,0.00700127445340437,0.028305037556072797
Weiser & Grant Dentistry,1,8,0.0044408227258827,0.017221255926415276,0.011921663775865413,0.7450664807111025,0.19578599499072877,0.007679424626985513,0.017884362838230985
Welch-Ryce-Haider Funeral Chapels,1,16,0.012243275938089887,0.07327202838860099,0.07152460949509981,0.2169614192607696,0.2804528959677554,0.2580034662387333,0.0875422977696871
Wellness Therapy Center,1,16,0.04918139996152599,0.04519185257959175,0.005105046291646388,0.5189856315555517,0.17927593056811017,0.07197371053916864,0.13028642171411772
Wells Fargo Bank,5,67,0.08390859628718259,0.14081459726578788,0.05909745764889082,0.22719994824424855,0.27753991463374506,0.06520464465477319,0.14623484596151354
Wency's Dog & Puppy Training,1,10,0.017388108070008422,0.01577230781549583,0.09929554315167474,0.2656287590041756,0.3815064825117588,0.0093694014125503,0.21103937821462745
Wendy Fereday Swim School,1,33,0.03180570759683504,0.05507248857721795,0.06654725682826455,0.5332359399269053,0.19408870575187556,0.018645319325680035,0.10060457372332383
Wendy Foster - Montecito,1,6,0.01078872976358975,0.10134730002027932,0.07409955914287511,0.2868012423471858,0.13481099282701808,0.22899027549040815,0.16316189686767751
Wendy Foster State Street,1,20,0.081208200531546,0.13738953015999866,0.00860736587637799,0.27985082110681103,0.1838229534681886,0.08961340070818545,0.21950773347634817
Wendy's,1,35,0.09550526587824731,0.17326215670743422,0.04029262920209601,0.1634501076353314,0.27233809810797016,0.1262109976162069,0.128940737837859
"Wesley G Schooler, MD, FACS",1,31,0.027523138800695974,0.04566282392554581,0.03227565366955049,0.4194758349894396,0.25034163940337395,0.052737044230584125,0.1719838563848527
West Beach,1,12,0.007570745772682083,0.18159352301154283,0.009595937677659034,0.23921047983458266,0.429035597636054,0.09910364185149467,0.033890078542754
"West Beach Inn, a Coast Hotel",1,140,0.032275761349176535,0.05382717049048677,0.011427073556322753,0.46571621069825986,0.249250208534899,0.04915103393224329,0.1383525442598121
West Coast Hardwood Floors,1,5,0.029826660733669942,0.00877365227788684,0.0028923009289428,0.3017281837761402,0.5294205188751221,0.01124427313916382,0.1161144098266959
West Coast Vascular,1,5,0.10125159732997413,0.064121513813734,0.02187294056639072,0.039128498360514595,0.42198669612407685,0.18256763592362396,0.16907112449407577
West Covina Wholesale Nursery,1,6,0.008732616396931283,0.010826924078476885,0.002910920273279717,0.36885940718154114,0.5193556311229864,0.005315505356217366,0.08399899769574398
West Films,1,5,0.012410402391105819,0.00434700869955118,0.07412669318728146,0.4859019458293915,0.1644269436597824,0.00798901333473616,0.25079798605293036
West Marine,1,7,0.025713676852839287,0.13928413384460972,0.004491177304381714,0.14409426065893574,0.37383223830589224,0.049683207779058325,0.26290133620412753
West Wind Drive-In Santa Barbara,1,119,0.036866823040113246,0.06485776303672548,0.022814102645742292,0.450417277302413,0.27868329597042263,0.03145255309924823,0.11490818632359635
Westbury Lawrence W DDS,1,6,0.021166874348030686,0.030325911163041935,0.011051677031597701,0.27409465079351014,0.47303931042551994,0.11230899207293983,0.07801260519772764
Westcoast Automotive,1,28,0.04053283462001538,0.10875549272168424,0.09644138396210365,0.2900090608246891,0.3376073842934732,0.03443253219094389,0.09222130352697731
Westerlay Orchids,1,20,0.012673458771314433,0.016990947094745888,0.00445383341866541,0.46135423197411,0.23286262489855286,0.06623993238899853,0.20542496631387622
Western Dental & Orthodontics,1,146,0.1683068370995947,0.1944002651965105,0.09080854588473683,0.13221211898621416,0.22366358743891218,0.07720213218022784,0.11340651345241504
Westmont College,1,14,0.018924709987394206,0.015049411139833421,0.010169515465219856,0.5916931830413107,0.23738885180292915,0.030444287844667434,0.09633005079480683
Westmont Dining Commons,1,7,0.010430870145293158,0.208988398612876,0.012723611077360227,0.3532523719893236,0.2328295263328722,0.024678683174507898,0.15709654334932563
Westside Auto Repair,1,18,0.0476176189905446,0.020778601439410977,0.008029117759886245,0.37162806718455005,0.3418688989865283,0.018043419313875698,0.19203427589188016
Westside Barbershop,1,12,0.021971564584722075,0.06457216788840012,0.016621886245654072,0.4784287398991485,0.2646111968206241,0.04634608473861585,0.10744833371912434
Wet Seal,1,5,0.0213763745501637,0.055076031631324386,0.00284966515027914,0.26482326327823097,0.22984626684337855,0.3726934146136045,0.05333500411361451
Wetzel's Pretzels,1,18,0.07695721157748868,0.12806055751894338,0.002991153920043422,0.22369856172008434,0.2762862036470324,0.10651974215741368,0.18548659004995388
Whale Tail Deli,1,5,0.0094657990150153,0.01670055659487836,0.0012535221758298,0.26598165258765216,0.48615693897008894,0.0097482254263013,0.21069334186613556
Wheel Fun Rentals,1,32,0.059600148699246305,0.046516130008967545,0.0030735711407032314,0.3996375887654722,0.3652939036837779,0.052688729898363776,0.07318993042281358
Wheel Fun Rentals - 24 E Mason St,1,156,0.025614048840883977,0.027081173002116862,0.01894728722385102,0.5739968081298941,0.25833671346145604,0.023302268053297482,0.07272170038665461
Whimsy,1,5,0.00433362548938016,0.01883525673765684,0.19590134975733234,0.5056754577904939,0.18878877777606246,0.01841062894091004,0.06805487936362618
Whimsy Antiques,1,10,0.00845288822893049,0.04215864216675978,0.021574982459424,0.485787196457386,0.17891523614525792,0.10847745251376177,0.15463357688859103
Whiskey & Leather,1,12,0.07813647521349287,0.019657431325564734,0.0025370232130322583,0.6414265330289103,0.14504495775327084,0.0050831017433665086,0.10811446822481226
Whiskey Richards,1,82,0.035302904538140105,0.11101994097229975,0.025277060913007156,0.5169168751950876,0.17795064555844514,0.045578312141559524,0.08795426773310566
Whistle Club,1,7,0.015210547168473,0.009854977251961772,0.001825685088988343,0.6485439594835043,0.2970631197094917,0.003943858119392986,0.023557837886203557
Whitcraft Winery,1,34,0.03596662239664613,0.10864555681216773,0.03268736732613482,0.30560672619065044,0.3104442620978636,0.024434483041712862,0.18221497247064042
White & Grube Orthodontist,1,37,0.00952124006014211,0.010775077254259656,0.020379623648320355,0.4604846580658813,0.3347478146992019,0.018805532332358686,0.14528604362764064
White House Black Market,1,15,0.14306716148275875,0.21436943206354042,0.010917186572138794,0.219831439127059,0.185720758823057,0.09240718207632498,0.13368683885782953
White Lotus Yoga Foundation,1,12,0.011775209044571917,0.027211742339810916,0.006386141350958434,0.3668441074357058,0.34279352085043985,0.09727256186306472,0.1477166875847615
White's Pet Hospital,1,51,0.05474942857764802,0.06608120937302119,0.036913696327246684,0.18899143618011077,0.39694096474890034,0.07552638912445624,0.18079687231768138
Whitefoot Meat Market,1,10,0.00794102600775653,0.0247663660673424,0.0021626244328217,0.3706780970562249,0.402154628559947,0.08727255163248623,0.10502469504717733
Whitehouse Florists,1,20,0.015046438542776697,0.052444775705225724,0.046617757756757736,0.536762660331442,0.1444278276409022,0.044290840369649184,0.16040972219780084
Who's Walking Who,1,11,0.012822229690341726,0.00787657766010269,0.01510414234574201,0.4928436986678703,0.27807411094280804,0.010930932783098327,0.18234828914600335
Who's Your Trolley,1,10,0.1145866839215159,0.15138924182392652,0.02217390884761694,0.24434469433035697,0.2640127720311284,0.10179489627480502,0.10169777870178218
Whodelicious,1,41,0.014149157808832323,0.10812993613838373,0.02352171300955838,0.38387674546840306,0.22139960606923187,0.11143236664668993,0.13749046083653296
Whodidily Cupcakes,1,62,0.012046722668944057,0.05574815062385408,0.01576197348373577,0.3923337871411575,0.2172982731173115,0.09148508200474499,0.21532601046736438
Whole Foods Market,1,233,0.06362616618927323,0.20342564529438537,0.014259885756129975,0.26921762974146857,0.27977248580722625,0.05322346919567955,0.11647471298724449
Wild Heart Events,1,23,0.01670383960616001,0.005617336830650599,0.006656199854383522,0.4455492573020899,0.3127874590294516,0.0058419966068037395,0.20684391478805433
Wild Lavender,1,25,0.008033564919605796,0.005999424441251859,0.001855943208793128,0.6597216793894768,0.15163205362856386,0.008827057764865412,0.1639302591467276
Wild Side Smoke Shop,1,21,0.1682056148724985,0.12532729967885337,0.006519451347966847,0.2689640233182303,0.2751806674170352,0.056664226388203905,0.09913870204417474
Wildcat Lounge,1,289,0.08002219935009013,0.16861647524542425,0.04555632877522095,0.35146544903835397,0.1836520600653089,0.05057697073567757,0.12011051510165
Wildwood Kitchen,1,222,0.016256164518700916,0.1141833482309651,0.01207810025326567,0.45158188607108984,0.24118913555735938,0.054435039445157915,0.11027632551141883
Will Nelson Fitness,1,7,0.014583300566300686,0.008627041176493629,0.008921103402306929,0.3295607353959764,0.5081031003168651,0.015446489610310057,0.11475821331675559
Willa Kveta Photography,1,20,0.00500642990227783,0.006039918877650005,0.00953300715336803,0.7853615030646324,0.10832636731211091,0.005067328113364,0.08066544812172648
William G Lannan DDS & Alice Kanevsky DMD,1,13,0.029459798350357044,0.020269342975762553,0.13115690845566294,0.42276287069902396,0.2745357054070784,0.08369964927148356,0.03811573054498199
Williams-Sonoma,1,30,0.08850711455258227,0.17291392662251984,0.010263867742226719,0.1686886812608766,0.26969220234702024,0.12591752019555616,0.16401667380705473
Willie's Barber Shop,1,10,0.03423660830594595,0.11396203034091737,0.05890984201105307,0.378052419051528,0.3082683485001325,0.01401345939375456,0.09255729417782273
Willow Springs Apartments,1,29,0.06005458332445661,0.15570645412863707,0.02613137679672314,0.34792912636726997,0.25658305199688364,0.05926440646550775,0.09433100530315701
"Wilson Wu, MD, PHD",1,9,0.05083369448160127,0.10532674188208244,0.07238795658728724,0.12801700104804084,0.51893643124236,0.068307367619127,0.05619077715608805
Winchell's Donuts,1,21,0.06653778818768578,0.08192341775256426,0.005822354351125967,0.33581572311786223,0.2995057207798319,0.11401709295543172,0.09637790407231517
Winchester 76 & Market,1,6,0.055018142913468134,0.08588388717422879,0.00285521342205655,0.18406800440667817,0.43762056964139145,0.03931838892943533,0.19523575475128985
Winchester Canyon Gun Club,1,9,0.04162793870394424,0.07343174782322923,0.1013408837671805,0.4068146304537852,0.3227251107907957,0.03340325150121412,0.0206564362160861
Wine & Food Experience - Santa Barbara,1,6,0.006477770511992234,0.006645805260632166,0.0015335657032361334,0.7920720676581064,0.15926073926190532,0.0034453042123155832,0.030564736574888184
Wine & Horse Tours,1,7,0.02563418684128133,0.12839564112281157,0.06761851673114244,0.6082008861870106,0.06465869942413904,0.025287613438974486,0.08020445388475696
Wine + Beer,1,40,0.009081796955433626,0.02388298733858387,0.00188129152375035,0.5619853271637112,0.2730676256061997,0.04205649040522981,0.08804449428571384
Wine Canyon Tours,1,155,0.013358266939288857,0.007819485015446092,0.00900006626766441,0.6163640864666612,0.2032354554521941,0.02271861102537157,0.12750403774721963
Wine Cask,1,327,0.017730703933587368,0.07090710019333205,0.010410751908597778,0.5106956826607321,0.23465663387044258,0.048664868613477144,0.10693426090876484
Wine Edventures,1,166,0.012773077400241289,0.019575681082949173,0.0058490186856066054,0.6691901662824563,0.17578952991493402,0.014162348285990618,0.10266018186202157
Wine Spa Santa Barbara,1,12,0.20316224056296048,0.12441164256112335,0.022236059174853478,0.2860071550336821,0.1249729360764225,0.09651733346981924,0.1426926087782097
Wine Tasting Designated Drivers of Santa Barbara,1,85,0.01760601600330756,0.031048504070050085,0.03969496690757184,0.5148051698692143,0.2729720309541067,0.014584340308518927,0.10928896781029723
Wing's Restaurant,1,37,0.009747679540384017,0.17779446633633322,0.0033336002654961836,0.27802902323782214,0.36012298781802327,0.05821079651296538,0.11276146517028222
Wingman Rodeo - Milpas Street,1,153,0.02500540637593785,0.06900082978387997,0.013092336627796207,0.3566396376137086,0.2967241384435956,0.07760798269076256,0.161929665515321
Wingman Rodeo - Montecito Street,1,44,0.020795560243475963,0.09446613780826073,0.0027807997929894866,0.4202766325324774,0.30429834507892584,0.040099593374179614,0.11728291733677243
Wingstop,1,42,0.014059509436178544,0.08491743208530045,0.005021348292107769,0.33208813452039887,0.26749737697121284,0.14740793204899608,0.14900826280825724
Wok On the Wild Side,1,105,0.06899186533188355,0.4218505060300231,0.029701019689119153,0.093230887956313,0.251029991725504,0.045319844079425596,0.08987587623941219
Wolf's Head,2,101,0.04229050116684966,0.04893848967178269,0.016036035535375234,0.38830764922613076,0.34480259727253254,0.05535742435327699,0.1042672928911403
Wolfe & Associates Property Services,1,63,0.16952220524387757,0.3030306523266647,0.11331418098416175,0.07285654745785337,0.17119308388126744,0.05794339319081263,0.11213994145925552
Wonder,1,7,0.006683640115495186,0.0033867319081244142,0.05042068788316097,0.43781239106985076,0.1188644446166498,0.1399383717881781,0.24289370062095775
Woodstock's Pizza Isla Vista,1,496,0.025438272639392683,0.09434242660468187,0.011873059227347656,0.3899103491092378,0.3002069315407425,0.05611557017583696,0.12211339335889558
Woody's BBQ,1,295,0.02094776667319076,0.3113902731377323,0.013492600401958117,0.24889525904683232,0.2576370788927553,0.06834988102900902,0.07928714746258106
Woody's Detail,1,24,0.07951637665003845,0.06363918270896339,0.07591453791974341,0.20609836742611753,0.3623116664433231,0.056876967146915036,0.1556429039337672
Woody's Roundup Bar & Grill,1,6,0.01840851906066135,0.17913985729683188,0.011311819747788783,0.1938551759230904,0.31467857491225,0.13872122679216162,0.14388481783680612
Woolfolk's Refinishing,1,6,0.008631917919653084,0.0458123385906219,0.1454867659485899,0.3744556449819356,0.21052953476707137,0.16669100914926574,0.048392786333958264
Workzones,1,17,0.00801474655814026,0.008917700037058829,0.06016288165119471,0.5616490506320534,0.30883522127645413,0.014857285094502171,0.037563123678624154
World Market,1,58,0.03288901591440658,0.03063120263636685,0.00571445744245806,0.4043673692062369,0.2984683229909118,0.09252959287299867,0.13540003737755885
World Oil,2,21,0.1200355725762035,0.14825149005766777,0.010934487833375334,0.16570416536359558,0.33728255843743676,0.06436672544528149,0.15342500803637357
Wright & Feusier Orthodontics,1,20,0.0098782552289776,0.00756820486276405,0.05155041848192917,0.6007312449393793,0.14916592444642443,0.01021128506690724,0.17089466653414997
XO Burger,1,5,0.007034077728167121,0.08052000589668748,0.0021833379985764,0.13647236488759512,0.6563795924186706,0.03017461197450752,0.08723600134253498
Xanadu Bakery,1,41,0.07007784009683964,0.210968280824401,0.02762832441054871,0.22229233200281354,0.22494225812757884,0.05216694599097,0.1919240296034642
Xo Coffee & Tea Bar,1,55,0.023081099639900654,0.04896975018359208,0.029642891446234276,0.5200373990630561,0.2730592104690996,0.04717253304340617,0.05803711493076245
Yaasa,1,5,0.012038261862471662,0.00828674496151504,0.12619762558024375,0.48994347276166084,0.3068761959671974,0.03082449864596124,0.025833222456276377
Yankee Noodle,1,105,0.015533442501466493,0.13822023373851103,0.004422458862730555,0.3931161049598207,0.280854620651475,0.06600569547264876,0.101847444706419
Yanni's Greek & American Deli,1,59,0.029067094836352444,0.06114101261334585,0.03998136020885081,0.4378612922480867,0.26951206908798064,0.048341488447908455,0.11409568704538421
Yardi Systems,1,6,0.26214400449922926,0.22849932918325067,0.12117562163621182,0.01917768100975075,0.18962224945425984,0.07115558550382649,0.1082255396759137
Yasa Yoga,1,75,0.03415597791705897,0.027410163701667087,0.02354826266023636,0.6267036200128495,0.14002423756755883,0.03996406242406611,0.10819367980584498
Ye Olde Butcher Shop,1,22,0.04513982489218254,0.374728269144808,0.05668663328767495,0.06134147642032155,0.18137404199858953,0.18593050536318592,0.09479924254595637
Yellow Belly,1,353,0.017402650248562662,0.07176752404340146,0.0033259620897770864,0.5968486302816368,0.20079964966310063,0.03215030252256771,0.07770527970301717
YellowBird Music,1,13,0.020838985783764346,0.013106591068208153,0.11787184667907867,0.6214845484265914,0.14884401818450826,0.009898571145290885,0.06795542812548003
Yellowstone Clothing Inc,1,23,0.04384769734663317,0.03361620082590806,0.024662464812812965,0.38137063063154725,0.2332272192098848,0.029366263274467782,0.2539094973699716
Yen Ching Restaurant,1,47,0.0423040141430782,0.2437127403855482,0.015091242235243031,0.25982244220869416,0.22792228622401645,0.06868187600667484,0.14246540264464277
Yes I Do!,1,40,0.012162969974451664,0.006199583243869667,0.008329205778136329,0.5726904624607414,0.27227644961094477,0.007757799426326475,0.12058352676685895
YoYumYum Frozen Yogurt,2,64,0.012783056727130267,0.15521701908437532,0.004122018651059941,0.3657878280605473,0.284271710574103,0.06240138419343561,0.11541697551547254
Yoga Soup,1,78,0.00906978088329565,0.05574343128813402,0.033488798885604694,0.5268510401559373,0.2216428413461798,0.042176241449152,0.11102786307963419
Yoga105°,1,32,0.028462433194363205,0.1392326442910416,0.03777051433007722,0.45411219721245283,0.27949970182089595,0.012691031624854016,0.048231494198262184
Yogurtland Goleta,1,58,0.028299455433594137,0.10822441876998391,0.022869555228429896,0.43941052264939384,0.2726726922656184,0.04671361484436378,0.08180974607941979
Yogurtland Santa Barbara,1,125,0.01960742075322191,0.0774940146040171,0.003555007745162536,0.35969903313182294,0.33405270045250657,0.05623121097404505,0.14936061850376423
Yoichi's,1,193,0.01421954405525395,0.04218064056174979,0.008967018087570618,0.4320722308897756,0.29283661930218646,0.03603572739285793,0.1736882229409798
Yona Redz,1,124,0.020144968694958396,0.08424150519919833,0.006415774634778222,0.4335847254145436,0.28617623897134176,0.03809061175824379,0.13134617967232534
Yoshinoya,1,9,0.008831795460234056,0.14741673211877543,0.002526776380060811,0.18933208100497717,0.49680095062487656,0.07961251291756824,0.07547916496534725
Yost Appliance,1,29,0.0372977226667491,0.04743313579017228,0.016428598341259034,0.19337233965654438,0.489735524523361,0.057362583441788226,0.1583700889464596
Young America's Foundation - Reagan Ranch Center,1,21,0.056892401159053536,0.060418190642459534,0.030670929686277167,0.4138896786053443,0.3562540303516601,0.006784455861807529,0.07509031091328883
Your CBD Store,1,12,0.0061323570941264,0.02091522151022213,0.2020374952019968,0.560672826502317,0.16219510712350407,0.015299893857445518,0.03274707515568778
Your Choice,1,355,0.021077799925606804,0.09292203333494446,0.006289878661144135,0.4714216641013504,0.2945934446003865,0.029975487232129498,0.08371969319627498
Your Handyman,1,33,0.06713893792987091,0.06810761899969564,0.004267777582616355,0.2499967616608818,0.42741927973022964,0.040984464579995564,0.1420851685106754
Your Pals Pet Hospital,1,50,0.08482724573928857,0.09845041943830432,0.0440225570526672,0.2653865592810325,0.31642372204922137,0.08020642510615286,0.11068306542001662
Your Place Thai Restaurant,1,440,0.021745689572179008,0.14692467273654816,0.015666712101532986,0.4339163453500078,0.24816311809699979,0.041693833432509514,0.09188962494914775
Your Stellar Life,1,11,0.004881163037763009,0.011250763332513545,0.0053054858210749905,0.6463571868159554,0.20013923479498105,0.010848843820647045,0.12121731470423662
Yudith Salon,1,15,0.02034465353935954,0.09593617937061932,0.012034043778354875,0.5275082837246979,0.1596702489381035,0.04219762442323063,0.1423089652632673
Yume Sushi Japanese Restaurant,1,402,0.014051824415146573,0.08671841728086904,0.008308841507772946,0.48391463097349385,0.2700799957858352,0.0425568324379363,0.09436945932678671
Yuppy Puppy,1,5,0.00670236181467764,0.00503874835558234,0.16729557112557808,0.6274580799043179,0.1587055645883083,0.01689286716282364,0.017906797677278458
Z's - Taphouse & Grill,1,41,0.016535401443678203,0.08380664582932136,0.016769589491404273,0.38642481925383365,0.30701552983373404,0.03482292203243998,0.1546250971647479
Zaffiro,1,6,0.007499744455950918,0.29713083632911247,0.02445360075216735,0.0950960739816461,0.3372139763087034,0.19674839634293065,0.04185741396698475
Zak Dental - Santa Barbara,1,122,0.10992616774623094,0.17071453452999624,0.10181225911970819,0.28185071661585526,0.1824070602888241,0.0635783171651457,0.08971093355422285
Zaytoon,1,1185,0.01958157253969369,0.06695475353353911,0.007673963975593034,0.5866553822777898,0.2038571261675077,0.028975548521656777,0.08630165316917013
ZeeBlu,1,10,0.11383766554063182,0.2117892852867953,0.033928050159011,0.3151537430880126,0.12443395983427759,0.08588234859053041,0.11497493786737319
Zen Diva Spa,1,10,0.0119579308200627,0.0121632060501724,0.0274410769459791,0.47574868593364955,0.3597118385136127,0.03564160796813664,0.07733565452508624
Zen Massage Place,1,155,0.021464408395226033,0.07232104031624448,0.01679937138406164,0.4686859047417754,0.24672601260845695,0.047987985063434324,0.12601528226157585
Zen Yai Thai Cuisine,1,349,0.01651003270494723,0.0952814242858933,0.011750609521765045,0.4570042395281784,0.29181995742786193,0.048183473800762606,0.0794502659999354
ZenSpa,1,26,0.03625739561259528,0.05631464115755914,0.004410393209232396,0.5400406914190031,0.2260352628341374,0.04260614710465929,0.09433548210206652
Zia Group,1,60,0.01683347634971137,0.01623621663020454,0.04675213498121589,0.3708679408746926,0.44047641029270984,0.017828650921971185,0.09100517553936997
Zip Kleen Dry Cleaners,1,32,0.02978414635435906,0.05822724456811551,0.003156139433485753,0.37322930160371465,0.3567065773822833,0.038169160045072155,0.1407274488956318
Zizzo's Brew Pub,1,36,0.039332955480656635,0.029346765416751883,0.003634253820766536,0.45024202031264493,0.2916475285051597,0.030985589174734793,0.15481088468287552
Zizzo's Coffeehouse,1,167,0.0270054671243474,0.10480745369115349,0.012226152765490678,0.37782530417048205,0.2718965018246166,0.0703953071574061,0.13584381312586385
Zodo's Bowlero Bowling & Beyond,1,293,0.040860249502973664,0.12862489376306122,0.01642033917770387,0.47990525445736765,0.17508094282439388,0.04375321226498051,0.11535510623671821
Zookers Cafe,1,329,0.012160314159789062,0.06289178032323992,0.004582286886230351,0.5768481152790572,0.22379032108015562,0.020266321272940233,0.09946086241348463
Zoë E Designs Face Painting & Henna,1,28,0.010992920893061461,0.008361321302280457,0.002593903842872693,0.5067895445972681,0.2312151737610942,0.005016933756581061,0.23503019668195127
Zugan Health Urgent Care,1,77,0.056711840644394086,0.10595015801456087,0.07632194610249077,0.3009996937705784,0.29105139719685175,0.07550649277642123,0.09345845799203717
Zumiez,1,8,0.025879773893393524,0.10602009233843998,0.003994597987912075,0.49424916694988497,0.16264876816421742,0.015204778203042163,0.1920028263702988
Zuzu Candies,1,5,0.00411195382475848,0.0035132282180711204,0.0014061420457437,0.7653231918811798,0.09085151888430114,0.00473024095408614,0.1300637364387512
ampm,1,11,0.28376309611749917,0.35681926603005687,0.015139978103847611,0.0034762476835484,0.19494913010434667,0.11477481349456035,0.031077505089342542
barre3 - Santa Barbara,1,23,0.016669077424170488,0.029434259330509582,0.06542288265747782,0.5559647289388205,0.2097207123170728,0.008929176124460618,0.11385916056030466
bebe,1,5,0.029922138061374358,0.014750154572538981,0.0018080321373417398,0.6294692516326904,0.12657492421567434,0.00736348936334248,0.1901120462454855
brewLAB,1,51,0.019598344262168856,0.03535633085537514,0.01213463060455118,0.5305263452852765,0.29903976275932553,0.027526557230956664,0.07581801707034598
duo events,1,12,0.0499688481019499,0.0089563872121895,0.011720114314812182,0.5358334040890137,0.14345482674737767,0.011477270241205833,0.23858914019850389
ella & louie flowers,1,104,0.011280841319463528,0.005175433623662637,0.026444415284948636,0.5491946762239632,0.1883624071264281,0.020507200664724175,0.19903502590918482
goa taco,1,235,0.01847864419068304,0.07687980878672142,0.011058311060472203,0.43180212701009485,0.26393861215105874,0.03916301591014683,0.15867948294270465
i-Caramba Mobile Smartphone and Tablet Repair,1,35,0.04538841022710711,0.05872596078552302,0.05658469021187292,0.2562591461065624,0.3104451667517424,0.05843470722569946,0.21416191269776647
iD Works,1,10,0.03989666738780211,0.01150769760133695,0.00252487304387609,0.6235169949010014,0.13640241622924804,0.006033628561999601,0.18011773400939998
iGeeks iPhone Repair,2,192,0.037330718626738674,0.02431407071950763,0.025128838093223704,0.2853260943090087,0.3185076623170365,0.056700471173826324,0.25269214204066276
iGrill Korean BBQ,2,111,0.03590242306886421,0.1648634226844847,0.02521934703179643,0.2951217130099755,0.2698365554826015,0.048121062945364716,0.16093547337506015
iPhone Repair Santa Barbara,1,13,0.029811526397959493,0.019414193552130646,0.011071396530426707,0.20910476320960483,0.46449662659030694,0.030437180270942315,0.23566430506224811
iPower Resale Group,1,23,0.033820605037086,0.010992420574083226,0.005793583456619148,0.3187639780605778,0.33199780150924035,0.13127272857515057,0.16735886507060213
iProtech - Santa Barbara Professional iPhone Repair,1,96,0.05984071927377949,0.02103138754803993,0.01467313067526746,0.24681906612022428,0.34292719324002974,0.05051404233745411,0.2641944660329803
iSurf,1,49,0.023218648249226363,0.00555008287394262,0.03184877264275383,0.6053320709117023,0.18390838581384442,0.02644994430367507,0.1236920985630808
il Fustino,1,28,0.037889929563139656,0.03325203324701367,0.0022474610076252217,0.4568048125157865,0.29448823865303503,0.06026677857984652,0.11505074215321133
il fustino,1,5,0.00573321273550386,0.008100389549508641,0.00097702105995262,0.6818148493766785,0.2524329248815775,0.00477564551401878,0.04616589415818448
lululemon Athletica,1,49,0.02782618056279507,0.09667452465153618,0.03292318545780804,0.27519716374808917,0.3164739474673204,0.09736337277287499,0.1535416212246506
lululemon athletica,1,25,0.07574094132054593,0.11200644472148263,0.004258897135732644,0.36246845509856934,0.27430279605090613,0.05462932213209565,0.11659316007047887
simply cocktails,1,5,0.014055189304053719,0.0061841467162593805,0.00203801391180598,0.4525489374995232,0.25403857007622715,0.0037523387465625397,0.2673828110098838
​Silent Stay Meditation & Retreat Center,1,35,0.009867507691628117,0.01324712204680374,0.03866848906701692,0.6483282208043549,0.12635368039565423,0.012273781886324251,0.1512611870920019
​​Transformational Abdominal Massage by Jada Delaney,1,11,0.026109545862048146,0.022185973018746436,0.041681192889386216,0.32156176238574763,0.30536321550607676,0.038347093981098,0.2447512098588049
